clusterId,state,clusterName,zone,pincode,placeName
446,Andaman And nicobar islands,744,Nicobar,744302,Shabnamnagar
446,Andaman And nicobar islands,744,Nicobar,744301,Sawai
446,Andaman And nicobar islands,744,Nicobar,744303,Trinket
446,Andaman And nicobar islands,744,Nicobar,744304,Nehrugram
447,Andaman And nicobar islands,744,North And middle andaman,744202,Swarajgram
447,Andaman And nicobar islands,744,North And middle andaman,744208,Bakultala
447,Andaman And nicobar islands,744,North And middle andaman,744201,Swdeshnagar
447,Andaman And nicobar islands,744,North And middle andaman,744209,Uttara
447,Andaman And nicobar islands,744,North And middle andaman,744210,Sankarnalla
447,Andaman And nicobar islands,744,North And middle andaman,744205,Sabari
447,Andaman And nicobar islands,744,North And middle andaman,744203,Long Island
447,Andaman And nicobar islands,744,North And middle andaman,744204,Weby
448,Andaman And nicobar islands,744,South Andaman,744104,Sitapur
448,Andaman And nicobar islands,744,South Andaman,744107,Stewertgunj
448,Andaman And nicobar islands,744,South Andaman,744108,Beachdera
448,Andaman And nicobar islands,744,South Andaman,744105,Sippighat
448,Andaman And nicobar islands,744,South Andaman,744103,Wandoor
448,Andaman And nicobar islands,744,South Andaman,744206,Wimberlygunj
448,Andaman And nicobar islands,744,South Andaman,744102,Haddo
448,Andaman And nicobar islands,744,South Andaman,744211,Strait  island
448,Andaman And nicobar islands,744,South Andaman,744109,Herbertabad
448,Andaman And nicobar islands,744,South Andaman,744110,Humferygunj
448,Andaman And nicobar islands,744,South Andaman,744207,Vivekandapur
448,Andaman And nicobar islands,744,South Andaman,744101,Port Blair
448,Andaman And nicobar islands,744,South Andaman,744111,Rubber Research station
448,Andaman And nicobar islands,744,South Andaman,744106,Shadipur
449,Arunachal Pradesh,786,Tirap,786630,Vally View
449,Arunachal Pradesh,786,Tirap,786629,Soha
449,Arunachal Pradesh,786,Tirap,786631,Wakka
450,Arunachal Pradesh,790,East Kameng,790102,Veo
450,Arunachal Pradesh,790,East Kameng,790103,Seijosa
451,Arunachal Pradesh,790,Tawang,790104,Temple Gompa
451,Arunachal Pradesh,790,Tawang,790106,Zimithang
451,Arunachal Pradesh,790,Tawang,790105,Thingbu
452,Arunachal Pradesh,790,West Kameng,790002,Tenzingaon
452,Arunachal Pradesh,790,West Kameng,790114,Tippi
452,Arunachal Pradesh,790,West Kameng,790001,Salari
452,Arunachal Pradesh,790,West Kameng,790116,Tenga Market
452,Arunachal Pradesh,790,West Kameng,790101,Senge
452,Arunachal Pradesh,790,West Kameng,790003,Shergaon
453,Arunachal Pradesh,791,East Siang,791102,Yagrung
453,Arunachal Pradesh,791,East Siang,791104,Sirem
453,Arunachal Pradesh,791,East Siang,791103,Hill Top
454,Arunachal Pradesh,791,Kurung Kumey,791118,Tali
455,Arunachal Pradesh,791,Lower Subansiri,791120,Ziro
455,Arunachal Pradesh,791,Lower Subansiri,791113,Chimpu
455,Arunachal Pradesh,791,Lower Subansiri,791119,Yazali
456,Arunachal Pradesh,791,Papum Pare,791111,Itanagar
456,Arunachal Pradesh,791,Papum Pare,791112,Saglee
456,Arunachal Pradesh,791,Papum Pare,791123,Sonajuli
456,Arunachal Pradesh,791,Papum Pare,791113,Vivek Vihar
456,Arunachal Pradesh,791,Papum Pare,791121,Kimin
456,Arunachal Pradesh,791,Papum Pare,791110,Yupia
456,Arunachal Pradesh,791,Papum Pare,791109,Nirjuli
457,Arunachal Pradesh,791,Upper Siang,791002,Yingkiong
458,Arunachal Pradesh,791,Upper Subansiri,791122,Taliha
459,Arunachal Pradesh,791,West Siang,791001,Yomcha
459,Arunachal Pradesh,791,West Siang,791101,Tirbin
459,Arunachal Pradesh,791,West Siang,791125,Likabali
460,Arunachal Pradesh,792,Changlang,792056,Vijoypur
460,Arunachal Pradesh,792,Changlang,792120,Yangkang
460,Arunachal Pradesh,792,Changlang,792122,Namphai
460,Arunachal Pradesh,792,Changlang,792055,Vijoynagar
460,Arunachal Pradesh,792,Changlang,792121,Manmao
461,Arunachal Pradesh,792,Dibang Valley,792101,Anini
462,Arunachal Pradesh,792,Lohit,792102,Wakro
462,Arunachal Pradesh,792,Lohit,792001,Tindolong
462,Arunachal Pradesh,792,Lohit,792103,Wingko
462,Arunachal Pradesh,792,Lohit,792051,Podumani
462,Arunachal Pradesh,792,Lohit,792111,Yealing
463,Arunachal Pradesh,792,Lower Dibang valley,792110,Santipur
464,Arunachal Pradesh,792,Tirap,792123,Nampong
465,Arunachal Pradesh,792,Upper Siang,792061,Tuting
466,Arunachal Pradesh,792,West Siang,792051,Mechuka
467,Assam,781,Barpeta,781329,Tuplaipanbari
467,Assam,781,Barpeta,781316,Sukmanah
467,Assam,781,Barpeta,781325,Raypur
467,Assam,781,Barpeta,781317,Suliakata
467,Assam,781,Barpeta,781307,Sarthebari
467,Assam,781,Barpeta,781327,Jalahghat
467,Assam,781,Barpeta,781308,Sitoli
467,Assam,781,Barpeta,781328,Kathalmurighat
467,Assam,781,Barpeta,781330,Lowkata
467,Assam,781,Barpeta,781309,Raoli
467,Assam,781,Barpeta,781302,Nizbahari
467,Assam,781,Barpeta,781313,Simlaguri
467,Assam,781,Barpeta,781319,Saupur
467,Assam,781,Barpeta,781326,Patacharkuchi
467,Assam,781,Barpeta,781314,Sundaridia
467,Assam,781,Barpeta,781315,Nimua
467,Assam,781,Barpeta,781301,Thakurbazar
467,Assam,781,Barpeta,781305,Senimari
467,Assam,781,Barpeta,781352,Sarutapa
467,Assam,781,Barpeta,781321,Tarakansdi
468,Assam,781,Kamrup,781128,Palashbari
468,Assam,781,Kamrup,781137,Tukrapara
468,Assam,781,Kamrup,781102,Uzankuri
468,Assam,781,Kamrup,781127,Tupamari
468,Assam,781,Kamrup,781025,Dhirenpara
468,Assam,781,Kamrup,781023,Amerigog
468,Assam,781,Kamrup,781026,Panikhaiti
468,Assam,781,Kamrup,781031,Collegenagar
468,Assam,781,Kamrup,781130,Amranga
468,Assam,781,Kamrup,781027,Satgaon
468,Assam,781,Kamrup,781134,Kukurmara
468,Assam,781,Kamrup,781003,Silpukhuri
468,Assam,781,Kamrup,781006,Assam Sachivalaya
468,Assam,781,Kamrup,781017,Bhattaparagaral
468,Assam,781,Kamrup,781366,Silkijhar
468,Assam,781,Kamrup,781380,Puthimari
468,Assam,781,Kamrup,781381,Sutargaon
468,Assam,781,Kamrup,781124,Ukiam
468,Assam,781,Kamrup,781350,Balisatra
468,Assam,781,Kamrup,781103,Srihati
468,Assam,781,Kamrup,781141,Santipur
468,Assam,781,Kamrup,781021,Bamunimaidan
468,Assam,781,Kamrup,781364,Tengajhar
468,Assam,781,Kamrup,781354,Udiana
468,Assam,781,Kamrup,781101,Pubborka
468,Assam,781,Kamrup,781030,Rongmahal
468,Assam,781,Kamrup,781382,Soneswar
468,Assam,781,Kamrup,781104,Tetelia
468,Assam,781,Kamrup,781133,Singra Rajapara
468,Assam,781,Kamrup,781121,Saledal
468,Assam,781,Kamrup,781136,Pachim Samaria
468,Assam,781,Kamrup,781029,Basistha
468,Assam,781,Kamrup,781112,Uparhali
468,Assam,781,Kamrup,781028,Beltola
468,Assam,781,Kamrup,781132,Satpakhali
468,Assam,781,Kamrup,781123,Paneri
468,Assam,781,Kamrup,781009,Kumarpara
468,Assam,781,Kamrup,781365,Tinali
468,Assam,781,Kamrup,781018,Binovanagar
468,Assam,781,Kamrup,781015,Guwahati Airport
468,Assam,781,Kamrup,781120,Rajapara
468,Assam,781,Kamrup,781150,Chandrapur Mills
468,Assam,781,Kamrup,781376,Tulsibari
468,Assam,781,Kamrup,781011,Mlg Rly hqs
468,Assam,781,Kamrup,781012,Sadilapur
468,Assam,781,Kamrup,781125,Sikarhati
468,Assam,781,Kamrup,781005,Japorigog
468,Assam,781,Kamrup,781001,Uzanbazar
468,Assam,781,Kamrup,781035,Garchuk
468,Assam,781,Kamrup,781016,Gopinathnagar
468,Assam,781,Kamrup,781014,Guwahati University
468,Assam,781,Kamrup,781129,Samuka
468,Assam,781,Kamrup,781038,Hatigaon Chariali
468,Assam,781,Kamrup,781036,Hengrabari
468,Assam,781,Kamrup,781039,I I t
468,Assam,781,Kamrup,781032,Rupnagar
468,Assam,781,Kamrup,781013,Jalukbari
468,Assam,781,Kamrup,781019,Kahilipara
468,Assam,781,Kamrup,781010,Kamakhya
468,Assam,781,Kamrup,781022,Khanapara
468,Assam,781,Kamrup,781004,Kharguli
468,Assam,781,Kamrup,781007,Ulubari
468,Assam,781,Kamrup,781020,Noonmati
468,Assam,781,Kamrup,781034,Saukuchi
468,Assam,781,Kamrup,781008,Rehabari
468,Assam,781,Kamrup,781037,Panjabari
468,Assam,781,Kamrup,781171,Udayan Vihar
468,Assam,781,Kamrup,781131,Rani
468,Assam,781,Kamrup,781024,Zoo Road
469,Assam,781,Nalbari,781126,Mukalmua
469,Assam,781,Nalbari,781372,Uttarkuchi
469,Assam,781,Nalbari,781373,Jalagaon
469,Assam,781,Nalbari,781369,Nankarbhaira
469,Assam,781,Nalbari,781306,Rupia Bathan
469,Assam,781,Nalbari,781367,Zarkona
469,Assam,781,Nalbari,781348,Pubkalakuchi
469,Assam,781,Nalbari,781344,Nayabasti
469,Assam,781,Nalbari,781360,Patkijuli
469,Assam,781,Nalbari,781347,Kamarkuchi
469,Assam,781,Nalbari,781334,Terechia
469,Assam,781,Nalbari,781339,Ulabari
469,Assam,781,Nalbari,781355,Sathimuka
469,Assam,781,Nalbari,781377,Thamna
469,Assam,781,Nalbari,781310,Khakrisal
469,Assam,781,Nalbari,781368,Trbitola
469,Assam,781,Nalbari,781340,Suradi
469,Assam,781,Nalbari,781378,Haribhanga
469,Assam,781,Nalbari,781341,Kendukuchi
469,Assam,781,Nalbari,781349,Uttarbarsiral
469,Assam,781,Nalbari,781312,Satala
469,Assam,781,Nalbari,781303,Panigaon
469,Assam,781,Nalbari,781346,Murmela
469,Assam,781,Nalbari,781351,Kalag
469,Assam,781,Nalbari,781350,Sauramari
469,Assam,781,Nalbari,781333,Thanguri
469,Assam,781,Nalbari,781337,Sondha
469,Assam,781,Nalbari,781304,Kakaya
469,Assam,781,Nalbari,781138,Pachim Kajia gaon
469,Assam,781,Nalbari,781371,Tihu
469,Assam,781,Nalbari,781335,Nalbari
469,Assam,781,Nalbari,781338,Solmara
469,Assam,781,Nalbari,781370,Kharsitha
469,Assam,781,Nalbari,781353,Sandheli
469,Assam,781,Nalbari,781374,Makhibaha
470,Assam,782,Kamrup,782402,Tepesia
470,Assam,782,Kamrup,782403,Topatali
470,Assam,782,Kamrup,782401,Panbari
471,Assam,782,Karbi Anglong,782410,Umswar
471,Assam,782,Karbi Anglong,782461,Rongplimplam
471,Assam,782,Karbi Anglong,782481,Uttar Borbil
471,Assam,782,Karbi Anglong,782440,Sangsiga Bazar
471,Assam,782,Karbi Anglong,782450,Tikahill
471,Assam,782,Karbi Anglong,782139,Barjuri
471,Assam,782,Karbi Anglong,782462,Rongkhelon
471,Assam,782,Karbi Anglong,782441,Wirwar
471,Assam,782,Karbi Anglong,782482,Udali No 1
471,Assam,782,Karbi Anglong,782470,Tengelijan
471,Assam,782,Karbi Anglong,782425,Bargaon
471,Assam,782,Karbi Anglong,782447,Taralangso No 1
471,Assam,782,Karbi Anglong,782490,Vitorkaliani
471,Assam,782,Karbi Anglong,782480,Sarihajan
471,Assam,782,Karbi Anglong,782485,Tumpreng
471,Assam,782,Karbi Anglong,782475,Chakihola
471,Assam,782,Karbi Anglong,782460,Diphu
471,Assam,782,Karbi Anglong,782486,Umcherra
471,Assam,782,Karbi Anglong,782136,Kathterongaon
471,Assam,782,Karbi Anglong,782446,Watijor
471,Assam,782,Karbi Anglong,782435,Menmeji
472,Assam,782,Marigaon,782412,Silchung
472,Assam,782,Marigaon,782103,Ramjanati
472,Assam,782,Marigaon,782410,Patsari
472,Assam,782,Marigaon,782105,Udari
472,Assam,782,Marigaon,782001,Toptola
472,Assam,782,Marigaon,782127,Tengaguri
472,Assam,782,Marigaon,782411,Raja Mayang
472,Assam,782,Marigaon,782104,Tokonabori
472,Assam,782,Marigaon,782126,Salkati Pathar
472,Assam,782,Marigaon,782413,Kagajnagar
472,Assam,782,Marigaon,782108,Mikirbheta
473,Assam,782,Nagaon,782002,Solmari
473,Assam,782,Nagaon,782123,Tuktuki
473,Assam,782,Nagaon,782124,Uttar Khatowal
473,Assam,782,Nagaon,782120,Lailuri
473,Assam,782,Nagaon,782445,Nilbagan
473,Assam,782,Nagaon,782136,Seconee Borhola
473,Assam,782,Nagaon,782122,Patiachapari
473,Assam,782,Nagaon,782003,Uriagaon
473,Assam,782,Nagaon,782138,Missa
473,Assam,782,Nagaon,782425,Salmora
473,Assam,782,Nagaon,782435,Telibasti
473,Assam,782,Nagaon,782446,Udalani Bazar
473,Assam,782,Nagaon,782442,Sankardev Nagar
473,Assam,782,Nagaon,782103,Saragaon
473,Assam,782,Nagaon,782140,Udmari
473,Assam,782,Nagaon,782144,Borkola
473,Assam,782,Nagaon,782102,Potani Gomothagaon
473,Assam,782,Nagaon,782141,Teliagaon
473,Assam,782,Nagaon,782428,Jungl Block
473,Assam,782,Nagaon,782107,Barapujia
473,Assam,782,Nagaon,782142,Majgaon
473,Assam,782,Nagaon,782125,Teliachapari
473,Assam,782,Nagaon,782439,Samarail
473,Assam,782,Nagaon,782427,Rengbeng
473,Assam,782,Nagaon,782001,Nagaon Girls  college
473,Assam,782,Nagaon,782101,Tulashimukh
473,Assam,782,Nagaon,782143,Sonarigaon
473,Assam,782,Nagaon,782440,Modertoli
473,Assam,782,Nagaon,782135,Parkup Pahar
473,Assam,782,Nagaon,782426,Tetelisara
473,Assam,782,Nagaon,782481,Debasthan Bazar
473,Assam,782,Nagaon,782460,Uttar Petboha
473,Assam,782,Nagaon,782429,Sibpur
473,Assam,782,Nagaon,782137,Pubthoria
473,Assam,782,Nagaon,782447,Pub Lumding bazar
473,Assam,782,Nagaon,782139,Sarishabari
473,Assam,782,Nagaon,782410,Ulukunchi
474,Assam,783,Bongaigaon,783388,Majharalga
474,Assam,783,Bongaigaon,783384,Topgaon
474,Assam,783,Bongaigaon,783392,Salabila Bazar
474,Assam,783,Bongaigaon,783391,Sonaikhola
474,Assam,783,Bongaigaon,783393,Silbari Abdaipara
474,Assam,783,Bongaigaon,783390,Silkhaguri
474,Assam,783,Bongaigaon,783386,B.S.gram
474,Assam,783,Bongaigaon,783382,Pachania
474,Assam,783,Bongaigaon,783380,Popragaon
474,Assam,783,Bongaigaon,783394,Tukrijhora
474,Assam,783,Bongaigaon,783383,Salmara North
474,Assam,783,Bongaigaon,783389,Kayetpara
474,Assam,783,Bongaigaon,783373,Sidli
474,Assam,783,Bongaigaon,783385,Kajalgaon
474,Assam,783,Bongaigaon,783134,Melopara
474,Assam,783,Bongaigaon,783381,Simlaguri
475,Assam,783,Dhubri,783335,South Jhapsabari
475,Assam,783,Dhubri,783330,Simlabari
475,Assam,783,Dhubri,783323,Dhubri Balurchar
475,Assam,783,Dhubri,783339,Rangamati
475,Assam,783,Dhubri,783331,Tiamari
475,Assam,783,Dhubri,783349,Piazbari Makrijhora
475,Assam,783,Dhubri,783334,Tokrerchara
475,Assam,783,Dhubri,783348,Tilapara
475,Assam,783,Dhubri,783131,Radhamadhabhat
475,Assam,783,Dhubri,783337,Tipkai
475,Assam,783,Dhubri,783127,Tumni
475,Assam,783,Dhubri,783324,Tistarpar
475,Assam,783,Dhubri,783371,Raijhora Bahalpur
475,Assam,783,Dhubri,783135,Purandiara
475,Assam,783,Dhubri,783301,Dhubri Bazar
475,Assam,783,Dhubri,783325,Majerchar
475,Assam,783,Dhubri,783128,Sukchar
475,Assam,783,Dhubri,783351,Lakhiganj Bazar
475,Assam,783,Dhubri,783338,Satrasal
475,Assam,783,Dhubri,783383,Sidalsati
476,Assam,783,Goalpara,783120,Tisimpur
476,Assam,783,Goalpara,783123,Salpara
476,Assam,783,Goalpara,783129,Takimari
476,Assam,783,Goalpara,783124,Upartala
476,Assam,783,Goalpara,783130,Tiplai
476,Assam,783,Goalpara,783125,Sutarpara
476,Assam,783,Goalpara,783121,Baladmari
476,Assam,783,Goalpara,783101,Simlabari
476,Assam,783,Goalpara,783126,Zira
476,Assam,783,Goalpara,783122,Nishangram
476,Assam,783,Goalpara,783134,Sesapani
476,Assam,783,Goalpara,783132,Tulsibari
476,Assam,783,Goalpara,783133,Rajapara
477,Assam,783,Kokrajhar,783346,Shyamthaibari
477,Assam,783,Kokrajhar,783337,Tulsibil
477,Assam,783,Kokrajhar,783360,Satyapur
477,Assam,783,Kokrajhar,783345,Shesergaon
477,Assam,783,Kokrajhar,783350,Takampur
477,Assam,783,Kokrajhar,783347,Tetliguri
477,Assam,783,Kokrajhar,783332,Uzanpetla
477,Assam,783,Kokrajhar,783372,Tilakgaon
477,Assam,783,Kokrajhar,783336,Kamalsing
477,Assam,783,Kokrajhar,783370,Ultapani
477,Assam,783,Kokrajhar,783354,Saktiashram
477,Assam,783,Kokrajhar,783376,Nayekgaon
477,Assam,783,Kokrajhar,783375,Santipur
477,Assam,783,Kokrajhar,783333,Grahampur
477,Assam,783,Kokrajhar,783382,Garufela Bazar
477,Assam,783,Kokrajhar,783361,Srirampur
477,Assam,783,Kokrajhar,783369,Salakati Project
477,Assam,783,Kokrajhar,783374,Titaguri
478,Assam,784,Darrang,784524,Teliapara
478,Assam,784,Darrang,784510,Tamulbari
478,Assam,784,Darrang,784514,Padupuri Mazgaon
478,Assam,784,Darrang,784148,Tengara
478,Assam,784,Darrang,784527,Suklai
478,Assam,784,Darrang,784125,Rangamati
478,Assam,784,Darrang,784522,Thakuriapara
478,Assam,784,Darrang,784145,Sipajhar
478,Assam,784,Darrang,784146,Mudoibari
478,Assam,784,Darrang,784509,Udalguri
478,Assam,784,Darrang,784144,Santipukhuri
478,Assam,784,Darrang,784525,Tengabari
478,Assam,784,Darrang,784190,Shamtilla
478,Assam,784,Darrang,784147,Pati Darrang
478,Assam,784,Darrang,784507,Raksyasmari
478,Assam,784,Darrang,784523,Ratanpur
478,Assam,784,Darrang,784513,Bhairabkunda
478,Assam,784,Darrang,784508,Shillongkhuti
478,Assam,784,Darrang,784528,Shikari Banglow
478,Assam,784,Darrang,784113,Kopati
478,Assam,784,Darrang,784114,Silbori
478,Assam,784,Darrang,784116,No.2 sialmari
478,Assam,784,Darrang,784526,Pachim Patla
478,Assam,784,Darrang,784115,Punia No.1
478,Assam,784,Darrang,784521,Tangla
479,Assam,784,Lakhimpur,784165,Simaluguri
479,Assam,784,Lakhimpur,784162,Japjup
479,Assam,784,Lakhimpur,784164,Rajabari
479,Assam,784,Lakhimpur,784163,Pithguri
480,Assam,784,Sonitpur,784112,Orientoli
480,Assam,784,Sonitpur,784178,Santipur Dewrigaon
480,Assam,784,Sonitpur,784101,Silonigaon
480,Assam,784,Sonitpur,784170,Mukoli Gaon
480,Assam,784,Sonitpur,784167,Rampur Darrang
480,Assam,784,Sonitpur,784103,Uttar Amloga
480,Assam,784,Sonitpur,784502,Manijharni
480,Assam,784,Sonitpur,784181,Bakola
480,Assam,784,Sonitpur,784172,Helemguri
480,Assam,784,Sonitpur,784175,Tewaripal
480,Assam,784,Sonitpur,784174,Salaikati
480,Assam,784,Sonitpur,784027,Kaliabhomora
480,Assam,784,Sonitpur,784171,Tetenbari
480,Assam,784,Sonitpur,784182,Towbhanga
480,Assam,784,Sonitpur,784117,Sirajuli
480,Assam,784,Sonitpur,784154,Nikamul Satra
480,Assam,784,Sonitpur,784151,Bandarmari
480,Assam,784,Sonitpur,784153,Pithakhowa
480,Assam,784,Sonitpur,784149,Ulubari
480,Assam,784,Sonitpur,784506,Nepalibasti
480,Assam,784,Sonitpur,784111,Mejengjuli
480,Assam,784,Sonitpur,784179,Janata
480,Assam,784,Sonitpur,784001,Tezpur Bazar
480,Assam,784,Sonitpur,784150,Dipota
480,Assam,784,Sonitpur,784177,Solemari No.1
480,Assam,784,Sonitpur,784105,Natun Baithabhonga
480,Assam,784,Sonitpur,784184,Gingia
480,Assam,784,Sonitpur,784504,Fulaguri
480,Assam,784,Sonitpur,784118,Borsola
480,Assam,784,Sonitpur,784176,Sakomato
480,Assam,784,Sonitpur,784110,Upper Panbari
480,Assam,784,Sonitpur,784501,Solmara
480,Assam,784,Sonitpur,784169,Subansirimukh
480,Assam,784,Sonitpur,784505,Urahiloga
480,Assam,784,Sonitpur,784180,Solaguri
480,Assam,784,Sonitpur,784168,Sonapur
480,Assam,784,Sonitpur,784104,Shalonibari
480,Assam,784,Sonitpur,784189,Karsontala
480,Assam,784,Sonitpur,784026,Khalihamari
480,Assam,784,Sonitpur,784152,Khelmati
480,Assam,784,Sonitpur,784102,Sonaipam
480,Assam,784,Sonitpur,784173,Tinikhuti
480,Assam,784,Sonitpur,784183,Nagshankar
480,Assam,784,Sonitpur,784028,Napaam
480,Assam,784,Sonitpur,784025,Uriumguri
480,Assam,784,Sonitpur,784185,Rangachakua
481,Assam,785,Dibrugarh,785676,Silputa
481,Assam,785,Dibrugarh,785675,Tinthengia
482,Assam,785,Golaghat,785702,Bengenakhowa
482,Assam,785,Golaghat,785614,Dergaon Chariali
482,Assam,785,Golaghat,785622,Dhekial
482,Assam,785,Golaghat,785625,Kamarbandha Ali
482,Assam,785,Golaghat,785611,Bongaon
482,Assam,785,Golaghat,785612,Bokakhat Rajabari
482,Assam,785,Golaghat,785602,Bilgaon
482,Assam,785,Golaghat,785626,Maheema
482,Assam,785,Golaghat,785603,Oating
482,Assam,785,Golaghat,785618,Batiporia
482,Assam,785,Golaghat,785615,Numaligarh
482,Assam,785,Golaghat,785613,Letekujaan
482,Assam,785,Golaghat,785610,Furkating
482,Assam,785,Golaghat,785621,Golaghat
482,Assam,785,Golaghat,785619,Kamargaon
482,Assam,785,Golaghat,785609,Kaziranga National park
482,Assam,785,Golaghat,785604,Naojaan
482,Assam,785,Golaghat,785620,Neghiriting
482,Assam,785,Golaghat,785699,Numaligarh Refinery project
482,Assam,785,Golaghat,785703,Ptc Dergaon
482,Assam,785,Golaghat,785601,Sarupathar
483,Assam,785,Jorhat,785108,Kakilamukh
483,Assam,785,Jorhat,785013,Assam Agriculture university
483,Assam,785,Jorhat,785106,Kamalabari
483,Assam,785,Jorhat,785101,Bahana Tiniali
483,Assam,785,Jorhat,785633,Khorikotia
483,Assam,785,Jorhat,785107,Kakajan
483,Assam,785,Jorhat,785009,Na Ali dhekiajuli
483,Assam,785,Jorhat,785104,Garmursatra
483,Assam,785,Jorhat,785635,Nakachari
483,Assam,785,Jorhat,785004,Barbheta
483,Assam,785,Jorhat,785630,Titabor
483,Assam,785,Jorhat,785112,Teok
483,Assam,785,Jorhat,785110,Majulibongaon
483,Assam,785,Jorhat,785001,Tarajan
483,Assam,785,Jorhat,785632,Purana Titabor
483,Assam,785,Jorhat,785014,Rajabari
483,Assam,785,Jorhat,785010,Chengeli Gaon
483,Assam,785,Jorhat,785008,Cinnamara
483,Assam,785,Jorhat,785617,Dahotia
483,Assam,785,Jorhat,785102,Dakhin Pat satra
483,Assam,785,Jorhat,785616,Gatanga
483,Assam,785,Jorhat,785105,Jengraimukh
483,Assam,785,Jorhat,785005,Jorhat Air field
483,Assam,785,Jorhat,785007,Jorhat Engg college
483,Assam,785,Jorhat,785006,Jorhat Reserch lab
483,Assam,785,Jorhat,785015,Korokatoly
483,Assam,785,Jorhat,785700,Lahdoigarh Chariali
483,Assam,785,Jorhat,785634,Mariani
483,Assam,785,Jorhat,785111,Neamatighat
483,Assam,785,Jorhat,785704,Ongc Jorhat
483,Assam,785,Jorhat,785636,Selenghat
484,Assam,785,Sivasagar Sibsagar,785663,Disangmukh
484,Assam,785,Sivasagar Sibsagar,785690,Sonari
484,Assam,785,Sivasagar Sibsagar,785664,Gaurisagar
484,Assam,785,Sivasagar Sibsagar,785697,Ongc Colony
484,Assam,785,Sivasagar Sibsagar,785680,Borahibari
484,Assam,785,Sivasagar Sibsagar,785681,Baghjan Grant
484,Assam,785,Sivasagar Sibsagar,785682,Tamulichiga
484,Assam,785,Sivasagar Sibsagar,785696,Geleky
484,Assam,785,Sivasagar Sibsagar,785674,Nemuguri
484,Assam,785,Sivasagar Sibsagar,785667,Konwarpur
484,Assam,785,Sivasagar Sibsagar,785671,Nitaipukhuri
484,Assam,785,Sivasagar Sibsagar,785683,Jhanji
484,Assam,785,Sivasagar Sibsagar,785692,Sapekhati
484,Assam,785,Sivasagar Sibsagar,785693,Borhat
484,Assam,785,Sivasagar Sibsagar,785684,Namtidoll
484,Assam,785,Sivasagar Sibsagar,785661,Charing
484,Assam,785,Sivasagar Sibsagar,785685,Nazira
484,Assam,785,Sivasagar Sibsagar,785640,Sivasagar
484,Assam,785,Sivasagar Sibsagar,785701,Hahchara
484,Assam,785,Sivasagar Sibsagar,785691,Bhojo
484,Assam,785,Sivasagar Sibsagar,785687,Santak
484,Assam,785,Sivasagar Sibsagar,785670,Moranhat
484,Assam,785,Sivasagar Sibsagar,785662,Demow
484,Assam,785,Sivasagar Sibsagar,785665,Joysagar
484,Assam,785,Sivasagar Sibsagar,785666,Kaloogaon
484,Assam,785,Sivasagar Sibsagar,785688,Lakowah
484,Assam,785,Sivasagar Sibsagar,785698,Lakwah R.s.
484,Assam,785,Sivasagar Sibsagar,785672,Rajmai
484,Assam,785,Sivasagar Sibsagar,785673,Sepon
484,Assam,785,Sivasagar Sibsagar,785686,Simaluguri
484,Assam,785,Sivasagar Sibsagar,785689,Suffry
484,Assam,785,Sivasagar Sibsagar,785694,Teokghat
484,Assam,785,Sivasagar Sibsagar,785695,Towkok
485,Assam,786,Dhemaji,786110,Sissiborgaon
486,Assam,786,Dibrugarh,786613,Sologuri
486,Assam,786,Dibrugarh,786101,Phukanarkhat
486,Assam,786,Dibrugarh,786692,Anandapara
486,Assam,786,Dibrugarh,786621,Silgrant
486,Assam,786,Dibrugarh,786002,Hiloidhari
486,Assam,786,Dibrugarh,786003,Sessa
486,Assam,786,Dibrugarh,786007,Medela
486,Assam,786,Dibrugarh,786184,Rang Changi
486,Assam,786,Dibrugarh,786601,Balijan T.e.
486,Assam,786,Dibrugarh,786610,Tipling Bhadoi gaon
486,Assam,786,Dibrugarh,786624,Barbam
486,Assam,786,Dibrugarh,786004,Jamirah
486,Assam,786,Dibrugarh,786191,Zutlibari
486,Assam,786,Dibrugarh,786103,Tengakhat
486,Assam,786,Dibrugarh,786183,Kanjikhowa
486,Assam,786,Dibrugarh,786612,Tingkhong
486,Assam,786,Dibrugarh,786010,Timonagaon
486,Assam,786,Dibrugarh,786102,Chabua Air field
486,Assam,786,Dibrugarh,786611,Rajgarh
486,Assam,786,Dibrugarh,786001,Santipara
486,Assam,786,Dibrugarh,786602,Tingrai Chariali
486,Assam,786,Dibrugarh,786012,Naga Ghuli kanaigaon
486,Assam,786,Dibrugarh,786005,Jalan Nagar
486,Assam,786,Dibrugarh,786614,Ushapur
486,Assam,786,Dibrugarh,786008,Tingkhong Dighalia
486,Assam,786,Dibrugarh,786622,Namrup Thermal power station
486,Assam,786,Dibrugarh,786623,Parbatpur
487,Assam,786,Tinsukia,786174,Purani Pukhuri
487,Assam,786,Tinsukia,786187,Makumkilla
487,Assam,786,Tinsukia,786181,Ulup Gaon
487,Assam,786,Tinsukia,786157,Santipur Bazar
487,Assam,786,Tinsukia,786160,Phillobari
487,Assam,786,Tinsukia,786154,Saikhowaghat
487,Assam,786,Tinsukia,786170,Mamorani
487,Assam,786,Tinsukia,786189,Mulukgaon
487,Assam,786,Tinsukia,786171,Tingrai
487,Assam,786,Tinsukia,786183,Panitola
487,Assam,786,Tinsukia,786150,Santipur
487,Assam,786,Tinsukia,786182,Udai Pur
487,Assam,786,Tinsukia,786601,Hoogrijan
487,Assam,786,Tinsukia,786188,Rampur
487,Assam,786,Tinsukia,786152,Tonganagaon
487,Assam,786,Tinsukia,786156,Talap
487,Assam,786,Tinsukia,786151,Rupbon
487,Assam,786,Tinsukia,786126,Gellapukhuri
487,Assam,786,Tinsukia,786146,Sukhanpukhuri
487,Assam,786,Tinsukia,786179,Tipong
487,Assam,786,Tinsukia,786192,Hijiguri
487,Assam,786,Tinsukia,786125,Tinsukia
487,Assam,786,Tinsukia,786190,Samdang
487,Assam,786,Tinsukia,786173,Jubilee Digboi
487,Assam,786,Tinsukia,786145,Sripuria Bengali gaon
487,Assam,786,Tinsukia,786147,Rangagora
487,Assam,786,Tinsukia,786158,Natun Balijan
487,Assam,786,Tinsukia,786148,Mankhooli
487,Assam,786,Tinsukia,786153,Rupaisiding
487,Assam,786,Tinsukia,786155,Sadiya
487,Assam,786,Tinsukia,786159,Sukriting
488,Assam,787,Dhemaji,787059,Silapathar
488,Assam,787,Dhemaji,787057,Subahi
488,Assam,787,Dhemaji,787058,Sissimukh
488,Assam,787,Dhemaji,787026,Bordoloni
488,Assam,787,Dhemaji,787061,Talem
488,Assam,787,Dhemaji,787060,Zonekareng
488,Assam,787,Dhemaji,787034,Na Nadi bhebeli kahcari gaon
488,Assam,787,Dhemaji,787035,Nalbari Kachari
489,Assam,787,Lakhimpur,787054,Sandowkhowa
489,Assam,787,Lakhimpur,787052,Sonardheki
489,Assam,787,Lakhimpur,787031,Singra
489,Assam,787,Lakhimpur,787032,Uttar Kulabali
489,Assam,787,Lakhimpur,787055,Sundia
489,Assam,787,Lakhimpur,787053,Purana Parghat
489,Assam,787,Lakhimpur,787033,Madhupur
489,Assam,787,Lakhimpur,787030,Boginadi
489,Assam,787,Lakhimpur,787051,Rongajan Borbil
489,Assam,787,Lakhimpur,787160,Sonapur
489,Assam,787,Lakhimpur,787035,Gerukamukh
489,Assam,787,Lakhimpur,787034,Gogamukh
489,Assam,787,Lakhimpur,787056,Ukhamati
489,Assam,787,Lakhimpur,787029,Moinapara
489,Assam,787,Lakhimpur,787023,Naoboicha
489,Assam,787,Lakhimpur,787001,North Lakhimpur
490,Assam,788,Cachar,788101,Pallorbond
490,Assam,788,Cachar,788030,Udarbond
490,Assam,788,Cachar,788004,G C college
490,Assam,788,Cachar,788119,Tulargram Pt ii
490,Assam,788,Cachar,788009,Rongpur Pt ii
490,Assam,788,Cachar,788025,Rakhal Khalerpar
490,Assam,788,Cachar,788011,Irongmara Bazar
490,Assam,788,Cachar,788115,Nutan Bazar
490,Assam,788,Cachar,788113,Pratapur
490,Assam,788,Cachar,788026,Srikona
490,Assam,788,Cachar,788110,Purandarpur
490,Assam,788,Cachar,788107,Saradapally
490,Assam,788,Cachar,788815,Sayedpur Amtala
490,Assam,788,Cachar,788121,Nagdirgram
490,Assam,788,Cachar,788102,Thailoo
490,Assam,788,Cachar,788015,Meherpur
490,Assam,788,Cachar,788817,Tikarburunga
490,Assam,788,Cachar,788123,Santipur
490,Assam,788,Cachar,788120,Shyamacharanpur
490,Assam,788,Cachar,788010,Silchar Rec
490,Assam,788,Cachar,788122,Sundari
490,Assam,788,Cachar,788114,Suktola
490,Assam,788,Cachar,788126,Swastipally
490,Assam,788,Cachar,788116,Sundari Pt ii
490,Assam,788,Cachar,788002,Sibbari Road
490,Assam,788,Cachar,788007,Vivekananda Road
490,Assam,788,Cachar,788003,Tupkhana
490,Assam,788,Cachar,788005,Chittaranjan Avenue
490,Assam,788,Cachar,788112,Sildhubi
490,Assam,788,Cachar,788111,Subhang
490,Assam,788,Cachar,788001,Silchar Court
490,Assam,788,Cachar,788013,Sonabarighat
490,Assam,788,Cachar,788106,Hmarkhawlin
490,Assam,788,Cachar,788031,Thaligram
490,Assam,788,Cachar,788804,Katirail
490,Assam,788,Cachar,788151,Hailakandi
490,Assam,788,Cachar,788805,Rangirkhari
490,Assam,788,Cachar,788127,Jarailtala Bazar
490,Assam,788,Cachar,788816,Rajyeswarpur West
490,Assam,788,Cachar,788104,Uttar Lalpani
490,Assam,788,Cachar,788098,Uttar Sonpur
490,Assam,788,Cachar,788006,Uttarkrishnapur
490,Assam,788,Cachar,788108,Martycherra
490,Assam,788,Cachar,788109,Kumbhirgram Airport
490,Assam,788,Cachar,788103,Tolengram
490,Assam,788,Cachar,788014,Silchar Medical college
490,Assam,788,Cachar,788118,Silcuri
490,Assam,788,Cachar,788008,Tarapur Pt vii
491,Assam,788,Hailakandi,788161,Telkatta
491,Assam,788,Hailakandi,788150,Saidband Pt ii
491,Assam,788,Hailakandi,788164,Singala
491,Assam,788,Hailakandi,788156,Muktaranpur
491,Assam,788,Hailakandi,788734,Sibbari Krishna nagar
491,Assam,788,Hailakandi,788801,Salchapra
491,Assam,788,Hailakandi,788162,Sultanicherra
491,Assam,788,Hailakandi,788155,Vichingcha
491,Assam,788,Hailakandi,788152,Uzankupa
491,Assam,788,Hailakandi,788736,Vetarband
491,Assam,788,Hailakandi,788117,Taranathpur
491,Assam,788,Hailakandi,788163,Umednagar
491,Assam,788,Hailakandi,788737,South Sonapur
491,Assam,788,Hailakandi,788735,Tongibari
491,Assam,788,Hailakandi,788165,Manipur Bagan
491,Assam,788,Hailakandi,788802,Sialtek
491,Assam,788,Hailakandi,788160,Sudarshanpur
491,Assam,788,Hailakandi,788168,Rajyeswarpur
491,Assam,788,Hailakandi,788167,Vernerpur
492,Assam,788,Karimganj,788701,Rakeshnagar
492,Assam,788,Karimganj,788722,Ranibari
492,Assam,788,Karimganj,788712,Sutarkandi
492,Assam,788,Karimganj,788806,Umarpur
492,Assam,788,Karimganj,788723,Fakuagram
492,Assam,788,Karimganj,788803,Badarpurghat
492,Assam,788,Karimganj,788720,Siberchak
492,Assam,788,Karimganj,788726,Solgoi
492,Assam,788,Karimganj,788728,Manikbond
492,Assam,788,Karimganj,788710,Subhasnagar
492,Assam,788,Karimganj,788713,Silchar Road
492,Assam,788,Karimganj,788781,Pathu
492,Assam,788,Karimganj,788725,Tibhum
492,Assam,788,Karimganj,788733,Nagendranagar
492,Assam,788,Karimganj,788727,Bazaricherra Bazar
492,Assam,788,Karimganj,788724,Tenokhal
492,Assam,788,Karimganj,788166,Sripur
492,Assam,788,Karimganj,788711,Telikhalerpar
492,Assam,788,Karimganj,788709,Tillabazar
492,Assam,788,Karimganj,788719,Singaria Bazar
492,Assam,788,Karimganj,788721,Latu
492,Assam,788,Karimganj,788706,Mahakhal
492,Assam,788,Karimganj,788702,Srigouri
493,Assam,788,North Cachar hills,788931,Umrangshu
493,Assam,788,North Cachar hills,788820,Zion
493,Assam,788,North Cachar hills,788818,Redzol
493,Assam,788,North Cachar hills,788819,Sonpijang
493,Assam,788,North Cachar hills,788830,Venzaul
493,Assam,788,North Cachar hills,788832,Mupa
493,Assam,788,North Cachar hills,788113,Dwarband
493,Assam,788,North Cachar hills,788831,Wardendisha
493,Assam,788,North Cachar hills,788834,Khejurbond
493,Assam,788,North Cachar hills,788108,Lodikachari
494,Bihar,800,Patna,800012,Panapur
494,Bihar,800,Patna,800002,Pakri
494,Bihar,800,Patna,800025,Ashiananagar
494,Bihar,800,Patna,800020,West Lohianagar
494,Bihar,800,Patna,800001,Sri Krishnapuri
494,Bihar,800,Patna,800022,B.G. camp/raj bhawan
494,Bihar,800,Patna,800026,Nanmuhia
494,Bihar,800,Patna,800017,B.S.e. board
494,Bihar,800,Patna,800014,Sheikhpura
494,Bihar,800,Patna,800007,Sonagopalpur
494,Bihar,800,Patna,800111,Tishkhora
494,Bihar,800,Patna,800004,P.M.c.h
494,Bihar,800,Patna,800018,Bataganj
494,Bihar,800,Patna,800009,Sabalpur
494,Bihar,800,Patna,800019,C.D.a
494,Bihar,800,Patna,800008,Sri Madhoji mills
494,Bihar,800,Patna,800011,Makhdumpur Digha
494,Bihar,800,Patna,800003,Kadamkuan
494,Bihar,800,Patna,800024,Keshari Nagar
494,Bihar,800,Patna,800023,L.B.s nagar
494,Bihar,800,Patna,800016,Rajendra Nagar
494,Bihar,800,Patna,800006,Mahendru
494,Bihar,800,Patna,800013,Patliputra
494,Bihar,800,Patna,800015,Patna Sectt.
494,Bihar,800,Patna,800005,Patna University
494,Bihar,800,Patna,800010,Sadaquat Ashram
494,Bihar,800,Patna,800021,Vidyut Parisad
495,Bihar,801,Nalanda,801303,Sanda
495,Bihar,801,Nalanda,801305,Tinalodipur
495,Bihar,801,Nalanda,801302,Yogipur
495,Bihar,801,Nalanda,801307,Kachcharia
495,Bihar,801,Nalanda,801301,Ranipur
495,Bihar,801,Nalanda,801304,Salempur
495,Bihar,801,Nalanda,801108,Bind
495,Bihar,801,Nalanda,801306,Telhara
496,Bihar,801,Patna,801101,A. h. guard
496,Bihar,801,Patna,801109,Sarasat
496,Bihar,801,Patna,801110,Sikaria
496,Bihar,801,Patna,801108,Rampur Diara
496,Bihar,801,Patna,801102,Sohora
496,Bihar,801,Patna,801104,Wazirpur
496,Bihar,801,Patna,801505,Sorampur
496,Bihar,801,Patna,801117,Amarpura
496,Bihar,801,Patna,801118,Amhara
496,Bihar,801,Patna,801103,Tara Nagar
496,Bihar,801,Patna,801113,Sarai
496,Bihar,801,Patna,801304,Top
496,Bihar,801,Patna,801501,B.R. centre
496,Bihar,801,Patna,801112,Patut
496,Bihar,801,Patna,801503,Sherpur
496,Bihar,801,Patna,801502,Daudpur
496,Bihar,801,Patna,801506,Sahay Nagar
496,Bihar,801,Patna,801507,Ganghara
496,Bihar,801,Patna,801105,Shikarpur
497,Bihar,802,Bhojpur,802201,Sewatha
497,Bihar,802,Bhojpur,802202,Pitaru
497,Bihar,802,Bhojpur,802156,Mainpura
497,Bihar,802,Bhojpur,802155,Waina Jamuni pur
497,Bihar,802,Bhojpur,802161,Pratappur
497,Bihar,802,Bhojpur,802154,Sandaur
497,Bihar,802,Bhojpur,802301,Waliganj
497,Bihar,802,Bhojpur,802222,Sikrahta Kala
497,Bihar,802,Bhojpur,802210,Udawant Nagar
497,Bihar,802,Bhojpur,802203,Semraon
497,Bihar,802,Bhojpur,802163,Rajapur English
497,Bihar,802,Bhojpur,802158,Tenduni
497,Bihar,802,Bhojpur,802207,Thakuri
497,Bihar,802,Bhojpur,802164,Sandesh Bhatauli
497,Bihar,802,Bhojpur,802166,Umraonganj
497,Bihar,802,Bhojpur,802311,Ramsahar
497,Bihar,802,Bhojpur,802351,Tola Achraj lal
497,Bihar,802,Bhojpur,802312,Ratanpur
497,Bihar,802,Bhojpur,802183,Osain
497,Bihar,802,Bhojpur,802206,Sonpura
497,Bihar,802,Bhojpur,802165,Suhia
497,Bihar,802,Bhojpur,802237,Barkagaon Ed
497,Bihar,802,Bhojpur,802208,Sahar
497,Bihar,802,Bhojpur,802152,Kateyan
497,Bihar,802,Bhojpur,802209,Tarari
497,Bihar,802,Bhojpur,802205,Sakla Bazar
497,Bihar,802,Bhojpur,802314,Sripalpur
497,Bihar,802,Bhojpur,802103,Buxar Gajadhar ganj
497,Bihar,802,Bhojpur,802223,Siyadih
497,Bihar,802,Bhojpur,802159,Rajeyan
497,Bihar,802,Bhojpur,802157,Karisath
497,Bihar,802,Bhojpur,802313,Saraiyan
497,Bihar,802,Bhojpur,802204,Sheopur
497,Bihar,802,Bhojpur,802160,Sakaddi
497,Bihar,802,Bhojpur,802162,Saneya Barhata
497,Bihar,802,Bhojpur,802315,Lauhar Farna
497,Bihar,802,Bhojpur,802316,Sohara Tribhuani
498,Bihar,802,Buxar,802116,Sarimpur
498,Bihar,802,Buxar,802114,Sukarwalia
498,Bihar,802,Buxar,802126,Mugaon
498,Bihar,802,Buxar,802111,Sowan
498,Bihar,802,Buxar,802119,Pasahara
498,Bihar,802,Buxar,802135,Simari
498,Bihar,802,Buxar,802129,Sikraul
498,Bihar,802,Buxar,802123,Unwas
498,Bihar,802,Buxar,802134,Tiyar
498,Bihar,802,Buxar,802130,Nimej
498,Bihar,802,Buxar,802128,Rasen
498,Bihar,802,Buxar,802133,Purana Bhojpur
498,Bihar,802,Buxar,802120,Rani Singhanpura
498,Bihar,802,Buxar,802113,Keshopur
498,Bihar,802,Buxar,802112,Umedpur
498,Bihar,802,Buxar,802117,Nehalpur
498,Bihar,802,Buxar,802103,Sondhila
498,Bihar,802,Buxar,802101,Sohni Patti
498,Bihar,802,Buxar,802102,Pulia
498,Bihar,802,Buxar,802125,Waina
498,Bihar,802,Buxar,802115,Phaphadar
498,Bihar,802,Buxar,802122,Sisrarh
498,Bihar,802,Buxar,802118,Upadhyapandeypur
498,Bihar,802,Buxar,802136,Khirauli
498,Bihar,802,Buxar,802131,Sahiyar
498,Bihar,802,Buxar,802127,Rampur
499,Bihar,802,Kaimur Bhabua,802132,Upari
499,Bihar,802,Kaimur Bhabua,802218,Surware Ke bararhi
500,Bihar,802,Rohtas,802226,Dawath
500,Bihar,802,Rohtas,802213,Sujatpur
500,Bihar,802,Rohtas,802214,Karup Itwa
500,Bihar,802,Rohtas,802218,Puhpi
500,Bihar,802,Rohtas,802211,Semri
500,Bihar,802,Rohtas,802215,Tendua
500,Bihar,802,Rohtas,802216,Pitath
500,Bihar,802,Rohtas,802217,Sisirita
500,Bihar,802,Rohtas,802220,Udaipur
500,Bihar,802,Rohtas,802212,Tenduni Chauk
500,Bihar,802,Rohtas,802219,Suara
500,Bihar,802,Rohtas,802221,Surajpura
500,Bihar,802,Rohtas,802128,Mukhraon
500,Bihar,802,Rohtas,802117,Saisar Ganghari
501,Bihar,803,Nalanda,803107,Waiyao
501,Bihar,803,Nalanda,803114,Soure
501,Bihar,803,Nalanda,803120,Raipur Koil bigha
501,Bihar,803,Nalanda,803101,Tungi
501,Bihar,803,Nalanda,803119,Uttarnama
501,Bihar,803,Nalanda,803113,Pariouna
501,Bihar,803,Nalanda,803118,Sohsarai
501,Bihar,803,Nalanda,803110,Sirsi Dihra
501,Bihar,803,Nalanda,803108,Tulsigarh
501,Bihar,803,Nalanda,803117,Silao
501,Bihar,803,Nalanda,803123,Barah
501,Bihar,803,Nalanda,803111,Sakraurah
501,Bihar,803,Nalanda,803116,Veerayatan
501,Bihar,803,Nalanda,803122,Pillich
501,Bihar,803,Nalanda,803121,Shankardih
501,Bihar,803,Nalanda,803213,Tajnipur
502,Bihar,803,Nawada,803109,Railer
503,Bihar,803,Patna,803213,Saksohra
503,Bihar,803,Patna,803214,Sarhan
503,Bihar,803,Patna,803203,Alawalpur
503,Bihar,803,Patna,803202,Surhari
503,Bihar,803,Patna,803211,Shawani
503,Bihar,803,Patna,803303,Samyagarh
503,Bihar,803,Patna,803112,Tola Sohan rai
503,Bihar,803,Patna,803110,Sirsi
503,Bihar,803,Patna,803201,Usfa
503,Bihar,803,Patna,803307,Bhadaur
503,Bihar,803,Patna,803302,Tartar
503,Bihar,803,Patna,803206,Fatehpur
503,Bihar,803,Patna,803301,Rampur Dumra
503,Bihar,803,Patna,803221,Raily
503,Bihar,803,Patna,803204,Telmar
504,Bihar,804,Gaya,804403,Umta
504,Bihar,804,Gaya,804424,Sadopur
504,Bihar,804,Gaya,804407,Satamas
505,Bihar,804,Jehanabad,804425,Sisamba
505,Bihar,804,Jehanabad,804405,Uber
505,Bihar,804,Jehanabad,804419,Annua
505,Bihar,804,Jehanabad,804432,Korma
505,Bihar,804,Jehanabad,804408,Saidabad
505,Bihar,804,Jehanabad,804423,Sohariya
505,Bihar,804,Jehanabad,804426,Puarainia
505,Bihar,804,Jehanabad,804428,Belkhara
505,Bihar,804,Jehanabad,804422,Solhanda
505,Bihar,804,Jehanabad,804407,Takiya Karpi
505,Bihar,804,Jehanabad,804418,Waina
505,Bihar,804,Jehanabad,804429,Surangapur
505,Bihar,804,Jehanabad,804427,Tehta
505,Bihar,804,Jehanabad,804424,Patiyawan
505,Bihar,804,Jehanabad,804406,Saho Bigha
505,Bihar,804,Jehanabad,804420,Tej Bigha
505,Bihar,804,Jehanabad,804433,Pandui
506,Bihar,804,Patna,804453,Suitha
506,Bihar,804,Patna,804454,Seonan
506,Bihar,804,Patna,804451,Vijaypura
506,Bihar,804,Patna,804452,Sanda
506,Bihar,804,Patna,804426,Mouri
507,Bihar,805,Gaya,805131,Wazirganj
507,Bihar,805,Gaya,805135,Ayer
507,Bihar,805,Gaya,805128,Tarwan
507,Bihar,805,Gaya,805129,Dhandhar
507,Bihar,805,Gaya,805236,Jethian
507,Bihar,805,Gaya,805109,Seotar
508,Bihar,805,Jamui,805124,Chandradeep
508,Bihar,805,Jamui,805101,Dhanar
509,Bihar,805,Nalanda,805105,Maira Barich
509,Bihar,805,Nalanda,805130,Katauna
510,Bihar,805,Nawada,805123,Sonsihari
510,Bihar,805,Nawada,805125,Targir
510,Bihar,805,Nawada,805122,Tetariya
510,Bihar,805,Nawada,805108,Parwati
510,Bihar,805,Nawada,805109,Sarsu
510,Bihar,805,Nawada,805129,Tungi
510,Bihar,805,Nawada,805124,Simariya
510,Bihar,805,Nawada,805110,Teyar
510,Bihar,805,Nawada,805126,Sughari
510,Bihar,805,Nawada,805104,Samharigarh
510,Bihar,805,Nawada,805103,Sihin
510,Bihar,805,Nawada,805121,Nemdarganj
510,Bihar,805,Nawada,805130,Warisaliganj
510,Bihar,805,Nawada,805107,Siur
510,Bihar,805,Nawada,805102,Sarkanda
510,Bihar,805,Nawada,805127,Sirdala
510,Bihar,805,Nawada,805106,Sundri Dumari
510,Bihar,805,Nawada,805101,Dharhara
510,Bihar,805,Nawada,805133,Orro
510,Bihar,805,Nawada,805141,Roh
511,Bihar,811,Banka,811308,Phulhara
512,Bihar,811,Begusarai,811106,Shamho
513,Bihar,811,Bhagalpur,811211,Ganganiya
514,Bihar,811,Jamui,811301,Seway
514,Bihar,811,Jamui,811314,Sono
514,Bihar,811,Jamui,811307,Suggi
514,Bihar,811,Jamui,811312,Telia Dih
514,Bihar,811,Jamui,811315,Tal Saharsa
514,Bihar,811,Jamui,811303,Tola Urba
514,Bihar,811,Jamui,811305,Tihiya
514,Bihar,811,Jamui,811313,Numar
514,Bihar,811,Jamui,811317,Pradhanchak
514,Bihar,811,Jamui,811308,Tabha
514,Bihar,811,Jamui,811316,Telwa Bazar
514,Bihar,811,Jamui,811311,Manjhway
515,Bihar,811,Khagaria,811202,Mathar
516,Bihar,811,Lakhisarai,811112,Piri Bazar
516,Bihar,811,Lakhisarai,811106,Surajgaraha
516,Bihar,811,Lakhisarai,811309,Urain
516,Bihar,811,Lakhisarai,811311,Walipur
516,Bihar,811,Lakhisarai,811302,Talsharama
516,Bihar,811,Lakhisarai,811107,S Imam nagar
516,Bihar,811,Lakhisarai,811304,Bahachha
516,Bihar,811,Lakhisarai,811310,Shobhani
516,Bihar,811,Lakhisarai,811201,C.R.lakhisarai
516,Bihar,811,Lakhisarai,811315,Tarhari
517,Bihar,811,Munger,811211,Ratanpur
517,Bihar,811,Munger,811212,Tola Bangalwa
517,Bihar,811,Munger,811202,Zamin Degree
517,Bihar,811,Munger,811213,Tetia Bambar
517,Bihar,811,Munger,811214,Sarobagh
517,Bihar,811,Munger,811201,Purab Sarai
517,Bihar,811,Munger,811311,Ramgarh
518,Bihar,811,Nalanda,811101,Sadarpur
518,Bihar,811,Nalanda,811103,Ugaban
518,Bihar,811,Nalanda,811104,Sarmera
518,Bihar,811,Nalanda,811102,Singhaul
519,Bihar,811,Patna,811302,Jalal Pur nauranga
519,Bihar,811,Patna,811104,Karkain
520,Bihar,811,Sheikhpura,811105,Sheikhpura R s
520,Bihar,811,Sheikhpura,811304,Sohdi
520,Bihar,811,Sheikhpura,811103,Panhesa
520,Bihar,811,Sheikhpura,811101,Toygarh
520,Bihar,811,Sheikhpura,811315,Belchhi
520,Bihar,811,Sheikhpura,811107,Sirari
520,Bihar,811,Sheikhpura,811201,C.R.barbigha ed so
520,Bihar,811,Sheikhpura,811102,Mehus
521,Bihar,812,Bhagalpur,812004,Shankarpur
521,Bihar,812,Bhagalpur,812005,Sanhouli
521,Bihar,812,Bhagalpur,812003,Barari
521,Bihar,812,Bhagalpur,812001,Bhagalpur
521,Bihar,812,Bhagalpur,812002,Bhagalpur City
521,Bihar,812,Bhagalpur,812006,Sajour
521,Bihar,812,Bhagalpur,812007,T. n. b college
522,Bihar,812,Munger,812001,Ganga Darshan
523,Bihar,813,Banka,813101,Telia Lowgain
523,Bihar,813,Banka,813110,Raugaon
523,Bihar,813,Banka,813103,Telia
523,Bihar,813,Banka,813117,Bagduma
523,Bihar,813,Banka,813207,Rauja
523,Bihar,813,Banka,813106,Uparchakmarhia
523,Bihar,813,Banka,813102,Samukhia More
523,Bihar,813,Banka,813107,Uprama
523,Bihar,813,Banka,813202,Tengza
523,Bihar,813,Banka,813211,Soguni
523,Bihar,813,Banka,813126,Bharko
523,Bihar,813,Banka,813109,Vijayhat
523,Bihar,813,Banka,813104,Suyambazar
523,Bihar,813,Banka,813129,Bhurna
523,Bihar,813,Banka,813128,Dahuwa
523,Bihar,813,Banka,813224,Dharia
523,Bihar,813,Banka,813118,Kakwara
523,Bihar,813,Banka,813116,Khojhi
523,Bihar,813,Banka,813127,Laxmipur Chiraya
523,Bihar,813,Banka,813125,Pawai
523,Bihar,813,Banka,813124,Sobhanpur Katoria
523,Bihar,813,Banka,813123,Sondiha Babhangama
524,Bihar,813,Bhagalpur,813213,Udhadih
524,Bihar,813,Bhagalpur,813210,Shaukarpur
524,Bihar,813,Bhagalpur,813222,Ranidiara
524,Bihar,813,Bhagalpur,813223,Akbarnagar
524,Bihar,813,Bhagalpur,813108,Satparaiya
524,Bihar,813,Bhagalpur,813209,Srinagar
524,Bihar,813,Bhagalpur,813204,Trimohan
524,Bihar,813,Bhagalpur,813105,Tarcha
524,Bihar,813,Bhagalpur,813112,Baijani
524,Bihar,813,Bhagalpur,813205,Tazar
524,Bihar,813,Bhagalpur,813203,Shobnathpur
524,Bihar,813,Bhagalpur,813214,S.T.p. kahalgaon
524,Bihar,813,Bhagalpur,813233,Fatehpur
524,Bihar,813,Bhagalpur,813101,Salempur
524,Bihar,813,Bhagalpur,813113,Habibpur
524,Bihar,813,Bhagalpur,813206,Sukhari
524,Bihar,813,Bhagalpur,813227,Kumaitha
524,Bihar,813,Bhagalpur,813231,Mahesh Munda
524,Bihar,813,Bhagalpur,813110,Sadpur
524,Bihar,813,Bhagalpur,813212,Sangrampur
524,Bihar,813,Bhagalpur,813225,Sanhoula
524,Bihar,813,Bhagalpur,813129,Semaria
525,Bihar,813,Munger,813201,Nayagaon
525,Bihar,813,Munger,813214,Tarapur
525,Bihar,813,Munger,813212,Thilkulia
525,Bihar,813,Munger,813211,Kadrachak
526,Bihar,814,Banka,814131,Lohari
527,Bihar,814,Bhagalpur,814131,Bhorsar
528,Bihar,821,Kaimur Bhabua,821102,Umapur Saraiya
528,Bihar,821,Kaimur Bhabua,821101,Ujari Sikathi
528,Bihar,821,Kaimur Bhabua,821108,Turki
528,Bihar,821,Kaimur Bhabua,821109,Sukul Pipra
528,Bihar,821,Kaimur Bhabua,821106,Sirsi
528,Bihar,821,Kaimur Bhabua,821103,Sikandarpur
528,Bihar,821,Kaimur Bhabua,821110,Sahu Ka mahua
528,Bihar,821,Kaimur Bhabua,821105,Pipriya
529,Bihar,821,Rohtas,821312,Tilouthu
529,Bihar,821,Rohtas,821301,Tetrarh
529,Bihar,821,Rohtas,821113,Takia Bazar
529,Bihar,821,Rohtas,821104,Ugahni
529,Bihar,821,Rohtas,821309,Parsar
529,Bihar,821,Rohtas,821310,Turk Bigha
529,Bihar,821,Rohtas,821302,Nawadih Karma
529,Bihar,821,Rohtas,821107,Pipra
529,Bihar,821,Rohtas,821106,B. akorhi
529,Bihar,821,Rohtas,821311,Rohtas
529,Bihar,821,Rohtas,821303,Banjari
529,Bihar,821,Rohtas,821111,Torni
529,Bihar,821,Rohtas,821306,Sohagi
529,Bihar,821,Rohtas,821304,Tilokhar
529,Bihar,821,Rohtas,821112,Laheri
529,Bihar,821,Rohtas,821305,Pahleza
529,Bihar,821,Rohtas,821307,Dehri-on-sone
529,Bihar,821,Rohtas,821115,Sasaram Local board
529,Bihar,821,Rohtas,821308,Shankarpuri
530,Bihar,823,Gaya,823001,Purani Godown
530,Bihar,823,Gaya,823003,Sondhi
530,Bihar,823,Gaya,823005,Asc Centre(n) gaya
530,Bihar,823,Gaya,823311,Teusa Bahu bigha
530,Bihar,823,Gaya,823004,Salepur Fatehpur
530,Bihar,823,Gaya,823002,Kujapi
531,Bihar,824,Gaya,824207,Utrain
531,Bihar,824,Gaya,824206,Pipra
531,Bihar,824,Gaya,824233,Sripur
531,Bihar,824,Gaya,824232,Utli Bara
531,Bihar,824,Gaya,824201,Sharmakhas
531,Bihar,824,Gaya,824217,Tilaiya
531,Bihar,824,Gaya,824236,Turi
531,Bihar,824,Gaya,824237,Sagahi
531,Bihar,824,Gaya,824205,Sahuberma
531,Bihar,824,Gaya,824235,Ur Bishunpur
531,Bihar,824,Gaya,824211,Srirampur
531,Bihar,824,Gaya,824118,Tineri
531,Bihar,824,Gaya,824210,Salaiya
531,Bihar,824,Gaya,824231,Bodhgaya
531,Bihar,824,Gaya,824209,Solra
531,Bihar,824,Gaya,824234,Zindapur
532,Bihar,824,Jehanabad,824235,Utrawan
533,Bihar,841,Gopalganj,841405,Sikatiya Sridhar sahi
533,Bihar,841,Gopalganj,841436,Sohagpur
533,Bihar,841,Gopalganj,841426,Sisai
533,Bihar,841,Gopalganj,841423,Telmewas
533,Bihar,841,Gopalganj,841428,Yadavpur Dukhharan
533,Bihar,841,Gopalganj,841438,Uchkagaon
533,Bihar,841,Gopalganj,841508,Uchka Gaon
533,Bihar,841,Gopalganj,841441,Semaria
533,Bihar,841,Gopalganj,841409,Usribazar
533,Bihar,841,Gopalganj,841503,Thakrahan
533,Bihar,841,Gopalganj,841437,Sohnariya
533,Bihar,841,Gopalganj,841413,Sultanpur Kala
533,Bihar,841,Gopalganj,841427,Rachhopali
533,Bihar,841,Gopalganj,841407,Usri Bazar
533,Bihar,841,Gopalganj,841420,Rajapatti
533,Bihar,841,Gopalganj,841440,Thawe
533,Bihar,841,Gopalganj,841505,Sasamusa
534,Bihar,841,Saran,841207,Mujauna
534,Bihar,841,Saran,841414,Rampur Kala
534,Bihar,841,Saran,841418,Terha
534,Bihar,841,Saran,841421,Sonauli
534,Bihar,841,Saran,841208,Safari
534,Bihar,841,Saran,841401,Puraina
534,Bihar,841,Saran,841219,Sahar Chapra
534,Bihar,841,Saran,841213,Rewari
534,Bihar,841,Saran,841402,Pachrukhi
534,Bihar,841,Saran,841221,Unehchak
534,Bihar,841,Saran,841424,Ushri Chandrapura
534,Bihar,841,Saran,841417,Sherukaha
534,Bihar,841,Saran,841224,Telcha
534,Bihar,841,Saran,841442,Tujarpur
534,Bihar,841,Saran,841204,Rasualpur Chatti
534,Bihar,841,Saran,841412,Sauri Buxi zee
534,Bihar,841,Saran,841215,Pirmaker
534,Bihar,841,Saran,841223,Narwan
534,Bihar,841,Saran,841101,Sonepur R.s
534,Bihar,841,Saran,841205,Tarwa Pojhia
534,Bihar,841,Saran,841403,Ushti
534,Bihar,841,Saran,841301,Tari
534,Bihar,841,Saran,841212,Saraon
534,Bihar,841,Saran,841419,Tejpurwa
534,Bihar,841,Saran,841201,Shitalpur Bazar
534,Bihar,841,Saran,841206,Puchitikala
534,Bihar,841,Saran,841202,Ramgarha
534,Bihar,841,Saran,841410,Satjora Bazar
534,Bihar,841,Saran,841311,Sobhepur
534,Bihar,841,Saran,841460,Serampur
534,Bihar,841,Saran,841214,Nstwar Semaria
534,Bihar,841,Saran,841411,Shyam Kauria
534,Bihar,841,Saran,841415,Sadhpur
534,Bihar,841,Saran,841225,Pratapur
534,Bihar,841,Saran,841209,Matiyar
534,Bihar,841,Saran,841211,Zilkabad
534,Bihar,841,Saran,841216,Saidpur
534,Bihar,841,Saran,841217,Nayagaon
534,Bihar,841,Saran,841316,Naini
534,Bihar,841,Saran,841222,Sutihar
534,Bihar,841,Saran,841313,Nandpur
534,Bihar,841,Saran,841312,Sitabdiara
534,Bihar,841,Saran,841443,Usari Kala
534,Bihar,841,Saran,841422,Sisai
534,Bihar,841,Saran,841220,Rampur Bindalal
534,Bihar,841,Saran,841305,Sirsia
534,Bihar,841,Saran,841218,Pakri Mohamdpur
534,Bihar,841,Saran,841302,Purwari Telpa
534,Bihar,841,Saran,841433,Rasuali
534,Bihar,841,Saran,841105,T.M.pal
535,Bihar,841,Siwan,841504,Ramnagar
535,Bihar,841,Siwan,841439,Sani Basantpur
535,Bihar,841,Siwan,841239,Talli
535,Bihar,841,Siwan,841286,Telkathu
535,Bihar,841,Siwan,841234,Sareyarampur
535,Bihar,841,Siwan,841226,Tetria
535,Bihar,841,Siwan,841231,Tiyan
535,Bihar,841,Siwan,841203,Nandamura
535,Bihar,841,Siwan,841236,Siswan Kala
535,Bihar,841,Siwan,841287,Pihuli
535,Bihar,841,Siwan,841245,Zeradei
535,Bihar,841,Siwan,841506,Tarwara
535,Bihar,841,Siwan,841241,Sonbarsa
535,Bihar,841,Siwan,841404,K.T.bharouli
535,Bihar,841,Siwan,841406,Sughri
535,Bihar,841,Siwan,841244,Takipur
535,Bihar,841,Siwan,841237,Machakna
535,Bihar,841,Siwan,841238,Rukundipur
535,Bihar,841,Siwan,841435,Trwa Parsia
535,Bihar,841,Siwan,841227,Ukhai
535,Bihar,841,Siwan,841408,Sondhani
535,Bihar,841,Siwan,841232,Tethli
535,Bihar,841,Siwan,841235,Tariwani
535,Bihar,841,Siwan,841210,Noniapatti
535,Bihar,841,Siwan,841507,Singhauli
535,Bihar,841,Siwan,841434,Sikandrpur
535,Bihar,841,Siwan,841240,Tarwaparsa
535,Bihar,841,Siwan,841416,Sarif Jalalpur
535,Bihar,841,Siwan,841242,Ratanparauli
535,Bihar,841,Siwan,841233,Rasulpur Tilouta
535,Bihar,841,Siwan,841509,Tari
535,Bihar,841,Siwan,841502,Santhi
536,Bihar,842,Muzaffarpur,842002,Sheikhpur
536,Bihar,842,Muzaffarpur,842004,Umanagar
536,Bihar,842,Muzaffarpur,842005,M.I.c.
536,Bihar,842,Muzaffarpur,842003,Maripur
536,Bihar,842,Muzaffarpur,842001,Sikandarpur
537,Bihar,843,Muzaffarpur,843113,Subhankarpur
537,Bihar,843,Muzaffarpur,843118,Sarfuddinpur
537,Bihar,843,Muzaffarpur,843125,Tarawa
537,Bihar,843,Muzaffarpur,843111,Sundar Sarai
537,Bihar,843,Muzaffarpur,843104,N.Champapur
537,Bihar,843,Muzaffarpur,843123,Sirkohia
537,Bihar,843,Muzaffarpur,843119,Sonbarsa Dih
537,Bihar,843,Muzaffarpur,843103,Unsar
537,Bihar,843,Muzaffarpur,843129,Shahila Rampur
537,Bihar,843,Muzaffarpur,843128,Tengrari
537,Bihar,843,Muzaffarpur,843312,Sahi Minapur
537,Bihar,843,Muzaffarpur,843109,Sainpatti S.p.singh
537,Bihar,843,Muzaffarpur,843105,Titra Ashanand
537,Bihar,843,Muzaffarpur,843121,S.Muraul
537,Bihar,843,Muzaffarpur,843117,Tengraha
537,Bihar,843,Muzaffarpur,843120,Tola Muza
537,Bihar,843,Muzaffarpur,843127,Shirsia Jagdish
537,Bihar,843,Muzaffarpur,843112,Saraiya Bazar
537,Bihar,843,Muzaffarpur,843101,Rewa Basantpur
537,Bihar,843,Muzaffarpur,843321,Sonepur
537,Bihar,843,Muzaffarpur,843115,Tepari
537,Bihar,843,Muzaffarpur,843102,Sundarpur
537,Bihar,843,Muzaffarpur,843132,Baruraj
537,Bihar,843,Muzaffarpur,843122,Rampur Bheriahi
537,Bihar,843,Muzaffarpur,843133,Bharwari
537,Bihar,843,Muzaffarpur,843126,Saraiya Factory
537,Bihar,843,Muzaffarpur,843108,Sirsia Buzurg
537,Bihar,843,Muzaffarpur,843107,Sarmastpur
537,Bihar,843,Muzaffarpur,843106,Rupauli
537,Bihar,843,Muzaffarpur,843124,Thikaha Basudeo
537,Bihar,843,Muzaffarpur,843139,Jagdishpur Baghnagari
537,Bihar,843,Muzaffarpur,843141,Jasauli
537,Bihar,843,Muzaffarpur,843143,Karja
537,Bihar,843,Muzaffarpur,843144,Katesar
537,Bihar,843,Muzaffarpur,843146,Khabra
537,Bihar,843,Muzaffarpur,843147,Mahanth Maniari
537,Bihar,843,Muzaffarpur,843152,Manain
537,Bihar,843,Muzaffarpur,843153,Morsandi
537,Bihar,843,Muzaffarpur,843116,R.K.ashram
537,Bihar,843,Muzaffarpur,843162,S.Sandha
537,Bihar,843,Muzaffarpur,843161,Singar
537,Bihar,843,Muzaffarpur,843165,Turki Khararu
538,Bihar,843,Sheohar,843329,Tajpur
539,Bihar,843,Sitamarhi,843334,S. sultan
539,Bihar,843,Sitamarhi,843351,Akhta
539,Bihar,843,Sitamarhi,843302,Sitamarhi Bazar
539,Bihar,843,Sitamarhi,843324,Vishwa
539,Bihar,843,Sitamarhi,843360,Ufrauli
539,Bihar,843,Sitamarhi,843330,Sonbersa
539,Bihar,843,Sitamarhi,843313,Pachtaki Jaddu
539,Bihar,843,Sitamarhi,843311,R.Bagahi
539,Bihar,843,Sitamarhi,843314,M.Basaha
539,Bihar,843,Sitamarhi,843323,Tikauli
539,Bihar,843,Sitamarhi,843320,Ratan Lasmi
539,Bihar,843,Sitamarhi,843333,Sirsi
539,Bihar,843,Sitamarhi,843317,Singwahini
539,Bihar,843,Sitamarhi,843325,Rampur Bakhari
539,Bihar,843,Sitamarhi,843319,Sujatpur
539,Bihar,843,Sitamarhi,843327,Sahbajpur
539,Bihar,843,Sitamarhi,843332,Sonaul Mahoday
539,Bihar,843,Sitamarhi,843331,Sutihara
539,Bihar,843,Sitamarhi,843326,Raipur
539,Bihar,843,Sitamarhi,843328,Thumma
539,Bihar,843,Sitamarhi,843315,Suppi
539,Bihar,843,Sitamarhi,843316,T. chhapra
539,Bihar,843,Sitamarhi,843318,Saterh
539,Bihar,843,Sitamarhi,843322,Panthpakar
539,Bihar,843,Sitamarhi,843301,Sitamarhi
540,Bihar,843,Vaishali,843114,Sukki
540,Bihar,843,Vaishali,843110,Marui
541,Bihar,844,Muzaffarpur,844112,Sehan
541,Bihar,844,Muzaffarpur,844120,Rajala
541,Bihar,844,Muzaffarpur,844111,Bahilwara Roopnath
541,Bihar,844,Muzaffarpur,844127,Turki
541,Bihar,844,Muzaffarpur,844118,Padmaul
542,Bihar,844,Samastipur,844506,Inayatpur
542,Bihar,844,Samastipur,844501,Supaul
543,Bihar,844,Vaishali,844123,Sirsabiran
543,Bihar,844,Vaishali,844126,Singhara
543,Bihar,844,Vaishali,844125,Thathan Buzurg
543,Bihar,844,Vaishali,844506,Taibpur
543,Bihar,844,Vaishali,844113,Nandlalpur
543,Bihar,844,Vaishali,844111,Sain
543,Bihar,844,Vaishali,844505,Shoharthi
543,Bihar,844,Vaishali,844114,Warispur
543,Bihar,844,Vaishali,844504,Ufraul
543,Bihar,844,Vaishali,844502,Sahdullpur Dhabouli
543,Bihar,844,Vaishali,844124,Senduari
543,Bihar,844,Vaishali,844509,Sekhopur
543,Bihar,844,Vaishali,844503,Navanagar
543,Bihar,844,Vaishali,844101,Yusufpur
543,Bihar,844,Vaishali,844501,Sarmastpur
543,Bihar,844,Vaishali,844118,Malikpura
543,Bihar,844,Vaishali,844116,Rampur Ratnakar
543,Bihar,844,Vaishali,844508,Saistapur
543,Bihar,844,Vaishali,844115,Khanpur Pakari
543,Bihar,844,Vaishali,844128,Vaishali
543,Bihar,844,Vaishali,844119,Pachdamia
543,Bihar,844,Vaishali,844507,Rampur Kumaharkol
543,Bihar,844,Vaishali,844131,Hansikewal
543,Bihar,844,Vaishali,844121,Sahdullahpur
543,Bihar,844,Vaishali,844139,Mirza Nagar
543,Bihar,844,Vaishali,844134,Sondho
543,Bihar,844,Vaishali,844141,Tisiuta Dharampur
544,Bihar,845,East Champaran,845301,Siswania
544,Bihar,845,East Champaran,845413,Shambhuchak
544,Bihar,845,East Champaran,845417,Shyampur
544,Bihar,845,East Champaran,845433,Tola Mauje
544,Bihar,845,East Champaran,845401,Suraha
544,Bihar,845,East Champaran,845428,Sishani
544,Bihar,845,East Champaran,845303,Sripur Kawaiya
544,Bihar,845,East Champaran,845411,Lauriya
544,Bihar,845,East Champaran,845429,Pipra Factory
544,Bihar,845,East Champaran,845415,Semra
544,Bihar,845,East Champaran,845435,Sapaha
544,Bihar,845,East Champaran,845315,Nonuara
544,Bihar,845,East Champaran,845437,Turkaulia
544,Bihar,845,East Champaran,845418,Sirauna
544,Bihar,845,East Champaran,845436,Tetaria Factory
544,Bihar,845,East Champaran,845457,Sraiya Gopal
544,Bihar,845,East Champaran,845412,Sital Pur
544,Bihar,845,East Champaran,845422,Son Barsa
544,Bihar,845,East Champaran,845304,Telhara Kala
544,Bihar,845,East Champaran,845426,Sirsia Ganesh
544,Bihar,845,East Champaran,845420,Rupani
544,Bihar,845,East Champaran,845416,Tikulia
544,Bihar,845,East Champaran,845302,Tinkoni
544,Bihar,845,East Champaran,845305,Siswa Sounaha
544,Bihar,845,East Champaran,845423,Sembhuapur
544,Bihar,845,East Champaran,845427,Padmuker
544,Bihar,845,East Champaran,845425,Sonwal
544,Bihar,845,East Champaran,845432,Siswa Patna
544,Bihar,845,East Champaran,845406,Salempur
544,Bihar,845,East Champaran,845424,Tajpur Patkhaulia
544,Bihar,845,East Champaran,845430,Phenhara
544,Bihar,845,East Champaran,845414,Sundar Patti
544,Bihar,845,East Champaran,845419,Sareya Khas
544,Bihar,845,East Champaran,845458,Rampurwa Bazar
544,Bihar,845,East Champaran,845440,Sakarar
544,Bihar,845,East Champaran,845431,Raghunathpur Bazar
544,Bihar,845,East Champaran,845434,Tikaha Bhawanipur
545,Bihar,845,West Champaran,845459,Victoria Mission
545,Bihar,845,West Champaran,845438,Tadhawa Nandpur
545,Bihar,845,West Champaran,845455,Taulaha Champaran
545,Bihar,845,West Champaran,845450,Turahapatti
545,Bihar,845,West Champaran,845101,Singari
545,Bihar,845,West Champaran,845452,Sirnagar
545,Bihar,845,West Champaran,845307,Sundar Gaon
545,Bihar,845,West Champaran,845106,Tribhuani
545,Bihar,845,West Champaran,845454,Shikarpur
545,Bihar,845,West Champaran,845449,Tikulia
545,Bihar,845,West Champaran,845105,Tinferia
545,Bihar,845,West Champaran,845404,Taulaha
545,Bihar,845,West Champaran,845451,Rampur
545,Bihar,845,West Champaran,845103,Telpur
545,Bihar,845,West Champaran,845453,Siswania
545,Bihar,845,West Champaran,845306,Siswa Bhangaha
545,Bihar,845,West Champaran,845107,Valmiki Nagar
546,Bihar,846,Darbhanga,846007,Saramohanpur
546,Bihar,846,Darbhanga,846005,Sonhaun
546,Bihar,846,Darbhanga,846002,Thalwara
546,Bihar,846,Darbhanga,846003,Taralahi
546,Bihar,846,Darbhanga,846004,Kilaghat
546,Bihar,846,Darbhanga,846009,Sonki
546,Bihar,846,Darbhanga,846001,Sinuar Gopal
546,Bihar,846,Darbhanga,846008,K D s u
546,Bihar,846,Darbhanga,846006,Subhankarpur
547,Bihar,847,Darbhanga,847121,Singhaso
547,Bihar,847,Darbhanga,847404,Sadullahpur
547,Bihar,847,Darbhanga,847115,Telhan
547,Bihar,847,Darbhanga,847427,Tarwara
547,Bihar,847,Darbhanga,847201,Trimuhanighat
547,Bihar,847,Darbhanga,847203,Uchatti
547,Bihar,847,Darbhanga,847405,Tumaul
547,Bihar,847,Darbhanga,847233,Ramnagar Dhusi
547,Bihar,847,Darbhanga,847101,Ughra
547,Bihar,847,Darbhanga,847103,Shivnagarghat
547,Bihar,847,Darbhanga,847106,Tehwara
547,Bihar,847,Darbhanga,847105,Thathopur
547,Bihar,847,Darbhanga,847104,Manikauli
547,Bihar,847,Darbhanga,847337,Satghara
547,Bihar,847,Darbhanga,847422,Tatuar
547,Bihar,847,Darbhanga,847428,Kansi
547,Bihar,847,Darbhanga,847303,Jogiara
547,Bihar,847,Darbhanga,847423,Rasidpur
547,Bihar,847,Darbhanga,847239,Raghopur Deorhi
547,Bihar,847,Darbhanga,847306,Singhia Deorhi
547,Bihar,847,Darbhanga,847122,Parohi
547,Bihar,847,Darbhanga,847407,Sherpur
547,Bihar,847,Darbhanga,847307,Sanahpurdih
547,Bihar,847,Darbhanga,847301,Simariabhindia
547,Bihar,847,Darbhanga,847302,Reorha
547,Bihar,847,Darbhanga,847107,Tharma
547,Bihar,847,Darbhanga,847424,Sakhwar
548,Bihar,847,Madhubani,847303,Agai
548,Bihar,847,Madhubani,847230,Siriapur
548,Bihar,847,Madhubani,847402,Tilath
548,Bihar,847,Madhubani,847234,Shambhuar
548,Bihar,847,Madhubani,847401,Tharhi
548,Bihar,847,Madhubani,847109,Tulapatganj
548,Bihar,847,Madhubani,847222,Navkarhi
548,Bihar,847,Madhubani,847108,Neor
548,Bihar,847,Madhubani,847308,Uttra
548,Bihar,847,Madhubani,847211,Shubhankarpur
548,Bihar,847,Madhubani,847224,Tirhuta
548,Bihar,847,Madhubani,847409,Tengrar
548,Bihar,847,Madhubani,847226,Usarahi Deodha
548,Bihar,847,Madhubani,847239,Sakri
548,Bihar,847,Madhubani,847223,Tisi Narsam
548,Bihar,847,Madhubani,847408,Tengraha
548,Bihar,847,Madhubani,847227,Teghra
548,Bihar,847,Madhubani,847102,Taraiya
548,Bihar,847,Madhubani,847228,Thahar
548,Bihar,847,Madhubani,847421,Parsahi Sirsiya
548,Bihar,847,Madhubani,847225,Sothgaon
548,Bihar,847,Madhubani,847212,Sirpurhati
548,Bihar,847,Madhubani,847305,Madhwapur
548,Bihar,847,Madhubani,847236,Rampatti
548,Bihar,847,Madhubani,847403,Umari
548,Bihar,847,Madhubani,847404,Vijai
548,Bihar,847,Madhubani,847410,Tamuria
548,Bihar,847,Madhubani,847235,Sugauna
548,Bihar,847,Madhubani,847231,Udaypur Bithwar
548,Bihar,847,Madhubani,847122,Noorchak
548,Bihar,847,Madhubani,847452,Ratnasara
548,Bihar,847,Madhubani,847229,Rashidpur
548,Bihar,847,Madhubani,847232,Tharhi Sidhhap
548,Bihar,847,Madhubani,847238,Rahika
548,Bihar,847,Madhubani,847451,Kunauli Bazar
548,Bihar,847,Madhubani,847406,Nil
548,Bihar,847,Madhubani,847424,Sarisavpahi
549,Bihar,847,Muzaffarpur,847107,Susta
549,Bihar,847,Muzaffarpur,847307,Lakhanpur
550,Bihar,847,Samastipur,847301,P. dharampur
550,Bihar,847,Samastipur,847105,S.Majarahia
551,Bihar,847,Sitamarhi,847307,Chakauti
551,Bihar,847,Sitamarhi,847302,Nayatola
552,Bihar,847,Supaul,847452,Sarojabela
552,Bihar,847,Supaul,847451,Sikarhatta
552,Bihar,847,Supaul,847408,Marauna
553,Bihar,848,Begusarai,848204,Sihmachakka
553,Bihar,848,Begusarai,848202,Tarabariarpur
553,Bihar,848,Begusarai,848201,Sumbha
554,Bihar,848,Darbhanga,848209,Nowdega Balha
554,Bihar,848,Darbhanga,848213,Usri
554,Bihar,848,Darbhanga,848506,Jahingra
554,Bihar,848,Darbhanga,848205,Mauzi
554,Bihar,848,Darbhanga,848207,Tilkeshwar
555,Bihar,848,Khagaria,848203,Simraha
556,Bihar,848,Samastipur,848130,Tajpur
556,Bihar,848,Samastipur,848205,Sasan
556,Bihar,848,Samastipur,848505,Sarangpur
556,Bihar,848,Samastipur,848209,Wari
556,Bihar,848,Samastipur,848132,Ujiarpur
556,Bihar,848,Samastipur,848111,Akhtiarpur
556,Bihar,848,Samastipur,848114,Soeral
556,Bihar,848,Samastipur,848502,Tetarpur
556,Bihar,848,Samastipur,848236,Singhia Ghat
556,Bihar,848,Samastipur,848210,Udaipur
556,Bihar,848,Samastipur,848101,Shekhopur
556,Bihar,848,Samastipur,848506,Rasalpur
556,Bihar,848,Samastipur,848504,Taradhamaun
556,Bihar,848,Samastipur,848160,Samartha
556,Bihar,848,Samastipur,848501,Sultanpur West
556,Bihar,848,Samastipur,848117,Sripur Gahar
556,Bihar,848,Samastipur,848125,Sormar Baghla
556,Bihar,848,Samastipur,848116,Jhakhar
556,Bihar,848,Samastipur,848207,Ujan
556,Bihar,848,Samastipur,848127,Sarairanjan
556,Bihar,848,Samastipur,848102,Nauraga
556,Bihar,848,Samastipur,848503,Vidhyapati Nagar
556,Bihar,848,Samastipur,848118,Belamegh
556,Bihar,848,Samastipur,848302,Madhurapur Tara
556,Bihar,848,Samastipur,848237,Belsandi Tara
556,Bihar,848,Samastipur,848134,Mordiwa
556,Bihar,848,Samastipur,848208,Nayanagar
556,Bihar,848,Samastipur,848206,Patsa
556,Bihar,848,Samastipur,848220,Bhuswar
556,Bihar,848,Samastipur,848211,Surauli
556,Bihar,848,Samastipur,848129,Shambhupatti
556,Bihar,848,Samastipur,848113,Singhiakhurd
556,Bihar,848,Samastipur,848115,Thahra Gopalpur
556,Bihar,848,Samastipur,848122,Srichandpur Kothia
556,Bihar,848,Samastipur,848301,Rampur Kushaiya
556,Bihar,848,Samastipur,848121,Ramapur Maheshpur
556,Bihar,848,Samastipur,848133,Warish Nagar
556,Bihar,848,Samastipur,848213,Jhajhra
556,Bihar,848,Samastipur,848131,Waini
557,Bihar,851,Begusarai,851128,Samsa
557,Bihar,851,Begusarai,851111,Samsipur Bhith
557,Bihar,851,Begusarai,851131,Sankh
557,Bihar,851,Begusarai,851118,Baro
557,Bihar,851,Begusarai,851112,Tajpur
557,Bihar,851,Begusarai,851133,Teghra
557,Bihar,851,Begusarai,851132,Sripur
557,Bihar,851,Begusarai,851113,Madhurapur
557,Bihar,851,Begusarai,851116,B.T.p.p
557,Bihar,851,Begusarai,851129,Sihma
557,Bihar,851,Begusarai,851217,Sandalpur
557,Bihar,851,Begusarai,851211,Tetri
557,Bihar,851,Begusarai,851114,Barauni Oil refinery
557,Bihar,851,Begusarai,851115,Barauni Urvark nagar
557,Bihar,851,Begusarai,851101,Sri Ram press
557,Bihar,851,Begusarai,851130,Bihat
557,Bihar,851,Begusarai,851134,Ullao
557,Bihar,851,Begusarai,851127,Saraunja
557,Bihar,851,Begusarai,851103,Sisauni Kothi
557,Bihar,851,Begusarai,851117,Refinery Township
557,Bihar,851,Begusarai,851126,Simaria Ghat
557,Bihar,851,Begusarai,851218,Suja
557,Bihar,851,Begusarai,851210,Papraur
557,Bihar,851,Begusarai,851119,Mehdhauli
557,Bihar,851,Begusarai,851215,Naya Gaon
557,Bihar,851,Begusarai,851225,Parihara
557,Bihar,851,Begusarai,851219,Sanha
557,Bihar,851,Begusarai,851122,Tilrath
558,Bihar,851,Khagaria,851216,Temtha
558,Bihar,851,Khagaria,851214,Thuthi
558,Bihar,851,Khagaria,851205,Sanhauli
558,Bihar,851,Khagaria,851203,Shergarh
558,Bihar,851,Khagaria,851204,Tetrabad Chandpura
558,Bihar,851,Khagaria,851213,Samaspur
558,Bihar,851,Khagaria,851219,Balha
558,Bihar,851,Khagaria,851212,Sondiha
558,Bihar,851,Khagaria,851201,Sonbarsa Ghat
558,Bihar,851,Khagaria,851215,Madhopur
558,Bihar,851,Khagaria,851202,Gogri
558,Bihar,851,Khagaria,851225,Parihara
559,Bihar,852,Darbhanga,852216,Manuar
560,Bihar,852,Khagaria,852161,Telihar
561,Bihar,852,Madhepura,852213,Paina
561,Bihar,852,Madhepura,852201,Temabhelwa
561,Bihar,852,Madhepura,852122,Tamot Persa
561,Bihar,852,Madhepura,852121,S.Simraha
561,Bihar,852,Madhepura,852112,S.Rauta
561,Bihar,852,Madhepura,852220,Udakishunganj
561,Bihar,852,Madhepura,852128,Sripur Tengraha
561,Bihar,852,Madhepura,852101,Sarauni Kala
561,Bihar,852,Madhepura,852114,S.Millick
561,Bihar,852,Madhepura,852113,Turkahi
561,Bihar,852,Madhepura,852127,Bhatauni
561,Bihar,852,Madhepura,852218,Laxmipur
562,Bihar,852,Purnia,852122,Mirchaibari
562,Bihar,852,Purnia,852101,Sirsia
563,Bihar,852,Saharsa,852216,Terhi
563,Bihar,852,Saharsa,852221,Suhath
563,Bihar,852,Saharsa,852126,Uteshra
563,Bihar,852,Saharsa,852201,Sulindabad
563,Bihar,852,Saharsa,852217,Noneti
563,Bihar,852,Saharsa,852127,Tariama
563,Bihar,852,Saharsa,852106,Sitanabad
563,Bihar,852,Saharsa,852212,Parri
563,Bihar,852,Saharsa,852123,Shahpur Manjhol
563,Bihar,852,Saharsa,852107,Patarghat
563,Bihar,852,Saharsa,852129,Sugma
563,Bihar,852,Saharsa,852121,T. dhanchhoa
564,Bihar,852,Supaul,852138,Tharbitta
564,Bihar,852,Supaul,852109,Maheshpur
564,Bihar,852,Supaul,852218,Tarhi Bhawanipur
564,Bihar,852,Supaul,852105,Siyana
564,Bihar,852,Supaul,852214,Tamua
564,Bihar,852,Supaul,852139,Triveniganj
564,Bihar,852,Supaul,852131,Supaul Bazar
564,Bihar,852,Supaul,852123,Kataiya
564,Bihar,852,Supaul,852215,Tarhi Bazar
564,Bihar,852,Supaul,852130,Telwa Situhar
564,Bihar,852,Supaul,852110,Rakia
564,Bihar,852,Supaul,852108,Tullapatti
564,Bihar,852,Supaul,852125,Tekuna
564,Bihar,852,Supaul,852137,Surpatganj
564,Bihar,852,Supaul,852111,Simrahi Bazar
565,Bihar,853,Bhagalpur,853204,Tetripakra
565,Bihar,853,Bhagalpur,853201,Sonbarsa
565,Bihar,853,Bhagalpur,853202,Tulsipur Jamunia
565,Bihar,853,Bhagalpur,853203,Sathishnagar
565,Bihar,853,Bhagalpur,853205,Tintangadiara
565,Bihar,853,Bhagalpur,853207,Panchgachia Bazar
566,Bihar,854,Araria,854332,Panusi
566,Bihar,854,Araria,854318,Tiraskund
566,Bihar,854,Araria,854311,Rampur Mohanpur
566,Bihar,854,Araria,854312,Tamghatti
566,Bihar,854,Araria,854334,Sirsia Kalan
566,Bihar,854,Araria,854329,Tarbi
566,Bihar,854,Araria,854333,Urlaha
566,Bihar,854,Araria,854335,Rajganj
566,Bihar,854,Araria,854336,Nawabganj
566,Bihar,854,Araria,854316,Bathnaha
566,Bihar,854,Araria,854331,Tarakhandah
566,Bihar,854,Araria,854328,Maheshwari
567,Bihar,854,Katihar,854101,Tikapatti
567,Bihar,854,Katihar,854317,Phatepur
567,Bihar,854,Katihar,854105,Sahja
567,Bihar,854,Katihar,854104,Samda
567,Bihar,854,Katihar,854103,Daharia Molls
567,Bihar,854,Katihar,854106,Katihar Bmp camp
567,Bihar,854,Katihar,854108,Morsanda
567,Bihar,854,Katihar,854116,Mahaur
567,Bihar,854,Katihar,854113,T.M. baghar
567,Bihar,854,Katihar,854114,Pothia
567,Bihar,854,Katihar,854117,Rosna
567,Bihar,854,Katihar,854115,Semapur Factory
568,Bihar,854,Purnia,854330,Tolikola
568,Bihar,854,Purnia,854327,Tarauna
568,Bihar,854,Purnia,854204,Sondeep
568,Bihar,854,Purnia,854102,Harpatti
568,Bihar,854,Purnia,854316,Sonapur Bazar
568,Bihar,854,Purnia,854315,Talbari
568,Bihar,854,Purnia,854202,Rasarh
568,Bihar,854,Purnia,854303,Sahara
568,Bihar,854,Purnia,854325,Southa
568,Bihar,854,Purnia,854201,Ramnagar
568,Bihar,854,Purnia,854203,Orlaha
568,Bihar,854,Purnia,854326,Siarkhan
568,Bihar,854,Purnia,854301,Srinagar
568,Bihar,854,Purnia,854337,Rautara
568,Bihar,854,Purnia,854206,Zianganj
568,Bihar,854,Purnia,854205,Dhamdaha
568,Bihar,854,Purnia,854305,Khuskibagh
568,Bihar,854,Purnia,854335,Pithotra
568,Bihar,854,Purnia,854302,Purnea City
569,Bihar,854,Supaul,854339,Sitapur
569,Bihar,854,Supaul,854340,Birpur
569,Bihar,854,Supaul,854338,Saheban
570,Bihar,855,East Champaran,855456,Sukul Pakar
571,Bihar,855,Katihar,855102,Khirdirpur
571,Bihar,855,Katihar,855113,Teghra
571,Bihar,855,Katihar,855114,Sonali
572,Bihar,855,Kishanganj,855108,Tarabari
572,Bihar,855,Kishanganj,855101,Thiraniganj
572,Bihar,855,Kishanganj,855116,Thakurganj
572,Bihar,855,Kishanganj,855106,Galgalia
572,Bihar,855,Kishanganj,855107,Singhia
572,Bihar,855,Kishanganj,855115,Sontha
572,Bihar,855,Kishanganj,855117,Taiyabpur
573,Chandigarh,140,Chandigarh,140119,Abiana
573,Chandigarh,140,Chandigarh,140125,Ajauli
573,Chandigarh,140,Chandigarh,140301,Balongi
573,Chandigarh,140,Chandigarh,140133,Kalitran
574,Chandigarh,160,Chandigarh,160003,Behlana
574,Chandigarh,160,Chandigarh,160004,Airforce Highground
574,Chandigarh,160,Chandigarh,160036,Sector 40 (chandigarh)
574,Chandigarh,160,Chandigarh,160014,Tira
574,Chandigarh,160,Chandigarh,160017,Chandigarh.
574,Chandigarh,160,Chandigarh,160101,Mhc Manimajra
574,Chandigarh,160,Chandigarh,160012,Sector 12 (chandigarh)
574,Chandigarh,160,Chandigarh,160018,Sector 18 (chandigarh)
574,Chandigarh,160,Chandigarh,160002,Ram Darbar
574,Chandigarh,160,Chandigarh,160001,Vidhansadan
574,Chandigarh,160,Chandigarh,160025,Maloya Colony
574,Chandigarh,160,Chandigarh,160102,Raipur Kalan
574,Chandigarh,160,Chandigarh,160019,Sector 27 (chandigarh)
574,Chandigarh,160,Chandigarh,160011,Sector 11( chandigarh)
574,Chandigarh,160,Chandigarh,160015,Sector 16 (chandigarh)
574,Chandigarh,160,Chandigarh,160020,Sector 20 (chandigarh)
574,Chandigarh,160,Chandigarh,160022,Sector 34 (chandigarh)
574,Chandigarh,160,Chandigarh,160023,Sector 23 ( chandigarh)
574,Chandigarh,160,Chandigarh,160030,Sector 31 (chandigarh
574,Chandigarh,160,Chandigarh,160035,Sector 35 (chandigarh)
574,Chandigarh,160,Chandigarh,160047,Sector 47 chandigarh
574,Chandigarh,160,Chandigarh,160009,Sector 9 (chandigarh)
575,Chhattisgarh,174,Bilaspur,174021,Takrera
575,Chhattisgarh,174,Bilaspur,174024,Auhar
575,Chhattisgarh,174,Bilaspur,174029,Sunhani
575,Chhattisgarh,174,Bilaspur,174031,Ser
575,Chhattisgarh,174,Bilaspur,174003,Tantha
575,Chhattisgarh,174,Bilaspur,174001,Tatoh
575,Chhattisgarh,174,Bilaspur,174013,Salnoo
575,Chhattisgarh,174,Bilaspur,174027,Taroun
575,Chhattisgarh,174,Bilaspur,174002,Majri
575,Chhattisgarh,174,Bilaspur,174012,Panjgain
575,Chhattisgarh,174,Bilaspur,174015,Lakhnoo
575,Chhattisgarh,174,Bilaspur,174201,Tarsooh
575,Chhattisgarh,174,Bilaspur,174035,Malraon
575,Chhattisgarh,174,Bilaspur,174004,Rohin
575,Chhattisgarh,174,Bilaspur,174028,Salaon
575,Chhattisgarh,174,Bilaspur,174026,Talyana
575,Chhattisgarh,174,Bilaspur,174023,Dangar
575,Chhattisgarh,174,Bilaspur,174032,Soldha
575,Chhattisgarh,174,Bilaspur,174034,Thuran
575,Chhattisgarh,174,Bilaspur,174030,Talli
575,Chhattisgarh,174,Bilaspur,174017,Paploa
575,Chhattisgarh,174,Bilaspur,174011,Zakatkhana
575,Chhattisgarh,174,Bilaspur,174310,Swahan
575,Chhattisgarh,174,Bilaspur,174033,Suin Surhar
575,Chhattisgarh,174,Bilaspur,174005,Raghunath Pura
576,Chhattisgarh,490,Durg,490036,Nandini Khundini
576,Chhattisgarh,490,Durg,490021,Sirsakala
576,Chhattisgarh,490,Durg,490001,Sector 3 bhilai
576,Chhattisgarh,490,Durg,490025,Urla
576,Chhattisgarh,490,Durg,490009,Sector 8 bhilai
576,Chhattisgarh,490,Durg,490006,Sector 7 bhilai
576,Chhattisgarh,490,Durg,490024,Surdung
576,Chhattisgarh,490,Durg,490026,I E bhilai
576,Chhattisgarh,490,Durg,490042,Pahanda
576,Chhattisgarh,490,Durg,490023,Vaishali Nagar bhilai
576,Chhattisgarh,490,Durg,490011,New Khursipar bhilai
576,Chhattisgarh,490,Durg,490020,Smriti Nagar bhilai
576,Chhattisgarh,490,Durg,490022,S A f lines bhilai
577,Chhattisgarh,491,Durg,491223,Tavera
577,Chhattisgarh,491,Durg,491771,Tatenga
577,Chhattisgarh,491,Durg,491226,Tekapar
577,Chhattisgarh,491,Durg,491221,Vinayakpur
577,Chhattisgarh,491,Durg,491228,Themabuzurg
577,Chhattisgarh,491,Durg,491332,Sondh
577,Chhattisgarh,491,Durg,491337,Pratappur
577,Chhattisgarh,491,Durg,491225,Tirga
577,Chhattisgarh,491,Durg,491222,Sikosa
577,Chhattisgarh,491,Durg,491335,Thengabhat
577,Chhattisgarh,491,Durg,491340,Temri
577,Chhattisgarh,491,Durg,491227,Tarri
577,Chhattisgarh,491,Durg,491993,Saldha
577,Chhattisgarh,491,Durg,491331,Sahaspur
577,Chhattisgarh,491,Durg,491111,Teligundra
577,Chhattisgarh,491,Durg,491001,Tumakala
577,Chhattisgarh,491,Durg,491107,Utai Pedal
577,Chhattisgarh,491,Durg,491338,Tipni
578,Chhattisgarh,491,Kawardha,491559,Sehamalgi
578,Chhattisgarh,491,Kawardha,491995,Surajpura
578,Chhattisgarh,491,Kawardha,491336,Marka
579,Chhattisgarh,491,Rajnandgaon,491666,Somatola
579,Chhattisgarh,491,Rajnandgaon,491668,Mudpar
579,Chhattisgarh,491,Rajnandgaon,491665,Wasadi
579,Chhattisgarh,491,Rajnandgaon,491445,Patpar
579,Chhattisgarh,491,Rajnandgaon,491441,Tumdibod
579,Chhattisgarh,491,Rajnandgaon,491558,Shikari Mahka
579,Chhattisgarh,491,Rajnandgaon,491661,Umarwahi
579,Chhattisgarh,491,Rajnandgaon,491888,Usarwahi
579,Chhattisgarh,491,Rajnandgaon,491229,Tohe
579,Chhattisgarh,491,Rajnandgaon,491557,Tendunala
579,Chhattisgarh,491,Rajnandgaon,491881,Singarghat
579,Chhattisgarh,491,Rajnandgaon,491444,Uparwah
579,Chhattisgarh,491,Rajnandgaon,491885,Udaipur
580,Chhattisgarh,492,Mahasamund,492112,Sankra
581,Chhattisgarh,492,Raipur,492109,Pond
581,Chhattisgarh,492,Raipur,492001,Vivekanand Ashram
581,Chhattisgarh,492,Raipur,492101,Palod
581,Chhattisgarh,492,Raipur,492112,Thargaon
581,Chhattisgarh,492,Raipur,492015,Sejbahar
581,Chhattisgarh,492,Raipur,492008,W.R.s.colony
581,Chhattisgarh,492,Raipur,492006,Ravigram
581,Chhattisgarh,492,Raipur,492013,Sunder Nagar
581,Chhattisgarh,492,Raipur,492010,Ravi Shankar university
581,Chhattisgarh,492,Raipur,492007,Shanker Nagar
581,Chhattisgarh,492,Raipur,492099,Tenduwa
581,Chhattisgarh,492,Raipur,492003,Urla
581,Chhattisgarh,492,Raipur,492005,Vidhan Sabha
582,Chhattisgarh,493,Dhamtari,493773,Tarsiwa
582,Chhattisgarh,493,Dhamtari,493663,Sirri
582,Chhattisgarh,493,Dhamtari,493778,Umargaon
582,Chhattisgarh,493,Dhamtari,493770,Silouti
582,Chhattisgarh,493,Dhamtari,493776,Rudri
583,Chhattisgarh,493,Mahasamund,493445,Tusda
583,Chhattisgarh,493,Mahasamund,493558,Toshgaon
583,Chhattisgarh,493,Mahasamund,493554,Sirko
583,Chhattisgarh,493,Mahasamund,493555,Pirda
583,Chhattisgarh,493,Mahasamund,493449,Tendukona
583,Chhattisgarh,493,Mahasamund,493551,Turenga
584,Chhattisgarh,493,Raipur,493661,Uparwara
584,Chhattisgarh,493,Raipur,493225,Tekarikunda
584,Chhattisgarh,493,Raipur,493526,Siriadih
584,Chhattisgarh,493,Raipur,493992,Tarighat
584,Chhattisgarh,493,Raipur,493211,Tarra
584,Chhattisgarh,493,Raipur,493335,Sinodha
584,Chhattisgarh,493,Raipur,493228,Sonardeori
584,Chhattisgarh,493,Raipur,493890,Urmal
584,Chhattisgarh,493,Raipur,493559,Senduras
584,Chhattisgarh,493,Raipur,493441,Samoda
584,Chhattisgarh,493,Raipur,493331,Tonatar
584,Chhattisgarh,493,Raipur,493116,Tadwa
584,Chhattisgarh,493,Raipur,493332,Semradih
584,Chhattisgarh,493,Raipur,493101,Simga
584,Chhattisgarh,493,Raipur,493344,Tundra
584,Chhattisgarh,493,Raipur,493663,Barna
584,Chhattisgarh,493,Raipur,493885,Sursabandha
584,Chhattisgarh,493,Raipur,493889,Taurenga
584,Chhattisgarh,493,Raipur,493551,Baya
584,Chhattisgarh,493,Raipur,493118,Tarenga
584,Chhattisgarh,493,Raipur,493195,Tulsi
584,Chhattisgarh,493,Raipur,493222,Salonikala
584,Chhattisgarh,493,Raipur,493229,Watgan
584,Chhattisgarh,493,Raipur,493338,Tundri
584,Chhattisgarh,493,Raipur,493221,Tarpongi
584,Chhattisgarh,493,Raipur,493114,Tilda R.s.
584,Chhattisgarh,493,Raipur,493996,Seoni
584,Chhattisgarh,493,Raipur,493196,Rawan
584,Chhattisgarh,493,Raipur,493113,Nawapara
584,Chhattisgarh,493,Raipur,493111,Mandhar Cement factory
584,Chhattisgarh,493,Raipur,493881,Nawapara Rajim
585,Chhattisgarh,494,Bastar,494001,Sadgud
585,Chhattisgarh,494,Bastar,494331,Singanpur
585,Chhattisgarh,494,Bastar,494228,Urandabeda
585,Chhattisgarh,494,Bastar,494230,Useli
585,Chhattisgarh,494,Bastar,494221,Tarapur
585,Chhattisgarh,494,Bastar,494226,Umargaon
585,Chhattisgarh,494,Bastar,494010,Taragaon
585,Chhattisgarh,494,Bastar,494347,Vishrampuri
585,Chhattisgarh,494,Bastar,494224,Usari
585,Chhattisgarh,494,Bastar,494442,Tokapal Rajoor
585,Chhattisgarh,494,Bastar,494223,Talur
585,Chhattisgarh,494,Bastar,494222,Sonpur
585,Chhattisgarh,494,Bastar,494229,Pharasgaon Camp
585,Chhattisgarh,494,Bastar,494111,Gadiras
585,Chhattisgarh,494,Bastar,494005,Titirgaon
586,Chhattisgarh,494,Bijapur,494446,Timed
586,Chhattisgarh,494,Bijapur,494447,Usoor
586,Chhattisgarh,494,Bijapur,494444,Tumnar
586,Chhattisgarh,494,Bijapur,494448,Sankanpalli
586,Chhattisgarh,494,Bijapur,494552,Etepal
587,Chhattisgarh,494,Dantewada,494556,Potali
587,Chhattisgarh,494,Dantewada,494122,Sirsitti
587,Chhattisgarh,494,Dantewada,494553,Dugeli
587,Chhattisgarh,494,Dantewada,494552,Tikanpal
587,Chhattisgarh,494,Dantewada,494115,Tongpal
587,Chhattisgarh,494,Dantewada,494111,Urmapal
587,Chhattisgarh,494,Dantewada,494441,Shivanandashram
587,Chhattisgarh,494,Dantewada,494449,Teknar
587,Chhattisgarh,494,Dantewada,494114,Mehta
587,Chhattisgarh,494,Dantewada,494551,Kumharras
587,Chhattisgarh,494,Dantewada,494448,Modakpal
588,Chhattisgarh,494,Kanker,494335,Thema
588,Chhattisgarh,494,Kanker,494333,Narharpur
588,Chhattisgarh,494,Kanker,494665,Tadoki
588,Chhattisgarh,494,Kanker,494337,Puri
588,Chhattisgarh,494,Kanker,494635,Traighotiya
588,Chhattisgarh,494,Kanker,494669,Michgaon Sadhu
588,Chhattisgarh,494,Kanker,494334,Vyas Kongera
588,Chhattisgarh,494,Kanker,494771,Nedgaon
588,Chhattisgarh,494,Kanker,494670,Tarandul
588,Chhattisgarh,494,Kanker,494777,Tekameta
588,Chhattisgarh,494,Kanker,494776,Sangam
588,Chhattisgarh,494,Kanker,494336,Udkuda
589,Chhattisgarh,494,Narayanpur,494661,Remawand
590,Chhattisgarh,495,Bilaspur,495113,Shivtarai
590,Chhattisgarh,495,Bilaspur,495115,Surhi
590,Chhattisgarh,495,Bilaspur,495119,Silpahri
590,Chhattisgarh,495,Bilaspur,495330,Takhatpur
590,Chhattisgarh,495,Bilaspur,495224,Sewar
590,Chhattisgarh,495,Bilaspur,495117,Sadhwani
590,Chhattisgarh,495,Bilaspur,495550,Nargoda
590,Chhattisgarh,495,Bilaspur,495335,Sonthi (m)
590,Chhattisgarh,495,Bilaspur,495001,Sakri
590,Chhattisgarh,495,Bilaspur,495006,Urtum
590,Chhattisgarh,495,Bilaspur,495334,Terhadhaura
590,Chhattisgarh,495,Bilaspur,495116,Umariyadadar
590,Chhattisgarh,495,Bilaspur,495551,Tikari
590,Chhattisgarh,495,Bilaspur,495112,Tanda
590,Chhattisgarh,495,Bilaspur,495223,Bilaspur Industrial estate
590,Chhattisgarh,495,Bilaspur,495004,Torwa
590,Chhattisgarh,495,Bilaspur,495009,Sendri
590,Chhattisgarh,495,Bilaspur,495220,Sakarra
590,Chhattisgarh,495,Bilaspur,495442,Singhri
590,Chhattisgarh,495,Bilaspur,495663,Gopal Nagar
590,Chhattisgarh,495,Bilaspur,495668,Hardi (j)
590,Chhattisgarh,495,Bilaspur,495222,Hirri Mines
590,Chhattisgarh,495,Bilaspur,495118,Marwahi
590,Chhattisgarh,495,Bilaspur,495555,Ujwal Nagar
591,Chhattisgarh,495,Janjgir Champa,495695,Tundri
591,Chhattisgarh,495,Janjgir Champa,495552,Sankar
591,Chhattisgarh,495,Janjgir Champa,495668,Tilai
591,Chhattisgarh,495,Janjgir Champa,495692,Sapos
591,Chhattisgarh,495,Janjgir Champa,495689,Temar
591,Chhattisgarh,495,Janjgir Champa,495559,Ponch
591,Chhattisgarh,495,Janjgir Champa,495660,Bamhni Bazar
591,Chhattisgarh,495,Janjgir Champa,495687,Sarhar
591,Chhattisgarh,495,Janjgir Champa,495554,Sasha
591,Chhattisgarh,495,Janjgir Champa,495671,Umreli
591,Chhattisgarh,495,Janjgir Champa,495691,Pota
591,Chhattisgarh,495,Janjgir Champa,495557,Tusma
591,Chhattisgarh,495,Janjgir Champa,495556,Tiwaripara
591,Chhattisgarh,495,Janjgir Champa,495661,Birra
591,Chhattisgarh,495,Janjgir Champa,495549,Cci Akaltara
591,Chhattisgarh,495,Janjgir Champa,495688,Sukhda
591,Chhattisgarh,495,Janjgir Champa,495690,Jaijaipur
591,Chhattisgarh,495,Janjgir Champa,495001,Kapan
591,Chhattisgarh,495,Janjgir Champa,495553,Tarod
591,Chhattisgarh,495,Janjgir Champa,495663,Mulmula
592,Chhattisgarh,495,Korba,495660,Sonthi
592,Chhattisgarh,495,Korba,495684,Balco Nagar korba
592,Chhattisgarh,495,Korba,495690,Tusar
592,Chhattisgarh,495,Korba,495691,Singhra
592,Chhattisgarh,495,Korba,495118,Usad
592,Chhattisgarh,495,Korba,495449,Tiwarta
592,Chhattisgarh,495,Korba,495455,Balgi Project korba
592,Chhattisgarh,495,Korba,495453,Machadoli
592,Chhattisgarh,495,Korba,495445,Tuman
592,Chhattisgarh,495,Korba,495447,Mongra
592,Chhattisgarh,495,Korba,495674,Tilkeja
592,Chhattisgarh,495,Korba,495454,Pandania
592,Chhattisgarh,495,Korba,495446,Utarda
592,Chhattisgarh,495,Korba,495683,Risdi
592,Chhattisgarh,495,Korba,495450,Vikas Bhawan
592,Chhattisgarh,495,Korba,495687,Choria
592,Chhattisgarh,495,Korba,495682,Manikpur Colliery
592,Chhattisgarh,495,Korba,495452,Wcl Gevra project
592,Chhattisgarh,495,Korba,495661,Taldeori
592,Chhattisgarh,495,Korba,495677,Korba Colliery
592,Chhattisgarh,495,Korba,495678,Korba Town
593,Chhattisgarh,496,Jashpur,496245,Tumla
593,Chhattisgarh,496,Jashpur,496331,Sogada
593,Chhattisgarh,496,Jashpur,496330,Manora
593,Chhattisgarh,496,Jashpur,496224,Sarabkombo
593,Chhattisgarh,496,Jashpur,496338,Portenga
593,Chhattisgarh,496,Jashpur,496220,Sekharpur
593,Chhattisgarh,496,Jashpur,496336,Sulesha
593,Chhattisgarh,496,Jashpur,496118,Vijaynagar
593,Chhattisgarh,496,Jashpur,496223,Semarkachar
593,Chhattisgarh,496,Jashpur,496334,Simda
593,Chhattisgarh,496,Jashpur,496225,Ranpur
593,Chhattisgarh,496,Jashpur,496242,Sahaspur
593,Chhattisgarh,496,Jashpur,496227,Tapkara
594,Chhattisgarh,496,Raigarh,496197,Urba
594,Chhattisgarh,496,Raigarh,496551,Tausir
594,Chhattisgarh,496,Raigarh,496661,Tiur
594,Chhattisgarh,496,Raigarh,496100,Tetla
594,Chhattisgarh,496,Raigarh,496450,Ulkhar
594,Chhattisgarh,496,Raigarh,496440,Tinmini
594,Chhattisgarh,496,Raigarh,496554,Saria
594,Chhattisgarh,496,Raigarh,496115,Salakia
594,Chhattisgarh,496,Raigarh,496111,Teram
594,Chhattisgarh,496,Raigarh,496116,Ududa
594,Chhattisgarh,496,Raigarh,496665,Relo
594,Chhattisgarh,496,Raigarh,496001,Usrot
594,Chhattisgarh,496,Raigarh,496113,Turtura
594,Chhattisgarh,496,Raigarh,496445,Tandipar
594,Chhattisgarh,496,Raigarh,496242,Farsabahar
595,Chhattisgarh,497,Jashpur,497118,Gala
596,Chhattisgarh,497,Koriya,497447,West Jhagrakhand colly
596,Chhattisgarh,497,Koriya,497331,Tejpur
596,Chhattisgarh,497,Koriya,497778,Singrouli
596,Chhattisgarh,497,Koriya,497335,Patrapali
596,Chhattisgarh,497,Koriya,497339,Sonhat
596,Chhattisgarh,497,Koriya,497449,Udhnapur
596,Chhattisgarh,497,Koriya,497553,Kurasia Colly
596,Chhattisgarh,497,Koriya,497442,Nagpur
596,Chhattisgarh,497,Koriya,497555,Godripara
596,Chhattisgarh,497,Koriya,497451,Haldibadi
596,Chhattisgarh,497,Koriya,497446,Jhagrakhand Colly
596,Chhattisgarh,497,Koriya,497557,Sonawani Colly
596,Chhattisgarh,497,Koriya,497448,South Jhagrakhand colly
596,Chhattisgarh,497,Koriya,497773,West Chirimiri
597,Chhattisgarh,497,Surguja,497001,Songara
597,Chhattisgarh,497,Surguja,497220,Vijaynagar
597,Chhattisgarh,497,Surguja,497116,Udaipur
597,Chhattisgarh,497,Surguja,497101,Urdara
597,Chhattisgarh,497,Surguja,497231,Sirsi
597,Chhattisgarh,497,Surguja,497333,Umeshwarpur
597,Chhattisgarh,497,Surguja,497225,Wadrafnagar
597,Chhattisgarh,497,Surguja,497119,Shahpur
597,Chhattisgarh,497,Surguja,497114,Ulkia
597,Chhattisgarh,497,Surguja,497223,Semarkalan
597,Chhattisgarh,497,Surguja,497111,Sur
597,Chhattisgarh,497,Surguja,497226,Ramnagar
597,Chhattisgarh,497,Surguja,497235,Salka
597,Chhattisgarh,497,Surguja,497224,Umko
597,Chhattisgarh,497,Surguja,497118,Sihar
597,Chhattisgarh,497,Surguja,497229,Surajpur
598,Chhattisgarh,586,Bijapur,586213,Yalgur
598,Chhattisgarh,586,Bijapur,586111,Manur
598,Chhattisgarh,586,Bijapur,586117,Savalsang
598,Chhattisgarh,586,Bijapur,586112,Tadavalga
598,Chhattisgarh,586,Bijapur,586123,Yargal
598,Chhattisgarh,586,Bijapur,586211,Padnur
598,Chhattisgarh,586,Bijapur,586108,Torvi
598,Chhattisgarh,586,Bijapur,586118,Tilgul
598,Chhattisgarh,586,Bijapur,586201,Vandal
598,Chhattisgarh,586,Bijapur,586202,Rampur
598,Chhattisgarh,586,Bijapur,586129,Yargal (tgd)
598,Chhattisgarh,586,Bijapur,586216,Telgi
598,Chhattisgarh,586,Bijapur,586204,Zalki
598,Chhattisgarh,586,Bijapur,586127,Yambatnal
598,Chhattisgarh,586,Bijapur,586203,Yalwar
598,Chhattisgarh,586,Bijapur,586207,Hingani
598,Chhattisgarh,586,Bijapur,586217,Vibhuthalli
598,Chhattisgarh,586,Bijapur,586104,Yatnal
598,Chhattisgarh,586,Bijapur,586210,Siddanath
598,Chhattisgarh,586,Bijapur,586128,Yankanchi
598,Chhattisgarh,586,Bijapur,586214,Tumbagi
598,Chhattisgarh,586,Bijapur,586114,Somadevarhatti
598,Chhattisgarh,586,Bijapur,586113,Yakkundi
598,Chhattisgarh,586,Bijapur,586116,Vanahalli
598,Chhattisgarh,586,Bijapur,586215,Tenihalli
598,Chhattisgarh,586,Bijapur,586119,Tidgundi
598,Chhattisgarh,586,Bijapur,586245,Yarzeri
598,Chhattisgarh,586,Bijapur,586103,Darga (bijapur)
598,Chhattisgarh,586,Bijapur,586120,Yalgod
598,Chhattisgarh,586,Bijapur,586101,Bijapur Tajbavadi
598,Chhattisgarh,586,Bijapur,586102,Bijapur Sainik school
598,Chhattisgarh,586,Bijapur,586124,Siddapur Ds
598,Chhattisgarh,586,Bijapur,586206,Kumshi
598,Chhattisgarh,586,Bijapur,586115,Satihal
598,Chhattisgarh,586,Bijapur,586208,Wadwadgi
598,Chhattisgarh,586,Bijapur,586205,Umrani
598,Chhattisgarh,586,Bijapur,586130,Tikota
598,Chhattisgarh,586,Bijapur,586125,Shegunshi
598,Chhattisgarh,586,Bijapur,586122,Yarnal
598,Chhattisgarh,586,Bijapur,586121,Tonshyal
598,Chhattisgarh,586,Bijapur,586209,Indi Bazar
598,Chhattisgarh,586,Bijapur,586126,Kumthe
598,Chhattisgarh,586,Bijapur,586212,Muddebihal Bazar
599,Chhattisgarh,587,Bijapur,587117,Shirbur
600,Dadra And nagar haveli,396,Dadra And nagar haveli,396230,Velugam
600,Dadra And nagar haveli,396,Dadra And nagar haveli,396240,Vasona
600,Dadra And nagar haveli,396,Dadra And nagar haveli,396193,Karvad
600,Dadra And nagar haveli,396,Dadra And nagar haveli,396235,Naroli
601,Daman And diu,362,Diu,362570,Wanakbara
601,Daman And diu,362,Diu,362520,Fudam
601,Daman And diu,362,Diu,362540,Ghoghla
602,Daman And diu,396,Daman,396210,Varkund
602,Daman And diu,396,Daman,396215,Kunta
602,Daman And diu,396,Daman,396220,Moti Daman
603,Delhi,110,Central Delhi,110002,Rajghat Power house
603,Delhi,110,Central Delhi,110055,Swami Ram tirth nagar
603,Delhi,110,Central Delhi,110005,Sat Nagar
603,Delhi,110,Central Delhi,110001,Supreme Court
603,Delhi,110,Central Delhi,110008,Patel Nagar west
603,Delhi,110,Central Delhi,110003,Pandara Road
603,Delhi,110,Central Delhi,110011,Udyog Bhawan
603,Delhi,110,Central Delhi,110006,Jama Masjid
603,Delhi,110,Central Delhi,110012,National Physical laboratory
603,Delhi,110,Central Delhi,110060,Rajender Nagar
603,Delhi,110,Central Delhi,110004,Rashtrapati Bhawan
603,Delhi,110,Central Delhi,110069,Union Public service commissio
604,Delhi,110,East Delhi,110092,Yozna Vihar
604,Delhi,110,East Delhi,110051,Ram Nagar
604,Delhi,110,East Delhi,110032,Vishwas Nagar
604,Delhi,110,East Delhi,110053,Yamuna Vihar
604,Delhi,110,East Delhi,110091,Trilok Puri
604,Delhi,110,East Delhi,110094,Sonia Vihar
604,Delhi,110,East Delhi,110095,Vivek Vihar
604,Delhi,110,East Delhi,110031,Shastri Nagar
604,Delhi,110,East Delhi,110096,Vasundhra Enclave
604,Delhi,110,East Delhi,110093,Nand Nagri c
605,Delhi,110,New Delhi,110020,F F c okhla
605,Delhi,110,New Delhi,110001,New Delhi.
606,Delhi,110,North Delhi,110006,S.T. road
606,Delhi,110,North Delhi,110007,Shakti Nagar
606,Delhi,110,North Delhi,110084,Jharoda Majraa
606,Delhi,110,North Delhi,110054,Timarpur
607,Delhi,110,North West delhi,110033,N.S.mandi
607,Delhi,110,North West delhi,110036,Tajpur Kalan
607,Delhi,110,North West delhi,110034,Sri Nagar colony
607,Delhi,110,North West delhi,110052,Wazir Pur iii
607,Delhi,110,North West delhi,110039,Qutabagarh
607,Delhi,110,North West delhi,110042,Siraspur
607,Delhi,110,North West delhi,110040,Singhu
607,Delhi,110,North West delhi,110086,Sultanpuri F block
607,Delhi,110,North West delhi,110081,Rani Khera
607,Delhi,110,North West delhi,110009,Nirankari Colony
607,Delhi,110,North West delhi,110035,Sarai Rohilla
607,Delhi,110,North West delhi,110088,Shalimar Bagh
607,Delhi,110,North West delhi,110082,Naya Bans
607,Delhi,110,North West delhi,110083,Mangolpuri S block
607,Delhi,110,North West delhi,110006,Nangal Poona
607,Delhi,110,North West delhi,110085,Rohini Sector-7
607,Delhi,110,North West delhi,110089,Rohini Sector 15
607,Delhi,110,North West delhi,110056,Shakur Basti depot
608,Delhi,110,South Delhi,110025,Zakir Nagar
608,Delhi,110,South Delhi,110062,Talimabad
608,Delhi,110,South Delhi,110019,Tugalkabad
608,Delhi,110,South Delhi,110003,Safdarjung Air port
608,Delhi,110,South Delhi,110024,Lajpat Nagar
608,Delhi,110,South Delhi,110049,Sahpurjat
608,Delhi,110,South Delhi,110044,Tugalkabad Railway colony
608,Delhi,110,South Delhi,110020,Okhla Industrial estate
608,Delhi,110,South Delhi,110017,South Malviya nagar
608,Delhi,110,South Delhi,110013,Hazrat Nizamuddin
608,Delhi,110,South Delhi,110065,Sriniwaspuri
608,Delhi,110,South Delhi,110048,Masjid Moth
608,Delhi,110,South Delhi,110014,Pratap Market
608,Delhi,110,South Delhi,110076,Sarita Vihar
609,Delhi,110,South West delhi,110010,Subroto Park
609,Delhi,110,South West delhi,110038,Rajokari
609,Delhi,110,South West delhi,110075,Dwarka Sec-6
609,Delhi,110,South West delhi,110021,South Delhi campus
609,Delhi,110,South West delhi,110029,S J enclave
609,Delhi,110,South West delhi,110047,Mandi
609,Delhi,110,South West delhi,110028,Tilangpur Kotla
609,Delhi,110,South West delhi,110071,Chhawla
609,Delhi,110,South West delhi,110077,Raj Nagar - ii
609,Delhi,110,South West delhi,110061,Shahbad Mohammadpur
609,Delhi,110,South West delhi,110074,Satbari
609,Delhi,110,South West delhi,110072,Crpf Jharoda kalan
609,Delhi,110,South West delhi,110073,Ujwa
609,Delhi,110,South West delhi,110030,T B hospital
609,Delhi,110,South West delhi,110016,Technology Bhawan
609,Delhi,110,South West delhi,110037,Samalkha
609,Delhi,110,South West delhi,110068,Neb Sarai
609,Delhi,110,South West delhi,110045,Palam Village
609,Delhi,110,South West delhi,110067,Munirka
609,Delhi,110,South West delhi,110043,Najafgarh
609,Delhi,110,South West delhi,110078,N.S.i.t. dwarka
609,Delhi,110,South West delhi,110023,Sarojini Nagar
609,Delhi,110,South West delhi,110070,Vasant Kunj pkt-a
609,Delhi,110,South West delhi,110064,Shopping Centre mayapuri
609,Delhi,110,South West delhi,110046,Sagarpur
609,Delhi,110,South West delhi,110022,R K puram sect7
609,Delhi,110,South West delhi,110066,R K puram west
609,Delhi,110,South West delhi,110057,Vasant Vihar-2
610,Delhi,110,West Delhi,110058,Janakpuri
610,Delhi,110,West Delhi,110018,Vishnu Garden
610,Delhi,110,West Delhi,110026,Shivaji Park
610,Delhi,110,West Delhi,110015,Zakhira
610,Delhi,110,West Delhi,110059,Uttam Nagar
610,Delhi,110,West Delhi,110064,Hari Nagar dadb block
610,Delhi,110,West Delhi,110027,Subhash Nagar west
610,Delhi,110,West Delhi,110063,Paschim Vihar b block
610,Delhi,110,West Delhi,110087,Sunder Vihar
610,Delhi,110,West Delhi,110041,Nangloi - iii
611,Goa,403,North Goa,403503,Sirgao
611,Goa,403,North Goa,403530,Pissurlem
611,Goa,403,North Goa,403512,Virnora
611,Goa,403,North Goa,403508,Nachinola
611,Goa,403,North Goa,403521,Secretariat
611,Goa,403,North Goa,403509,Caisua
611,Goa,403,North Goa,403524,Qurinpani
611,Goa,403,North Goa,403516,Calangute
611,Goa,403,North Goa,403507,Ucassiam
611,Goa,403,North Goa,403201,Bambolim Camp
611,Goa,403,North Goa,403202,Bambolim Complex
611,Goa,403,North Goa,403108,Siridao
611,Goa,403,North Goa,403101,Salvador De mond
611,Goa,403,North Goa,403107,Cumbharjua
611,Goa,403,North Goa,403504,Pilgao
611,Goa,403,North Goa,403529,Bicholim Industrial estate
611,Goa,403,North Goa,403506,Velguem O
611,Goa,403,North Goa,403001,St Inez
611,Goa,403,North Goa,403523,Pomburpa
611,Goa,403,North Goa,403510,Parra
611,Goa,403,North Goa,403406,Sancordem
611,Goa,403,North Goa,403515,Sinquerim
611,Goa,403,North Goa,403110,Corlim Ie
611,Goa,403,North Goa,403002,Caranzalem
611,Goa,403,North Goa,403505,Surla
611,Goa,403,North Goa,403006,Ribandar
611,Goa,403,North Goa,403102,Chorao
611,Goa,403,North Goa,403513,Revora
611,Goa,403,North Goa,403206,Goa University
611,Goa,403,North Goa,403403,Piedade
611,Goa,403,North Goa,403527,Mandrem
611,Goa,403,North Goa,403104,Neura
611,Goa,403,North Goa,403404,Marcaim
611,Goa,403,North Goa,403109,N B verem
611,Goa,403,North Goa,403114,Reis Magos
611,Goa,403,North Goa,403004,Nio Dona paula
611,Goa,403,North Goa,403517,Siolim
611,Goa,403,North Goa,403105,Pale
611,Goa,403,North Goa,403203,Pilar
611,Goa,403,North Goa,403401,Ponda
611,Goa,403,North Goa,403501,Succour Pssk
611,Goa,403,North Goa,403511,Sem Saligao
611,Goa,403,North Goa,403005,Santa Cruz
611,Goa,403,North Goa,403103,Tarvalem
611,Goa,403,North Goa,403502,Tivim
611,Goa,403,North Goa,403204,St. lourence
611,Goa,403,North Goa,403526,Tivim Ie
611,Goa,403,North Goa,403407,Usgao
611,Goa,403,North Goa,403402,Velha-goa
612,Goa,403,South Goa,403801,A.P.terminal
612,Goa,403,South Goa,403401,Verem De ponda
612,Goa,403,South Goa,403702,Sadolxem
612,Goa,403,South Goa,403705,Xeldem
612,Goa,403,South Goa,403723,Velim
612,Goa,403,South Goa,403107,Marcela
612,Goa,403,South Goa,403601,Margao
612,Goa,403,South Goa,403714,Guirdolim Pssk
612,Goa,403,South Goa,403701,Assolna
612,Goa,403,South Goa,403802,Vasco-da-gama
612,Goa,403,South Goa,403703,Veroda
612,Goa,403,South Goa,403704,Valkini
612,Goa,403,South Goa,403716,Benaulim
612,Goa,403,South Goa,403713,Utorda
612,Goa,403,South Goa,403409,Betora I.e.
612,Goa,403,South Goa,403806,Bogmalo
612,Goa,403,South Goa,403706,Xelvona
612,Goa,403,South Goa,403718,Loutolim
612,Goa,403,South Goa,403712,Velsao Pssk
612,Goa,403,South Goa,403717,Carmona
612,Goa,403,South Goa,403731,Cavelossim
612,Goa,403,South Goa,403711,Chicalim
612,Goa,403,South Goa,403715,Chinchinim
612,Goa,403,South Goa,403410,Sigao
612,Goa,403,South Goa,403708,Vanelim
612,Goa,403,South Goa,403710,Thana
612,Goa,403,South Goa,403115,Cundiam
612,Goa,403,South Goa,403709,St. jose de areal
612,Goa,403,South Goa,403707,Talaulim
612,Goa,403,South Goa,403725,Dramapur
612,Goa,403,South Goa,403602,Fatorda
612,Goa,403,South Goa,403728,Loliem Polem
612,Goa,403,South Goa,403404,Priol
612,Goa,403,South Goa,403803,Mormugao
612,Goa,403,South Goa,403722,Verna
612,Goa,403,South Goa,403729,Navelim Camp
612,Goa,403,South Goa,403604,Nuvem
612,Goa,403,South Goa,403724,Orlim
612,Goa,403,South Goa,403720,Raia
612,Goa,403,South Goa,403804,Sada
612,Goa,403,South Goa,403106,Sant Estevam
612,Goa,403,South Goa,403719,Sem-rachol  soso
612,Goa,403,South Goa,403406,Tisca
612,Goa,403,South Goa,403721,Varca
612,Goa,403,South Goa,403105,Velguem
612,Goa,403,South Goa,403726,Zuarinagar
613,Haryana,121,Faridabad,121102,Teekri Brahman
613,Haryana,121,Faridabad,121106,Sondh
613,Haryana,121,Faridabad,121101,Tigaon
613,Haryana,121,Faridabad,121003,Tilpat
613,Haryana,121,Faridabad,121004,Seekri
613,Haryana,121,Faridabad,121105,Seoli
613,Haryana,121,Faridabad,121107,Tappa Bilochpur
613,Haryana,121,Faridabad,121002,Sector-18 Faridabad
613,Haryana,121,Faridabad,121103,Uttawar
613,Haryana,121,Faridabad,121007,Sector-15 Faridabad
613,Haryana,121,Faridabad,121001,Nh-4 Faridabad
613,Haryana,121,Faridabad,121006,Sector-9 Faridabad
613,Haryana,121,Faridabad,121011,Gurukul Indraprashtha
613,Haryana,121,Faridabad,121005,Sector-22 Faridabad
613,Haryana,121,Faridabad,121010,Nhpc Colony faridabad
613,Haryana,121,Faridabad,121008,Sector-29 Faridabad
613,Haryana,121,Faridabad,121009,Surajkund Faridabad
614,Haryana,121,Gurgaon,121104,Singar
615,Haryana,122,Gurgaon,122104,Rawli
615,Haryana,122,Gurgaon,122105,Tauru
615,Haryana,122,Gurgaon,122107,Ujina
615,Haryana,122,Gurgaon,122001,Urban Estate
615,Haryana,122,Gurgaon,122101,Teekli
615,Haryana,122,Gurgaon,122006,Railwary Road
615,Haryana,122,Gurgaon,122108,Umra
615,Haryana,122,Gurgaon,122103,Sohna
615,Haryana,122,Gurgaon,122102,Rithoj
615,Haryana,122,Gurgaon,122017,Palam Vihar
615,Haryana,122,Gurgaon,122002,Nathupur
615,Haryana,122,Gurgaon,122008,Dlf Ph-ii
615,Haryana,122,Gurgaon,122010,Dlf Ph-iii
615,Haryana,122,Gurgaon,122016,Industrial Complex dundahera
615,Haryana,122,Gurgaon,122106,Dungerwas
615,Haryana,122,Gurgaon,122009,Galleria Dlf-iv
615,Haryana,122,Gurgaon,122003,Wazirabad
615,Haryana,122,Gurgaon,122051,Nsg Camp manesar
615,Haryana,122,Gurgaon,122004,Sikohpur
615,Haryana,122,Gurgaon,122015,Sarhaul
615,Haryana,122,Gurgaon,122011,Sec-56
615,Haryana,122,Gurgaon,122018,South City-ii
616,Haryana,122,Rewari,122106,Raliawas
616,Haryana,122,Rewari,122100,Industrial Area dharuhera
617,Haryana,123,Gurgaon,123003,Unchamajra
617,Haryana,123,Gurgaon,123505,Wazipur
617,Haryana,123,Gurgaon,123413,Sidhrawali
617,Haryana,123,Gurgaon,123502,Turkiawas
617,Haryana,123,Gurgaon,123506,Sultanpur
617,Haryana,123,Gurgaon,123504,Noorgarh
617,Haryana,123,Gurgaon,123414,Syed Shahpur
618,Haryana,123,Jhajjar,123305,Khorra
619,Haryana,123,Mahendragarh,123023,Thanwas
619,Haryana,123,Mahendragarh,123029,Palri Panihara
619,Haryana,123,Mahendragarh,123001,Nizampur R.s.
619,Haryana,123,Mahendragarh,123021,Tajpur
619,Haryana,123,Mahendragarh,123028,Sehma
619,Haryana,123,Mahendragarh,123024,Sureti Kalan
619,Haryana,123,Mahendragarh,123501,Bawal
619,Haryana,123,Mahendragarh,123034,Bawania
619,Haryana,123,Mahendragarh,123303,Nehrugarh
619,Haryana,123,Mahendragarh,123411,Dahina
619,Haryana,123,Mahendragarh,123412,Dharan
620,Haryana,123,Rewari,123102,Pali
620,Haryana,123,Rewari,123035,Palhawas
620,Haryana,123,Rewari,123401,Tehsil Road rewari
620,Haryana,123,Rewari,123412,Tankri
620,Haryana,123,Rewari,123023,Sihore
620,Haryana,123,Rewari,123501,Suthana
620,Haryana,123,Rewari,123411,Zainabad
620,Haryana,123,Rewari,123103,Mayan
620,Haryana,123,Rewari,123101,Tint
620,Haryana,123,Rewari,123302,Tumna
620,Haryana,123,Rewari,123034,Sundrah
620,Haryana,123,Rewari,123301,Rattanthal
620,Haryana,123,Rewari,123021,Mandi Ateli
620,Haryana,123,Rewari,123303,Nahar
621,Haryana,124,Jhajjar,124106,Sehlenga
621,Haryana,124,Jhajjar,124108,Pataudah
621,Haryana,124,Jhajjar,124146,Sahlawas
621,Haryana,124,Jhajjar,124103,Yakubpur
621,Haryana,124,Jhajjar,124505,Kulasi
621,Haryana,124,Jhajjar,124105,Sondhi
621,Haryana,124,Jhajjar,124201,Ritauli
621,Haryana,124,Jhajjar,124507,Tanda Heri
621,Haryana,124,Jhajjar,124107,Gochhi
621,Haryana,124,Jhajjar,124109,Tumbaheri
621,Haryana,124,Jhajjar,124102,Seria
621,Haryana,124,Jhajjar,124504,Rewari Khera
621,Haryana,124,Jhajjar,124202,Sewana
621,Haryana,124,Jhajjar,124406,Hassangarh
621,Haryana,124,Jhajjar,124506,Mandothi
621,Haryana,124,Jhajjar,124501,Sampla
622,Haryana,124,Rohtak,124111,Madina
622,Haryana,124,Rohtak,124411,Patwapur
622,Haryana,124,Rohtak,124406,Samchana
622,Haryana,124,Rohtak,124021,Pehrawar
622,Haryana,124,Rohtak,124501,Rohad
622,Haryana,124,Rohtak,124001,Titauli
622,Haryana,124,Rohtak,124514,Samargopalpur
622,Haryana,124,Rohtak,124416,Baliana
622,Haryana,124,Rohtak,124022,Mokhra
622,Haryana,124,Rohtak,124142,Sisarkhas
622,Haryana,124,Rohtak,124412,Sundana
622,Haryana,124,Rohtak,124524,Chiri
622,Haryana,124,Rohtak,124303,Sanghi
622,Haryana,124,Rohtak,124113,Sampel
622,Haryana,124,Rohtak,124513,Nindana
623,Haryana,125,Fatehabad,125051,Sheikhpur Sotter
623,Haryana,125,Fatehabad,125050,Thori
623,Haryana,125,Fatehabad,125106,Shakarpura
623,Haryana,125,Fatehabad,125052,Bagla
623,Haryana,125,Fatehabad,125048,Mahmadpur Rohi
623,Haryana,125,Fatehabad,125111,Sanchla
623,Haryana,125,Fatehabad,125053,Thuiyan
623,Haryana,125,Fatehabad,125113,Bowan
623,Haryana,125,Fatehabad,125120,Tohana Mandi
623,Haryana,125,Fatehabad,125133,Talwara
624,Haryana,125,Hisar,125033,Umra
624,Haryana,125,Hisar,125047,Thaska
624,Haryana,125,Hisar,125001,Ttc Hisar
624,Haryana,125,Hisar,125011,B.S.f hisar
624,Haryana,125,Hisar,125042,Singhwa
624,Haryana,125,Hisar,125121,Sarsod
624,Haryana,125,Hisar,125112,Pabra
624,Haryana,125,Hisar,125044,Satroad Khurd
624,Haryana,125,Hisar,125039,Sotha
624,Haryana,125,Hisar,125038,Ugalan
624,Haryana,125,Hisar,125113,Uklana Mandi
624,Haryana,125,Hisar,125052,Siswal
624,Haryana,125,Hisar,125005,Vidut Nagar hisar
624,Haryana,125,Hisar,125006,Satroad Kalan
624,Haryana,125,Hisar,125049,Sisai
624,Haryana,125,Hisar,125120,Gajuwala
624,Haryana,125,Hisar,125004,Shahpur
624,Haryana,125,Hisar,125037,Nalwa
624,Haryana,125,Hisar,125051,Palsar
625,Haryana,125,Sirsa,125104,Shergarh
625,Haryana,125,Sirsa,125055,Umedpura
625,Haryana,125,Sirsa,125078,Thiraj
625,Haryana,125,Sirsa,125102,Talwara Khurd
625,Haryana,125,Sirsa,125101,Janowala Bishnolan
625,Haryana,125,Sirsa,125054,Patli Dabar
625,Haryana,125,Sirsa,125075,Thersahidau
625,Haryana,125,Sirsa,125060,Sikander Pur
625,Haryana,125,Sirsa,125103,Resalia Khera
625,Haryana,125,Sirsa,125077,Sahuwala
625,Haryana,125,Sirsa,125110,Sherpura
625,Haryana,125,Sirsa,125201,Taruana
625,Haryana,125,Sirsa,125058,Mochiwali
625,Haryana,125,Sirsa,125076,Sultanpuria
626,Haryana,126,Jind,126102,Thua
626,Haryana,126,Jind,126116,Ujhana
626,Haryana,126,Jind,126112,Siwan Mal
626,Haryana,126,Jind,126113,Siwaha
626,Haryana,126,Jind,126152,Sainthali
626,Haryana,126,Jind,126110,Ritauli
626,Haryana,126,Jind,126115,Uchana Khrud
626,Haryana,126,Jind,126114,Shamlo Kalan
626,Haryana,126,Jind,126101,Pauli
627,Haryana,127,Bhiwani,127307,Morwala
627,Haryana,127,Bhiwani,127308,Nandha
627,Haryana,127,Bhiwani,127030,Umarwas
627,Haryana,127,Bhiwani,127026,Tiwala
627,Haryana,127,Bhiwani,127025,Malkosh
627,Haryana,127,Bhiwani,127031,Tigrana
627,Haryana,127,Bhiwani,127310,Rambass
627,Haryana,127,Bhiwani,127111,Kohar
627,Haryana,127,Bhiwani,127032,Siwara
627,Haryana,127,Bhiwani,127021,Roopgarh
627,Haryana,127,Bhiwani,127201,Sohansara
627,Haryana,127,Bhiwani,127045,Barwa
627,Haryana,127,Bhiwani,127028,Surpura Khurd
627,Haryana,127,Bhiwani,127041,Talu
627,Haryana,127,Bhiwani,127043,Sandawa
627,Haryana,127,Bhiwani,127035,Rohnat
627,Haryana,127,Bhiwani,127046,Siwani
627,Haryana,127,Bhiwani,127020,Bseh Bhiwani
627,Haryana,127,Bhiwani,127029,Sungarpur
627,Haryana,127,Bhiwani,127027,Sai
627,Haryana,127,Bhiwani,127022,Mauri
627,Haryana,127,Bhiwani,127040,Tosham
627,Haryana,127,Bhiwani,127306,Sarupgarh
627,Haryana,127,Bhiwani,127309,Sanga
627,Haryana,127,Bhiwani,127114,Kharak Kalan
627,Haryana,127,Bhiwani,127042,Sanwar
627,Haryana,127,Bhiwani,127110,Ranila
628,Haryana,131,Sonipat,131301,Tihar
628,Haryana,131,Sonipat,131103,Nahri
628,Haryana,131,Sonipat,131409,Riwara
628,Haryana,131,Sonipat,131027,Nandpur
628,Haryana,131,Sonipat,131023,Nangal Kalan
628,Haryana,131,Sonipat,131001,Tharuoldepur
628,Haryana,131,Sonipat,131403,Rohat
628,Haryana,131,Sonipat,131021,Qumaspur
628,Haryana,131,Sonipat,131102,Purkhas
628,Haryana,131,Sonipat,131101,Sheikhpura
628,Haryana,131,Sonipat,131304,Rinchana
628,Haryana,131,Sonipat,131402,Thanakalan
628,Haryana,131,Sonipat,131039,Sanpera
628,Haryana,131,Sonipat,131002,Tihar Bagru
628,Haryana,131,Sonipat,131302,Nuran Khera
628,Haryana,131,Sonipat,131310,Bichpari
628,Haryana,131,Sonipat,131024,Sitawali
628,Haryana,131,Sonipat,131306,Shamri
628,Haryana,131,Sonipat,131408,Silana
628,Haryana,131,Sonipat,131303,Saragthal
628,Haryana,131,Sonipat,131028,Sersa
628,Haryana,131,Sonipat,131029,Rai
628,Haryana,131,Sonipat,131040,Sisana
629,Haryana,132,Karnal,132024,Singhra
629,Haryana,132,Karnal,132157,Sanwat
629,Haryana,132,Karnal,132040,Munak
629,Haryana,132,Karnal,132039,Uplana
629,Haryana,132,Karnal,132117,Udana
629,Haryana,132,Karnal,132037,Uncha Samana
629,Haryana,132,Karnal,132001,Uchana
629,Haryana,132,Karnal,132036,Sheikhpura Manchuri
629,Haryana,132,Karnal,132023,Subri
629,Haryana,132,Karnal,132114,Staundi
629,Haryana,132,Karnal,132116,Taroari Mandi
629,Haryana,132,Karnal,132054,Nangal
629,Haryana,132,Karnal,132041,Pathera
629,Haryana,132,Karnal,132046,Thari
629,Haryana,132,Karnal,132022,Nalipar
630,Haryana,132,Panipat,132113,Waisor
630,Haryana,132,Panipat,132107,Shahpur
630,Haryana,132,Panipat,132105,Untla
630,Haryana,132,Panipat,132122,Khojkipur
630,Haryana,132,Panipat,132103,Urlana Kalan
630,Haryana,132,Panipat,132104,Ugra Kheri
630,Haryana,132,Panipat,132101,Samalkha
630,Haryana,132,Panipat,132102,Patti Kalyana
630,Haryana,132,Panipat,132140,Rair Kalan
630,Haryana,132,Panipat,132108,Siwaha
630,Haryana,132,Panipat,132145,Palri
630,Haryana,132,Panipat,132115,Raksera
631,Haryana,133,Ambala,133001,Top Khana bazar
631,Haryana,133,Ambala,133205,Ugala
631,Haryana,133,Ambala,133202,Saran
631,Haryana,133,Ambala,133301,B.C.w. suraj pur
631,Haryana,133,Ambala,133005,Babyal
631,Haryana,133,Ambala,133004,Tharwa
631,Haryana,133,Ambala,133201,Tandwal
631,Haryana,133,Ambala,133101,Keshopur Samalkha
631,Haryana,133,Ambala,133021,Boh
631,Haryana,133,Ambala,133102,Pasiala
631,Haryana,133,Ambala,133203,Thakar Pura
631,Haryana,133,Ambala,133006,Ind-estate
631,Haryana,133,Ambala,133104,Tepla
631,Haryana,133,Ambala,133302,Kharanwali
632,Haryana,133,Panchkula,133302,Kalka R.s.
633,Haryana,133,Yamuna Nagar,133206,Zaffarpur
633,Haryana,133,Yamuna Nagar,133103,Uncha Chandna
633,Haryana,133,Yamuna Nagar,133204,Salehpur
633,Haryana,133,Yamuna Nagar,133105,Kalawar
634,Haryana,134,Ambala,134203,Panjlasa
634,Haryana,134,Ambala,134003,Udaipur
634,Haryana,134,Ambala,134007,Baldev Nagar
634,Haryana,134,Ambala,134118,Kot
634,Haryana,134,Ambala,134205,Thendog
634,Haryana,134,Ambala,134201,Toda
634,Haryana,134,Ambala,134202,Shahzadpur
634,Haryana,134,Ambala,134204,Manak  tabra
634,Haryana,134,Ambala,134012,Naneola
634,Haryana,134,Ambala,134011,Panjokhra Sahib
635,Haryana,134,Panchkula,134202,Banaundi
635,Haryana,134,Panchkula,134203,Bhurewala
635,Haryana,134,Panchkula,134118,Rattewali
635,Haryana,134,Panchkula,134102,Pinjore
635,Haryana,134,Panchkula,134201,Bharog
635,Haryana,134,Panchkula,134104,C.R.p.f. pinjore
635,Haryana,134,Panchkula,134107,Chandi Mandir cantt
635,Haryana,134,Panchkula,134109,Suketri
635,Haryana,134,Panchkula,134108,G.K. panchkula
635,Haryana,134,Panchkula,134101,H.M.t.pinjore
635,Haryana,134,Panchkula,134103,I.T.b.p.  bhanu
635,Haryana,134,Panchkula,134113,Sector 15 panchkula
635,Haryana,134,Panchkula,134204,Raipur Rani
635,Haryana,134,Panchkula,134114,Mansa  devi sec-5
635,Haryana,134,Panchkula,134111,Ramgarh
635,Haryana,134,Panchkula,134112,Sector -4 panchkula
635,Haryana,134,Panchkula,134115,Sector 12 panchkula
635,Haryana,134,Panchkula,134116,Sector 20 panchkula
635,Haryana,134,Panchkula,134205,Tikkar
636,Haryana,135,Ambala,135001,Auto  industries
637,Haryana,135,Yamuna Nagar,135133,Topra Kalan
637,Haryana,135,Yamuna Nagar,135101,Sabapur
637,Haryana,135,Yamuna Nagar,135001,Yamunanagar
637,Haryana,135,Yamuna Nagar,135021,Muzafatkalan
637,Haryana,135,Yamuna Nagar,135103,Taharpurkalan
637,Haryana,135,Yamuna Nagar,135003,Udhamgarh
637,Haryana,135,Yamuna Nagar,135102,Sankhera
637,Haryana,135,Yamuna Nagar,135106,Tajewala
637,Haryana,135,Yamuna Nagar,135105,Kharwan
638,Haryana,136,Kaithal,136035,Seonmajra
638,Haryana,136,Kaithal,136021,Sanghrouli
638,Haryana,136,Kaithal,136034,Peedal
638,Haryana,136,Kaithal,136117,Simla
638,Haryana,136,Kaithal,136043,Sisla Sismore
638,Haryana,136,Kaithal,136027,Titram
638,Haryana,136,Kaithal,136026,Sirsal
638,Haryana,136,Kaithal,136044,Santokh Majra
638,Haryana,136,Kaithal,136020,Pabnawa
638,Haryana,136,Kaithal,136042,Teontha
638,Haryana,136,Kaithal,136033,Siwan
639,Haryana,136,Kurukshetra,136130,Tangore
639,Haryana,136,Kurukshetra,136136,Thol
639,Haryana,136,Kurukshetra,136038,Amin
639,Haryana,136,Kurukshetra,136156,Sanghor
639,Haryana,136,Kurukshetra,136119,Salarpur
639,Haryana,136,Kurukshetra,136132,Prahladpur
639,Haryana,136,Kurukshetra,136128,Urnai
639,Haryana,136,Kurukshetra,136030,Thana
639,Haryana,136,Kurukshetra,136131,Umri
639,Haryana,136,Kurukshetra,136118,Thanesar Town
639,Haryana,136,Kurukshetra,136135,Yara
639,Haryana,136,Kurukshetra,136129,Thaska Miranji
640,Himachal Pradesh,171,Mandi,171302,Tattapani
640,Himachal Pradesh,171,Mandi,171304,Teban
640,Himachal Pradesh,171,Mandi,171303,Churag
641,Himachal Pradesh,171,Shimla,171003,Kaithu
641,Himachal Pradesh,171,Shimla,171004,Nabha Estate
641,Himachal Pradesh,171,Shimla,171206,Solang
641,Himachal Pradesh,171,Shimla,171223,Arhal
641,Himachal Pradesh,171,Shimla,171207,Seema
641,Himachal Pradesh,171,Shimla,171011,Totu
641,Himachal Pradesh,171,Shimla,171202,Tharola
641,Himachal Pradesh,171,Shimla,171225,Ratnari
641,Himachal Pradesh,171,Shimla,171220,Parala
641,Himachal Pradesh,171,Shimla,171226,Sari
641,Himachal Pradesh,171,Shimla,171007,Thailla
641,Himachal Pradesh,171,Shimla,171211,Sarain
641,Himachal Pradesh,171,Shimla,171201,Theog
641,Himachal Pradesh,171,Shimla,171018,Majhiwar
641,Himachal Pradesh,171,Shimla,171009,Rajhana
641,Himachal Pradesh,171,Shimla,171213,Shilaru
641,Himachal Pradesh,171,Shimla,171217,Majholi
641,Himachal Pradesh,171,Shimla,171210,Tikkri Neol
641,Himachal Pradesh,171,Shimla,171001,Shimla.
641,Himachal Pradesh,171,Shimla,171216,Tooran
641,Himachal Pradesh,171,Shimla,171005,Summerhill
641,Himachal Pradesh,171,Shimla,171301,Sunni Bhajji
641,Himachal Pradesh,171,Shimla,171103,Toon
641,Himachal Pradesh,171,Shimla,171209,Tiyali
641,Himachal Pradesh,171,Shimla,171012,Satlai
641,Himachal Pradesh,171,Shimla,171208,Tikkari
641,Himachal Pradesh,171,Shimla,171205,Sheel
641,Himachal Pradesh,171,Shimla,171204,Panog
641,Himachal Pradesh,171,Shimla,171214,Todsa
641,Himachal Pradesh,171,Shimla,171203,Tikkar
641,Himachal Pradesh,171,Shimla,171019,Pandoa
641,Himachal Pradesh,171,Shimla,171221,Kawar
641,Himachal Pradesh,171,Shimla,171002,Shimla East
641,Himachal Pradesh,171,Shimla,171008,Jutogh
641,Himachal Pradesh,171,Shimla,171006,Sanjauli
641,Himachal Pradesh,171,Shimla,171212,Shari
641,Himachal Pradesh,171,Shimla,171222,Sandhu
641,Himachal Pradesh,171,Shimla,171215,Mandhole
641,Himachal Pradesh,171,Shimla,171224,Sungri
641,Himachal Pradesh,171,Shimla,171010,Tara Devi
642,Himachal Pradesh,171,Sirmaur,171226,Neripul
643,Himachal Pradesh,171,Solan,171102,Sewra Chandi
644,Himachal Pradesh,172,Kinnaur,172116,Rispa
644,Himachal Pradesh,172,Kinnaur,172109,Thangi
644,Himachal Pradesh,172,Kinnaur,172107,Reckong Peo
644,Himachal Pradesh,172,Kinnaur,172115,Sungra
644,Himachal Pradesh,172,Kinnaur,172106,Sangla
644,Himachal Pradesh,172,Kinnaur,172118,Katgaon
644,Himachal Pradesh,172,Kinnaur,172105,Shong
644,Himachal Pradesh,172,Kinnaur,172104,Yulla
644,Himachal Pradesh,172,Kinnaur,172111,Sumra
644,Himachal Pradesh,172,Kinnaur,172101,Taranda
644,Himachal Pradesh,172,Kinnaur,172108,Roghi
644,Himachal Pradesh,172,Kinnaur,172110,Sunnam
644,Himachal Pradesh,172,Kinnaur,172112,Liyo
644,Himachal Pradesh,172,Kinnaur,172103,Nichar
645,Himachal Pradesh,172,Kullu,172026,Shawad
645,Himachal Pradesh,172,Kullu,172002,Shamani
645,Himachal Pradesh,172,Kullu,172032,Gad
645,Himachal Pradesh,172,Kullu,172025,Sush
645,Himachal Pradesh,172,Kullu,172033,Nither
645,Himachal Pradesh,172,Kullu,172023,Urtu
645,Himachal Pradesh,172,Kullu,172201,Sargha
645,Himachal Pradesh,172,Kullu,172001,Tunan
646,Himachal Pradesh,172,Lahul And spiti,172114,Rangrik
646,Himachal Pradesh,172,Lahul And spiti,172113,Tabo
646,Himachal Pradesh,172,Lahul And spiti,172111,Samdoo
646,Himachal Pradesh,172,Lahul And spiti,172117,Sagnam
647,Himachal Pradesh,172,Shimla,172022,Taklech
647,Himachal Pradesh,172,Shimla,172001,Thaili Chakti
647,Himachal Pradesh,172,Shimla,172027,Teshan
647,Himachal Pradesh,172,Shimla,172031,Kotgarh
647,Himachal Pradesh,172,Shimla,172024,Kotla
647,Himachal Pradesh,172,Shimla,172030,Virgarh
647,Himachal Pradesh,172,Shimla,172034,Bonda
647,Himachal Pradesh,172,Shimla,172021,Nankhari
647,Himachal Pradesh,172,Shimla,172028,Delath
647,Himachal Pradesh,172,Shimla,172102,Shahdhar
647,Himachal Pradesh,172,Shimla,172101,Phancha
647,Himachal Pradesh,172,Shimla,172201,Sugha
647,Himachal Pradesh,172,Shimla,172029,Sharambal Camp
648,Himachal Pradesh,173,Shimla,173219,Shoghi
648,Himachal Pradesh,173,Shimla,173216,Junga
649,Himachal Pradesh,173,Sirmaur,173023,Shivpur
649,Himachal Pradesh,173,Sirmaur,173024,Wasni
649,Himachal Pradesh,173,Sirmaur,173001,Surla
649,Himachal Pradesh,173,Sirmaur,173029,Timbi
649,Himachal Pradesh,173,Sirmaur,173025,Watamandi
649,Himachal Pradesh,173,Sirmaur,173101,Thorniwar
649,Himachal Pradesh,173,Sirmaur,173027,Walikoti
649,Himachal Pradesh,173,Sirmaur,173022,Udaina Kathwar
649,Himachal Pradesh,173,Sirmaur,173030,Trilokpur
649,Himachal Pradesh,173,Sirmaur,173020,Udyankathwad
649,Himachal Pradesh,173,Sirmaur,173021,Sainwala Mubarakpur
649,Himachal Pradesh,173,Sirmaur,173026,Kw Bhood
649,Himachal Pradesh,173,Sirmaur,173028,Rajban
650,Himachal Pradesh,173,Solan,173215,Tundal
650,Himachal Pradesh,173,Solan,173208,Sujhaila
650,Himachal Pradesh,173,Solan,173206,Subathu
650,Himachal Pradesh,173,Solan,173205,Thana
650,Himachal Pradesh,173,Solan,173233,Patta
650,Himachal Pradesh,173,Solan,173218,Manlogkalan
650,Himachal Pradesh,173,Solan,173221,Shahrol
650,Himachal Pradesh,173,Solan,173213,Dharot
650,Himachal Pradesh,173,Solan,173207,Shardaghat
650,Himachal Pradesh,173,Solan,173229,Sultanpur
650,Himachal Pradesh,173,Solan,173217,Tikkar
650,Himachal Pradesh,173,Solan,173210,Dagshai
650,Himachal Pradesh,173,Solan,173212,Solan
650,Himachal Pradesh,173,Solan,173211,Saproon
650,Himachal Pradesh,173,Solan,173209,Rouri
650,Himachal Pradesh,173,Solan,173201,Garkhal
650,Himachal Pradesh,173,Solan,173225,Kot
650,Himachal Pradesh,173,Solan,173204,Kasauli
650,Himachal Pradesh,173,Solan,173222,Mamlig
650,Himachal Pradesh,173,Solan,173220,Taksal
650,Himachal Pradesh,173,Solan,173230,Nauni
650,Himachal Pradesh,173,Solan,173223,Oachghat
650,Himachal Pradesh,173,Solan,173214,Solan Brewery
650,Himachal Pradesh,173,Solan,173202,Sanawar
651,Himachal Pradesh,174,Bilaspur,174021,Takrera
651,Himachal Pradesh,174,Bilaspur,174024,Auhar
651,Himachal Pradesh,174,Bilaspur,174029,Sunhani
651,Himachal Pradesh,174,Bilaspur,174031,Ser
651,Himachal Pradesh,174,Bilaspur,174003,Tantha
651,Himachal Pradesh,174,Bilaspur,174001,Tatoh
651,Himachal Pradesh,174,Bilaspur,174013,Salnoo
651,Himachal Pradesh,174,Bilaspur,174027,Taroun
651,Himachal Pradesh,174,Bilaspur,174002,Majri
651,Himachal Pradesh,174,Bilaspur,174012,Panjgain
651,Himachal Pradesh,174,Bilaspur,174015,Lakhnoo
651,Himachal Pradesh,174,Bilaspur,174201,Tarsooh
651,Himachal Pradesh,174,Bilaspur,174035,Malraon
651,Himachal Pradesh,174,Bilaspur,174004,Rohin
651,Himachal Pradesh,174,Bilaspur,174028,Salaon
651,Himachal Pradesh,174,Bilaspur,174026,Talyana
651,Himachal Pradesh,174,Bilaspur,174023,Dangar
651,Himachal Pradesh,174,Bilaspur,174032,Soldha
651,Himachal Pradesh,174,Bilaspur,174034,Thuran
651,Himachal Pradesh,174,Bilaspur,174030,Talli
651,Himachal Pradesh,174,Bilaspur,174017,Paploa
651,Himachal Pradesh,174,Bilaspur,174011,Zakatkhana
651,Himachal Pradesh,174,Bilaspur,174310,Swahan
651,Himachal Pradesh,174,Bilaspur,174033,Suin Surhar
651,Himachal Pradesh,174,Bilaspur,174005,Raghunath Pura
652,Himachal Pradesh,174,Hamirpur,174309,Nara
652,Himachal Pradesh,174,Hamirpur,174305,Pathliar
652,Himachal Pradesh,174,Hamirpur,174304,Loharda
652,Himachal Pradesh,174,Hamirpur,174312,Tipper
652,Himachal Pradesh,174,Hamirpur,174505,Dhaned
652,Himachal Pradesh,174,Hamirpur,174405,Mair
652,Himachal Pradesh,174,Hamirpur,174311,Sohari
653,Himachal Pradesh,174,Mandi,174403,Sudhan
653,Himachal Pradesh,174,Mandi,174401,Vayala
653,Himachal Pradesh,174,Mandi,174402,Sunder Nagar town ship
654,Himachal Pradesh,174,Solan,174102,Sour
654,Himachal Pradesh,174,Solan,174103,Surajpur
654,Himachal Pradesh,174,Solan,174101,Reru
655,Himachal Pradesh,174,Una,174301,Santokhgarh
655,Himachal Pradesh,174,Una,174314,Chowki Maniar
655,Himachal Pradesh,174,Una,174307,Thathoon
655,Himachal Pradesh,174,Una,174306,Tabba Behdala
655,Himachal Pradesh,174,Una,174302,Satother
655,Himachal Pradesh,174,Una,174303,Una
655,Himachal Pradesh,174,Una,174321,Thanakalan
655,Himachal Pradesh,174,Una,174315,Raipur Sahoran
655,Himachal Pradesh,174,Una,174317,Bhadsali
655,Himachal Pradesh,174,Una,174316,Hamboli
655,Himachal Pradesh,174,Una,174308,Tanoh
655,Himachal Pradesh,174,Una,174319,Saloh Beri
655,Himachal Pradesh,174,Una,174503,Pubowal
655,Himachal Pradesh,174,Una,174320,Talmehra
656,Himachal Pradesh,175,Kullu,175101,Sultanpur
656,Himachal Pradesh,175,Kullu,175123,Tung
656,Himachal Pradesh,175,Kullu,175104,Larenkelo
656,Himachal Pradesh,175,Kullu,175138,Seobag
656,Himachal Pradesh,175,Kullu,175103,Vashisht
656,Himachal Pradesh,175,Kullu,175134,Suchain
656,Himachal Pradesh,175,Kullu,175125,Shairi
656,Himachal Pradesh,175,Kullu,175128,Shirad
656,Himachal Pradesh,175,Kullu,175129,Patlikulh
656,Himachal Pradesh,175,Kullu,175105,Manikaran
656,Himachal Pradesh,175,Kullu,175102,Shalang
656,Himachal Pradesh,175,Kullu,175131,Purani Manali
656,Himachal Pradesh,175,Kullu,175106,Khalwan
656,Himachal Pradesh,175,Kullu,175141,Thela
656,Himachal Pradesh,175,Kullu,175136,Karjan
656,Himachal Pradesh,175,Kullu,175143,Prini
656,Himachal Pradesh,175,Kullu,175126,Shamshi
656,Himachal Pradesh,175,Kullu,175122,Larji
656,Himachal Pradesh,175,Kullu,175130,Raman
657,Himachal Pradesh,175,Lahul And spiti,175142,Udaipur
657,Himachal Pradesh,175,Lahul And spiti,175132,Yurnath
657,Himachal Pradesh,175,Lahul And spiti,175140,Sissu
657,Himachal Pradesh,175,Lahul And spiti,175139,Thirot
657,Himachal Pradesh,175,Lahul And spiti,175133,Shansha
658,Himachal Pradesh,175,Mandi,175032,Tramat
658,Himachal Pradesh,175,Mandi,175001,Tilli
658,Himachal Pradesh,175,Mandi,175121,Thalout
658,Himachal Pradesh,175,Mandi,175034,Trifalghat
658,Himachal Pradesh,175,Mandi,175028,Sukibain
658,Himachal Pradesh,175,Mandi,175035,Thanashiva
658,Himachal Pradesh,175,Mandi,175027,Syanji
658,Himachal Pradesh,175,Mandi,175033,Narola
658,Himachal Pradesh,175,Mandi,175038,Seri Kothi
658,Himachal Pradesh,175,Mandi,175106,Thatibir
658,Himachal Pradesh,175,Mandi,175052,Saigaloo
658,Himachal Pradesh,175,Mandi,175008,Troh
658,Himachal Pradesh,175,Mandi,175124,Shiva
658,Himachal Pradesh,175,Mandi,175029,Seghli
658,Himachal Pradesh,175,Mandi,175024,Surajpur Bari
658,Himachal Pradesh,175,Mandi,175030,Taleli
658,Himachal Pradesh,175,Mandi,175021,Nagchala
658,Himachal Pradesh,175,Mandi,175036,Meramasit
658,Himachal Pradesh,175,Mandi,175042,Rakhoh
658,Himachal Pradesh,175,Mandi,175005,Tihri
658,Himachal Pradesh,175,Mandi,175006,Sakroha
658,Himachal Pradesh,175,Mandi,175049,Tikkar
658,Himachal Pradesh,175,Mandi,175004,Upper Bhambla
658,Himachal Pradesh,175,Mandi,175003,Samrahan
658,Himachal Pradesh,175,Mandi,175002,Kapahi
658,Himachal Pradesh,175,Mandi,175047,Sangalwara
658,Himachal Pradesh,175,Mandi,175050,Tanehar
658,Himachal Pradesh,175,Mandi,175031,Rohanda
658,Himachal Pradesh,175,Mandi,175045,Chail Chowk
658,Himachal Pradesh,175,Mandi,175048,Thunag
658,Himachal Pradesh,175,Mandi,175037,Cholthra
658,Himachal Pradesh,175,Mandi,175025,Sari
658,Himachal Pradesh,175,Mandi,175040,Taurjajar
658,Himachal Pradesh,175,Mandi,175023,Thinagaloo
658,Himachal Pradesh,175,Mandi,175026,Tihra
658,Himachal Pradesh,175,Mandi,175007,Hari Behna
658,Himachal Pradesh,175,Mandi,175039,Jahal
658,Himachal Pradesh,175,Mandi,175137,Kanaid
658,Himachal Pradesh,175,Mandi,175046,Pressi
658,Himachal Pradesh,175,Mandi,175051,Seoh
659,Himachal Pradesh,176,Chamba,176316,Tissa
659,Himachal Pradesh,176,Chamba,176312,Sundla
659,Himachal Pradesh,176,Chamba,176313,Kuddi
659,Himachal Pradesh,176,Chamba,176314,Sultanpur
659,Himachal Pradesh,176,Chamba,176324,Urai
659,Himachal Pradesh,176,Chamba,176303,Tritha
659,Himachal Pradesh,176,Chamba,176325,Khairi
659,Himachal Pradesh,176,Chamba,176309,Ulansa
659,Himachal Pradesh,176,Chamba,176311,Sunara
659,Himachal Pradesh,176,Chamba,176301,Tunuhatti
659,Himachal Pradesh,176,Chamba,176321,Tikrigargh
659,Himachal Pradesh,176,Chamba,176302,Taragarh
659,Himachal Pradesh,176,Chamba,176306,Sherpur
659,Himachal Pradesh,176,Chamba,176318,Kathana
659,Himachal Pradesh,176,Chamba,176308,Wangal
659,Himachal Pradesh,176,Chamba,176320,Tikru
659,Himachal Pradesh,176,Chamba,176310,Uteep
659,Himachal Pradesh,176,Chamba,176315,Sirdi
659,Himachal Pradesh,176,Chamba,176207,Tundi
659,Himachal Pradesh,176,Chamba,176323,Taisural
659,Himachal Pradesh,176,Chamba,176319,Sandhi
659,Himachal Pradesh,176,Chamba,176304,Dalhousie Court road
659,Himachal Pradesh,176,Chamba,176305,Dalhousie Cantt
659,Himachal Pradesh,176,Chamba,176317,Surangani
660,Himachal Pradesh,176,Hamirpur,176041,Town Bharari devi
660,Himachal Pradesh,176,Hamirpur,176048,Kakrot
660,Himachal Pradesh,176,Hamirpur,176040,Pairwin
660,Himachal Pradesh,176,Hamirpur,176049,Sathwin
660,Himachal Pradesh,176,Hamirpur,176042,Ukhali
660,Himachal Pradesh,176,Hamirpur,176108,Karot
660,Himachal Pradesh,176,Hamirpur,176045,Tikkari Manhasan
660,Himachal Pradesh,176,Hamirpur,176110,Tira
660,Himachal Pradesh,176,Hamirpur,176039,Raili Jajri
660,Himachal Pradesh,176,Hamirpur,176111,Rangar
660,Himachal Pradesh,176,Hamirpur,176109,Tarpohal
660,Himachal Pradesh,176,Hamirpur,176043,Sulkhan
660,Himachal Pradesh,176,Hamirpur,176044,Mundkhar
661,Himachal Pradesh,176,Kangra,176036,Sudhangal
661,Himachal Pradesh,176,Kangra,176058,Tatwali
661,Himachal Pradesh,176,Kangra,176082,Sakoh
661,Himachal Pradesh,176,Kangra,176031,Surani
661,Himachal Pradesh,176,Kangra,176027,Nagrota Surian
661,Himachal Pradesh,176,Kangra,176501,Sansarpur Terrace
661,Himachal Pradesh,176,Kangra,176103,Tatehal
661,Himachal Pradesh,176,Kangra,176217,Tundo
661,Himachal Pradesh,176,Kangra,176054,Palra
661,Himachal Pradesh,176,Kangra,176102,Thakurdwara
661,Himachal Pradesh,176,Kangra,176059,Rakh
661,Himachal Pradesh,176,Kangra,176094,Suan
661,Himachal Pradesh,176,Kangra,176083,Ramehar
661,Himachal Pradesh,176,Kangra,176204,Tika Dagla
661,Himachal Pradesh,176,Kangra,176062,Auc Palampur
661,Himachal Pradesh,176,Kangra,176202,Sadwan
661,Himachal Pradesh,176,Kangra,176107,Thural
661,Himachal Pradesh,176,Kangra,176081,Zandpur
661,Himachal Pradesh,176,Kangra,176201,Thore
661,Himachal Pradesh,176,Kangra,176225,Tilokpur
661,Himachal Pradesh,176,Kangra,176209,Sahaura
661,Himachal Pradesh,176,Kangra,176125,Ustehar
661,Himachal Pradesh,176,Kangra,176205,Mastgarh
661,Himachal Pradesh,176,Kangra,176072,Bai-da-patt
661,Himachal Pradesh,176,Kangra,176073,Paplah
661,Himachal Pradesh,176,Kangra,176208,Yol-jharer
661,Himachal Pradesh,176,Kangra,176098,Lahru
661,Himachal Pradesh,176,Kangra,176047,Uppli Kothi
661,Himachal Pradesh,176,Kangra,176403,Surajpur
661,Himachal Pradesh,176,Kangra,176064,Sarkari Sidhpur
661,Himachal Pradesh,176,Kangra,176037,Thana Bargan
661,Himachal Pradesh,176,Kangra,176084,Sarhoot
661,Himachal Pradesh,176,Kangra,176029,Trippal
661,Himachal Pradesh,176,Kangra,176061,Sungal Tea estate
661,Himachal Pradesh,176,Kangra,176028,Mehwa
661,Himachal Pradesh,176,Kangra,176122,Swar
661,Himachal Pradesh,176,Kangra,176055,Thill
661,Himachal Pradesh,176,Kangra,176025,Sathana
661,Himachal Pradesh,176,Kangra,176022,Rehan
661,Himachal Pradesh,176,Kangra,176097,Marera
661,Himachal Pradesh,176,Kangra,176214,Tiara
661,Himachal Pradesh,176,Kangra,176101,Paniali
661,Himachal Pradesh,176,Kangra,176200,Tika Nagrota
661,Himachal Pradesh,176,Kangra,176219,Mcleodganj
661,Himachal Pradesh,176,Kangra,176023,Pharian
661,Himachal Pradesh,176,Kangra,176226,Bhalli
661,Himachal Pradesh,176,Kangra,176206,Sihun
661,Himachal Pradesh,176,Kangra,176401,Surarwan
661,Himachal Pradesh,176,Kangra,176021,Takoli Girthan
661,Himachal Pradesh,176,Kangra,176210,Thehar
661,Himachal Pradesh,176,Kangra,176026,Spail
661,Himachal Pradesh,176,Kangra,176076,Makol
661,Himachal Pradesh,176,Kangra,176088,Sansai
661,Himachal Pradesh,176,Kangra,176402,Raja Khasa
661,Himachal Pradesh,176,Kangra,176087,Tikker Indorian
661,Himachal Pradesh,176,Kangra,176071,Simbal
661,Himachal Pradesh,176,Kangra,176033,Nandpur Bhatoli
661,Himachal Pradesh,176,Kangra,176077,Gunehar
661,Himachal Pradesh,176,Kangra,176092,Mundhi
661,Himachal Pradesh,176,Kangra,176001,Zamanabad
661,Himachal Pradesh,176,Kangra,176086,Tarela
661,Himachal Pradesh,176,Kangra,176056,Sunehar
661,Himachal Pradesh,176,Kangra,176128,Nagehar
661,Himachal Pradesh,176,Kangra,176052,Yol Camp
661,Himachal Pradesh,176,Kangra,176051,Talara
661,Himachal Pradesh,176,Kangra,176216,Tota Rani
661,Himachal Pradesh,176,Kangra,176203,Ladori
661,Himachal Pradesh,176,Kangra,176223,Daraman
661,Himachal Pradesh,176,Kangra,176060,Jharet Jaggian
661,Himachal Pradesh,176,Kangra,176057,Sukkar
661,Himachal Pradesh,176,Kangra,176038,Kulthi
661,Himachal Pradesh,176,Kangra,176215,Sudher
661,Himachal Pradesh,176,Kangra,176096,Upper Lambagaon
661,Himachal Pradesh,176,Kangra,176030,Suder Lahar
661,Himachal Pradesh,176,Kangra,176075,Duhak
661,Himachal Pradesh,176,Kangra,176053,Sunhara
661,Himachal Pradesh,176,Kangra,176065,Rajhoon
661,Himachal Pradesh,176,Kangra,176085,Sullah
661,Himachal Pradesh,176,Kangra,176066,Ghallour
661,Himachal Pradesh,176,Kangra,176502,Ghamroor
661,Himachal Pradesh,176,Kangra,176211,Saliali
661,Himachal Pradesh,176,Kangra,176115,Uttrala
661,Himachal Pradesh,176,Kangra,176091,Sanghole
661,Himachal Pradesh,176,Kangra,176095,Vijaypur
661,Himachal Pradesh,176,Kangra,176024,Harsar
661,Himachal Pradesh,176,Kangra,176213,Hpbose Dharamsala
661,Himachal Pradesh,176,Kangra,176002,Kangra Town
661,Himachal Pradesh,176,Kangra,176218,Khaniara
661,Himachal Pradesh,176,Kangra,176127,Khopa
661,Himachal Pradesh,176,Kangra,176093,Sapruhal
661,Himachal Pradesh,176,Kangra,176089,Rananagar
661,Himachal Pradesh,176,Kangra,176063,Trehal
661,Himachal Pradesh,176,Kangra,176032,Tihri
661,Himachal Pradesh,176,Kangra,176404,Mohatli
661,Himachal Pradesh,176,Kangra,176222,Rehlu
662,Himachal Pradesh,176,Mandi,176121,Sudhar
662,Himachal Pradesh,176,Mandi,176120,Urla
662,Himachal Pradesh,176,Mandi,176126,Simas
662,Himachal Pradesh,176,Mandi,176122,Thaltukhod
662,Himachal Pradesh,176,Mandi,176090,Tourkhola
662,Himachal Pradesh,176,Mandi,176123,Pipli
663,Himachal Pradesh,176,Una,176601,Singan
664,Himachal Pradesh,177,Hamirpur,177501,Thathwani
664,Himachal Pradesh,177,Hamirpur,177020,Nareli
664,Himachal Pradesh,177,Hamirpur,177601,Samirpur
664,Himachal Pradesh,177,Hamirpur,177040,Sanahi
664,Himachal Pradesh,177,Hamirpur,177029,Lambloo
664,Himachal Pradesh,177,Hamirpur,177021,Bagwara
664,Himachal Pradesh,177,Hamirpur,177026,Phahal
664,Himachal Pradesh,177,Hamirpur,177118,Lagmanwin
664,Himachal Pradesh,177,Hamirpur,177028,Khanouli
664,Himachal Pradesh,177,Hamirpur,177048,Rangas
664,Himachal Pradesh,177,Hamirpur,177022,Utpur
664,Himachal Pradesh,177,Hamirpur,177044,Lahar
664,Himachal Pradesh,177,Hamirpur,177023,Thana Bajuri
664,Himachal Pradesh,177,Hamirpur,177001,Ropa
664,Himachal Pradesh,177,Hamirpur,177024,Hanoh
664,Himachal Pradesh,177,Hamirpur,177301,Karaur
664,Himachal Pradesh,177,Hamirpur,177042,Jalari
664,Himachal Pradesh,177,Hamirpur,177041,Pansai
664,Himachal Pradesh,177,Hamirpur,177033,Nadaun
664,Himachal Pradesh,177,Hamirpur,177038,Sera
664,Himachal Pradesh,177,Hamirpur,177119,Samman Kothi
664,Himachal Pradesh,177,Hamirpur,177007,Ree
664,Himachal Pradesh,177,Hamirpur,177401,Tal
664,Himachal Pradesh,177,Hamirpur,177025,Tikkar
664,Himachal Pradesh,177,Hamirpur,177005,R E c
664,Himachal Pradesh,177,Hamirpur,177027,Sarahkar
664,Himachal Pradesh,177,Hamirpur,177006,Mansai
664,Himachal Pradesh,177,Hamirpur,177030,Mohin
664,Himachal Pradesh,177,Hamirpur,177045,Rail
664,Himachal Pradesh,177,Hamirpur,177046,Sudhial
665,Himachal Pradesh,177,Kangra,177034,Tikkar
665,Himachal Pradesh,177,Kangra,177114,Gher
665,Himachal Pradesh,177,Kangra,177104,Nehran Pukhar
665,Himachal Pradesh,177,Kangra,177101,Sunhet
665,Himachal Pradesh,177,Kangra,177112,Tipri
665,Himachal Pradesh,177,Kangra,177103,Karoa
665,Himachal Pradesh,177,Kangra,177105,Gheori
665,Himachal Pradesh,177,Kangra,177111,Qusba Kotla
665,Himachal Pradesh,177,Kangra,177043,Sarad Dogri
665,Himachal Pradesh,177,Kangra,177033,Chamukha
665,Himachal Pradesh,177,Kangra,177113,Tiambal
665,Himachal Pradesh,177,Kangra,177106,Rail
665,Himachal Pradesh,177,Kangra,177108,Suhin
665,Himachal Pradesh,177,Kangra,177116,Gummar
665,Himachal Pradesh,177,Kangra,177117,Muhal
665,Himachal Pradesh,177,Kangra,177107,Pragpur
665,Himachal Pradesh,177,Kangra,177110,Sawana
666,Himachal Pradesh,177,Una,177203,Saloi
666,Himachal Pradesh,177,Una,177204,Pirthipur
666,Himachal Pradesh,177,Una,177205,Ambota
666,Himachal Pradesh,177,Una,177109,Suhin
666,Himachal Pradesh,177,Una,177209,Saloh
666,Himachal Pradesh,177,Una,177201,Kaloh
666,Himachal Pradesh,177,Una,177220,Sainsowal
666,Himachal Pradesh,177,Una,177213,Nakroh
666,Himachal Pradesh,177,Una,177110,Nari
666,Himachal Pradesh,177,Una,177039,Sohari
666,Himachal Pradesh,177,Una,177210,Suri
666,Himachal Pradesh,177,Una,177031,Raipur
666,Himachal Pradesh,177,Una,177211,Thathal
666,Himachal Pradesh,177,Una,177212,Sagnai
666,Himachal Pradesh,177,Una,177041,Ghaloon
666,Himachal Pradesh,177,Una,177208,Panjawar
666,Himachal Pradesh,177,Una,177207,Pandogha
666,Himachal Pradesh,177,Una,177219,Sunkali
666,Himachal Pradesh,177,Una,177206,Oel
666,Himachal Pradesh,177,Una,177032,Mandli
666,Himachal Pradesh,177,Una,177202,Mubarikpur
667,Himachal Pradesh,210,Hamirpur,210430,Rawatpura
667,Himachal Pradesh,210,Hamirpur,210432,Sarila State
667,Himachal Pradesh,210,Hamirpur,210421,Anghaura
667,Himachal Pradesh,210,Hamirpur,210507,Urdana
667,Himachal Pradesh,210,Hamirpur,210502,Terha
667,Himachal Pradesh,210,Hamirpur,210431,Umariya
667,Himachal Pradesh,210,Hamirpur,210501,Umari
667,Himachal Pradesh,210,Hamirpur,210341,Piteora
667,Himachal Pradesh,210,Hamirpur,210506,Pahari Bhitari
667,Himachal Pradesh,210,Hamirpur,210505,Shekaupur
667,Himachal Pradesh,210,Hamirpur,210422,Zitkiri
667,Himachal Pradesh,210,Hamirpur,210429,Budero
667,Himachal Pradesh,210,Hamirpur,210504,Mawai Khurd
667,Himachal Pradesh,210,Hamirpur,210427,Chikahra
667,Himachal Pradesh,210,Hamirpur,210428,Tolarawat
667,Himachal Pradesh,210,Hamirpur,210301,Ujnedi
667,Himachal Pradesh,210,Hamirpur,210425,Surha
667,Himachal Pradesh,210,Hamirpur,210424,Sukaura
668,Himachal Pradesh,495,Bilaspur,495113,Shivtarai
668,Himachal Pradesh,495,Bilaspur,495115,Surhi
668,Himachal Pradesh,495,Bilaspur,495119,Silpahri
668,Himachal Pradesh,495,Bilaspur,495330,Takhatpur
668,Himachal Pradesh,495,Bilaspur,495224,Sewar
668,Himachal Pradesh,495,Bilaspur,495117,Sadhwani
668,Himachal Pradesh,495,Bilaspur,495550,Nargoda
668,Himachal Pradesh,495,Bilaspur,495335,Sonthi (m)
668,Himachal Pradesh,495,Bilaspur,495001,Sakri
668,Himachal Pradesh,495,Bilaspur,495006,Urtum
668,Himachal Pradesh,495,Bilaspur,495334,Terhadhaura
668,Himachal Pradesh,495,Bilaspur,495116,Umariyadadar
668,Himachal Pradesh,495,Bilaspur,495551,Tikari
668,Himachal Pradesh,495,Bilaspur,495112,Tanda
668,Himachal Pradesh,495,Bilaspur,495223,Bilaspur Industrial estate
668,Himachal Pradesh,495,Bilaspur,495004,Torwa
668,Himachal Pradesh,495,Bilaspur,495009,Sendri
668,Himachal Pradesh,495,Bilaspur,495220,Sakarra
668,Himachal Pradesh,495,Bilaspur,495442,Singhri
668,Himachal Pradesh,495,Bilaspur,495663,Gopal Nagar
668,Himachal Pradesh,495,Bilaspur,495668,Hardi (j)
668,Himachal Pradesh,495,Bilaspur,495222,Hirri Mines
668,Himachal Pradesh,495,Bilaspur,495118,Marwahi
668,Himachal Pradesh,495,Bilaspur,495555,Ujwal Nagar
669,Jammu And kashmir,180,Samba,180001,Shaktinagar Jammu
669,Jammu And kashmir,180,Samba,180017,Surinsar
669,Jammu And kashmir,180,Samba,180002,Talab Tillo
669,Jammu And kashmir,180,Samba,180006,Qilla Bahu
669,Jammu And kashmir,180,Samba,180009,Bhour Camp
669,Jammu And kashmir,180,Samba,180015,Chani Himat
669,Jammu And kashmir,180,Samba,180011,Sunjwan
669,Jammu And kashmir,180,Samba,180004,Transport Yard
669,Jammu And kashmir,180,Samba,180010,Kalu Chak
669,Jammu And kashmir,180,Samba,180016,Vinaik Bazar
669,Jammu And kashmir,180,Samba,180003,Sohanjana
669,Jammu And kashmir,180,Samba,180007,Janipur
669,Jammu And kashmir,180,Samba,180005,Subash Nagar jammu
669,Jammu And kashmir,180,Samba,180012,Trikuta Nagar
669,Jammu And kashmir,180,Samba,180013,Roopnagar Jammu tawi
669,Jammu And kashmir,180,Samba,180019,Sidhra Housing colony
670,Jammu And kashmir,181,Samba,181141,Ramgarh
670,Jammu And kashmir,181,Samba,181131,Talhar
670,Jammu And kashmir,181,Samba,181102,Suchetgarh
670,Jammu And kashmir,181,Samba,181201,Sungal
670,Jammu And kashmir,181,Samba,181103,Badyal Brahmna
670,Jammu And kashmir,181,Samba,181202,Maira
670,Jammu And kashmir,181,Samba,181132,Rehal
670,Jammu And kashmir,181,Samba,181123,Raipur
670,Jammu And kashmir,181,Samba,181122,Seri Panditan
670,Jammu And kashmir,181,Samba,181204,Pallanwala
670,Jammu And kashmir,181,Samba,181133,Tarore
670,Jammu And kashmir,181,Samba,181206,Paryal
670,Jammu And kashmir,181,Samba,181224,Tahra
670,Jammu And kashmir,181,Samba,181124,Bsf Camp paloura
670,Jammu And kashmir,181,Samba,181203,Sainth
670,Jammu And kashmir,181,Samba,181111,Salehar
670,Jammu And kashmir,181,Samba,181101,Rattisn
670,Jammu And kashmir,181,Samba,181008,Gho Manhasan
670,Jammu And kashmir,181,Samba,181207,Pargwal
670,Jammu And kashmir,181,Samba,181143,Rajinderpura
670,Jammu And kashmir,181,Samba,181208,Halqa
670,Jammu And kashmir,181,Samba,181209,Hamirpur Sidhar
670,Jammu And kashmir,181,Samba,181221,Shiba
670,Jammu And kashmir,181,Samba,181134,Jakh
670,Jammu And kashmir,181,Samba,181145,Utter Behni
670,Jammu And kashmir,181,Samba,181205,Muthi
670,Jammu And kashmir,181,Samba,181121,Topsherkhania
670,Jammu And kashmir,181,Samba,181151,Raika
670,Jammu And kashmir,181,Samba,181104,Simble Camp
671,Jammu And kashmir,182,Doda,182205,Thakrai
671,Jammu And kashmir,182,Doda,182145,Tarigam
671,Jammu And kashmir,182,Doda,182143,Trungal
671,Jammu And kashmir,182,Doda,182204,Sarthal
671,Jammu And kashmir,182,Doda,182202,Udyanpur
671,Jammu And kashmir,182,Doda,182146,Thathar
671,Jammu And kashmir,182,Doda,182203,Thathri
671,Jammu And kashmir,182,Doda,182200,Sungli Sartingal
671,Jammu And kashmir,182,Doda,182201,Trewan
671,Jammu And kashmir,182,Doda,182221,Udrana
671,Jammu And kashmir,182,Doda,182148,Sawni
671,Jammu And kashmir,182,Doda,182144,Thatharka
671,Jammu And kashmir,182,Doda,182147,Mundhar
671,Jammu And kashmir,182,Doda,182206,Dul Hasti project
672,Jammu And kashmir,182,Udhampur,182301,Vaishno Devi
672,Jammu And kashmir,182,Udhampur,182122,Sonetar
672,Jammu And kashmir,182,Udhampur,182315,Sarh
672,Jammu And kashmir,182,Udhampur,182313,Thuru
672,Jammu And kashmir,182,Udhampur,182311,Vijaypur
672,Jammu And kashmir,182,Udhampur,182141,Sudhmahadev
672,Jammu And kashmir,182,Udhampur,182125,Roan
672,Jammu And kashmir,182,Udhampur,182101,Udhampur District court
672,Jammu And kashmir,182,Udhampur,182161,Mantalai
672,Jammu And kashmir,182,Udhampur,182124,Sermanjla
672,Jammu And kashmir,182,Udhampur,182121,Tikri
672,Jammu And kashmir,182,Udhampur,182128,Salmehri
672,Jammu And kashmir,182,Udhampur,182117,Thalora
672,Jammu And kashmir,182,Udhampur,182312,Salal
672,Jammu And kashmir,182,Udhampur,182142,Sangote
672,Jammu And kashmir,182,Udhampur,182104,Ptc Udhampur
672,Jammu And kashmir,182,Udhampur,182103,Pts Udhampur
672,Jammu And kashmir,182,Udhampur,182320,Talwara Colony
673,Jammu And kashmir,184,Kathua,184151,Saidpur
673,Jammu And kashmir,184,Kathua,184144,Seswan
673,Jammu And kashmir,184,Kathua,184205,Uchapind
673,Jammu And kashmir,184,Kathua,184148,Sanjimore
673,Jammu And kashmir,184,Kathua,184202,Thall
673,Jammu And kashmir,184,Kathua,184206,Sitti
673,Jammu And kashmir,184,Kathua,184201,Sandhar
673,Jammu And kashmir,184,Kathua,184143,Rajbagh
673,Jammu And kashmir,184,Kathua,184203,Sailna
673,Jammu And kashmir,184,Kathua,184152,Tridwan
673,Jammu And kashmir,184,Kathua,184104,Rakh Lachhipura
673,Jammu And kashmir,184,Kathua,184145,Rajpura
673,Jammu And kashmir,184,Kathua,184102,Mehtabpur
673,Jammu And kashmir,184,Kathua,184142,Sherpur
673,Jammu And kashmir,184,Kathua,184141,Surara
673,Jammu And kashmir,184,Kathua,184103,Janglote
673,Jammu And kashmir,184,Kathua,184101,Parliwand
673,Jammu And kashmir,184,Kathua,184111,Krishnanagar
674,Jammu And kashmir,184,Poonch,184121,Mandi Sangwali
675,Jammu And kashmir,184,Samba,184121,Taloor
675,Jammu And kashmir,184,Samba,184120,Vijaypur
676,Jammu And kashmir,185,Poonch,185101,Shindra
676,Jammu And kashmir,185,Poonch,185102,Sawjian
676,Jammu And kashmir,185,Poonch,185111,Salwah
676,Jammu And kashmir,185,Poonch,185121,Sialan
677,Jammu And kashmir,185,Rajauri,185151,Sangpur
677,Jammu And kashmir,185,Rajauri,185212,Thanamandi
677,Jammu And kashmir,185,Rajauri,185132,Ujjan
677,Jammu And kashmir,185,Rajauri,185233,Tuli
677,Jammu And kashmir,185,Rajauri,185152,Thanda Pani
677,Jammu And kashmir,185,Rajauri,185131,Tandwal
677,Jammu And kashmir,185,Rajauri,185153,Sunderbani
677,Jammu And kashmir,185,Rajauri,185156,Tilla Tanda
677,Jammu And kashmir,185,Rajauri,185155,Sehar
677,Jammu And kashmir,185,Rajauri,185201,Tareru
677,Jammu And kashmir,185,Rajauri,185135,Raikban
677,Jammu And kashmir,185,Rajauri,185202,Tatapani
677,Jammu And kashmir,185,Rajauri,185121,Fazalabad
677,Jammu And kashmir,185,Rajauri,185136,Kotranka
677,Jammu And kashmir,185,Rajauri,185159,Seri
678,Jammu And kashmir,185,Samba,185154,Sadhoti
679,Jammu And kashmir,185,Udhampur,185203,Taryath
680,Jammu And kashmir,190,Budgam,190021,Hamhama
680,Jammu And kashmir,190,Budgam,190014,Hyderpora
680,Jammu And kashmir,190,Budgam,190019,Kralpora
680,Jammu And kashmir,190,Budgam,190007,Sk Airport
680,Jammu And kashmir,190,Budgam,190005,Sanat Nagar
681,Jammu And kashmir,190,Kupwara,190001,Zachaldara
682,Jammu And kashmir,190,Srinagar,190003,Rainawari
682,Jammu And kashmir,190,Srinagar,190011,Noushara
682,Jammu And kashmir,190,Srinagar,190020,Bachpora
682,Jammu And kashmir,190,Srinagar,190001,Srinagar.
682,Jammu And kashmir,190,Srinagar,190019,Bagh Mehtab
682,Jammu And kashmir,190,Srinagar,190017,Parimpora
682,Jammu And kashmir,190,Srinagar,190004,Batwara
682,Jammu And kashmir,190,Srinagar,190018,Bemina Chowk
682,Jammu And kashmir,190,Srinagar,190009,Rambagh
682,Jammu And kashmir,190,Srinagar,190008,Rajbagh
682,Jammu And kashmir,190,Srinagar,190010,Medical College
682,Jammu And kashmir,190,Srinagar,190006,Zakura
682,Jammu And kashmir,190,Srinagar,190002,Shamswari
682,Jammu And kashmir,190,Srinagar,190012,Zainakote
683,Jammu And kashmir,191,Ananthnag,191103,Zantrag
684,Jammu And kashmir,191,Budgam,191112,Pakherpora
684,Jammu And kashmir,191,Budgam,191111,Watterhail
684,Jammu And kashmir,191,Budgam,191113,Wathura
684,Jammu And kashmir,191,Budgam,191515,Nowgam
685,Jammu And kashmir,191,Pulwama,191112,Keller Mastpora
686,Jammu And kashmir,191,Srinagar,191515,A K pora
686,Jammu And kashmir,191,Srinagar,191202,Wangat
686,Jammu And kashmir,191,Srinagar,191101,Zawan
686,Jammu And kashmir,191,Srinagar,191201,Ganderbal
686,Jammu And kashmir,191,Srinagar,191131,Tulmulla
686,Jammu And kashmir,191,Srinagar,191103,Khrew
686,Jammu And kashmir,191,Srinagar,191203,Sonamarg
686,Jammu And kashmir,191,Srinagar,191102,Wuyan
687,Jammu And kashmir,192,Ananthnag,192201,Utersoo
687,Jammu And kashmir,192,Ananthnag,192305,Wasoora
687,Jammu And kashmir,192,Ananthnag,192202,Vandevalgam
687,Jammu And kashmir,192,Ananthnag,192231,Vokey
687,Jammu And kashmir,192,Ananthnag,192125,Ranbirpora
687,Jammu And kashmir,192,Ananthnag,192101,Sarnal
687,Jammu And kashmir,192,Ananthnag,192122,Lathpora
687,Jammu And kashmir,192,Ananthnag,192124,Zanipora
687,Jammu And kashmir,192,Ananthnag,192232,Yaripora
687,Jammu And kashmir,192,Ananthnag,192401,Wallarhama
687,Jammu And kashmir,192,Ananthnag,192212,Verinaag
687,Jammu And kashmir,192,Ananthnag,192102,Vessu
687,Jammu And kashmir,192,Ananthnag,192230,Sheshanag (sessional)
687,Jammu And kashmir,192,Ananthnag,192210,Dialgam
687,Jammu And kashmir,192,Ananthnag,192211,Larkipora
687,Jammu And kashmir,192,Ananthnag,192121,Sambura
687,Jammu And kashmir,192,Ananthnag,192126,Phalgam
687,Jammu And kashmir,192,Ananthnag,192221,Yarkhoshipora
688,Jammu And kashmir,192,Budgam,192121,Pahroo
689,Jammu And kashmir,192,Pulwama,192305,Aglar
689,Jammu And kashmir,192,Pulwama,192302,Turkoo Babuar
689,Jammu And kashmir,192,Pulwama,192123,Tral
689,Jammu And kashmir,192,Pulwama,192122,Awantipora
689,Jammu And kashmir,192,Pulwama,192301,Waibugh
689,Jammu And kashmir,192,Pulwama,192303,Zoora
689,Jammu And kashmir,192,Pulwama,192231,Kulgam
689,Jammu And kashmir,192,Pulwama,192221,Kund
689,Jammu And kashmir,192,Pulwama,192211,Obindora
689,Jammu And kashmir,192,Pulwama,192121,Ratnipora
689,Jammu And kashmir,192,Pulwama,192124,Tokna
690,Jammu And kashmir,192,Srinagar,192121,Pampore
691,Jammu And kashmir,193,Ananthnag,193303,Nasnoor
692,Jammu And kashmir,193,Baramulla,193503,Wampora
692,Jammu And kashmir,193,Baramulla,193502,Watpora
692,Jammu And kashmir,193,Baramulla,193508,Aloosa
692,Jammu And kashmir,193,Baramulla,193501,Sultanpora
692,Jammu And kashmir,193,Baramulla,193121,Yal
692,Jammu And kashmir,193,Baramulla,193504,Safapora
692,Jammu And kashmir,193,Baramulla,193303,Zethan
692,Jammu And kashmir,193,Baramulla,193198,Wanigam
692,Jammu And kashmir,193,Baramulla,193402,Tangmarg
692,Jammu And kashmir,193,Baramulla,193301,Shitloo
692,Jammu And kashmir,193,Baramulla,193123,Uri
692,Jammu And kashmir,193,Baramulla,193101,Ushukura
692,Jammu And kashmir,193,Baramulla,193122,Trikanjan
692,Jammu And kashmir,193,Baramulla,193201,Zaloora
692,Jammu And kashmir,193,Baramulla,193202,Tarzoo
692,Jammu And kashmir,193,Baramulla,193401,Wail Kralpora
692,Jammu And kashmir,193,Baramulla,193103,Wagoora
692,Jammu And kashmir,193,Baramulla,193403,Gulmarg
692,Jammu And kashmir,193,Baramulla,193302,Langate
693,Jammu And kashmir,193,Budgam,193411,Zugu Khyran
693,Jammu And kashmir,193,Budgam,193401,Sanoorkalipora
694,Jammu And kashmir,193,Kupwara,193224,Zurhama
694,Jammu And kashmir,193,Kupwara,193302,Yunis Wahipora
694,Jammu And kashmir,193,Kupwara,193222,Sarkuli
694,Jammu And kashmir,193,Kupwara,193225,Teetwal
694,Jammu And kashmir,193,Kupwara,193223,Vernow
695,Jammu And kashmir,193,Srinagar,193401,Beerwah
696,Jammu And kashmir,194,Kargil,194103,Yurbaltik
696,Jammu And kashmir,194,Kargil,194105,Trespon
696,Jammu And kashmir,194,Kargil,194301,Yuljuk
696,Jammu And kashmir,194,Kargil,194102,Pandrass
696,Jammu And kashmir,194,Kargil,194109,Wakha
696,Jammu And kashmir,194,Kargil,194302,Zangla
697,Jammu And kashmir,194,Leh,194106,Wanla
697,Jammu And kashmir,194,Leh,194105,Bazgo
697,Jammu And kashmir,194,Leh,194201,Thiksay
697,Jammu And kashmir,194,Leh,194101,Stok
697,Jammu And kashmir,194,Leh,194104,Saboo
697,Jammu And kashmir,194,Leh,194401,Turtuk
698,Jharkhand,805,Koderma,805132,Satgawan
699,Jharkhand,813,Godda,813208,Thakurgangti
700,Jharkhand,813,Sahibganj,813208,Sripurbazar
701,Jharkhand,814,Bokaro,814155,Maliachak
702,Jharkhand,814,Deoghar,814143,Tapoban
702,Jharkhand,814,Deoghar,814146,Palojori
702,Jharkhand,814,Deoghar,814112,B.Deoghar
702,Jharkhand,814,Deoghar,814152,Rohani
702,Jharkhand,814,Deoghar,814149,Sarath
702,Jharkhand,814,Deoghar,814120,T Basdiha
702,Jharkhand,814,Deoghar,814113,Vidyapith
702,Jharkhand,814,Deoghar,814157,Mohanpur Hat
702,Jharkhand,814,Deoghar,814122,Dabar Gram
702,Jharkhand,814,Deoghar,814114,Simra
702,Jharkhand,814,Deoghar,814115,Hindipith
702,Jharkhand,814,Deoghar,814142,Jasidih
702,Jharkhand,814,Deoghar,814150,Tilakpur
702,Jharkhand,814,Deoghar,814153,Poraiyahat
702,Jharkhand,814,Deoghar,814116,Satsang
703,Jharkhand,814,Dumka,814146,Tarajora
703,Jharkhand,814,Dumka,814102,Sushni
703,Jharkhand,814,Dumka,814145,Thakur Nahar
703,Jharkhand,814,Dumka,814141,Raikinari
703,Jharkhand,814,Dumka,814103,T. daldali
703,Jharkhand,814,Dumka,814148,Tangdaha
703,Jharkhand,814,Dumka,814110,Uppersitwa
703,Jharkhand,814,Dumka,814158,Tharihat
703,Jharkhand,814,Dumka,814119,Pattabari
703,Jharkhand,814,Dumka,814166,Tasaria
703,Jharkhand,814,Dumka,814118,Singhni
703,Jharkhand,814,Dumka,814144,Tarni
703,Jharkhand,814,Dumka,814151,Saraiyahat
703,Jharkhand,814,Dumka,814120,Satpahari
703,Jharkhand,814,Dumka,814101,Dumka
703,Jharkhand,814,Dumka,814124,Mohulpahari
703,Jharkhand,814,Dumka,814150,Nanhidih
704,Jharkhand,814,Godda,814160,Tularambhuska
704,Jharkhand,814,Godda,814153,Salaiya
704,Jharkhand,814,Godda,814133,Simarda
704,Jharkhand,814,Godda,814154,Nunajore
704,Jharkhand,814,Godda,814155,Sanour
704,Jharkhand,814,Godda,814147,Tardiha
704,Jharkhand,814,Godda,814165,Sarbhanga
704,Jharkhand,814,Godda,814156,Sundmara
704,Jharkhand,814,Godda,814102,Kairasol
704,Jharkhand,814,Godda,814151,M. chikaniya
705,Jharkhand,814,Jamtara,814166,T.K.gram
706,Jharkhand,814,Pakur,814111,T.Fathepur
706,Jharkhand,814,Pakur,814133,Maheshpur
707,Jharkhand,815,Deoghar,815353,Upper Bahiyar
707,Jharkhand,815,Deoghar,815552,Madhopur
707,Jharkhand,815,Deoghar,815357,Siktiya
708,Jharkhand,815,Giridh,815312,Tiklato
708,Jharkhand,815,Giridh,815311,Matrukha
708,Jharkhand,815,Giridh,815301,Udnabad
708,Jharkhand,815,Giridh,815314,Manikbad
708,Jharkhand,815,Giridh,815318,Tara
708,Jharkhand,815,Giridh,815313,Sankh
708,Jharkhand,815,Giridh,815317,Tisri
709,Jharkhand,815,Jamtara,815359,Tilabad
709,Jharkhand,815,Jamtara,815552,Sitalpur
709,Jharkhand,815,Jamtara,815351,Tilaki
709,Jharkhand,815,Jamtara,815354,Tarrah
710,Jharkhand,816,Dumka,816116,Simaljore
710,Jharkhand,816,Dumka,816103,Sarasdangal
710,Jharkhand,816,Dumka,816117,Karudih
711,Jharkhand,816,Godda,816102,Simlongcolliery
712,Jharkhand,816,Pakur,816104,Talpahari
712,Jharkhand,816,Pakur,816106,Tarapur
712,Jharkhand,816,Pakur,816117,Raj Daha
712,Jharkhand,816,Pakur,816102,Baraghaghri
712,Jharkhand,816,Pakur,816107,Torai
712,Jharkhand,816,Pakur,816103,Ganpura
712,Jharkhand,816,Pakur,816105,Kistonagar
713,Jharkhand,816,Sahibganj,816101,Srikund
713,Jharkhand,816,Sahibganj,816120,Telo
713,Jharkhand,816,Sahibganj,816110,Pathna
713,Jharkhand,816,Sahibganj,816102,Talbaria
713,Jharkhand,816,Sahibganj,816109,Sahibganj
713,Jharkhand,816,Sahibganj,816116,Tinpahar Rs
713,Jharkhand,816,Sahibganj,816105,Patharia
713,Jharkhand,816,Sahibganj,816108,Udhwa
713,Jharkhand,816,Sahibganj,816129,Taljhari
713,Jharkhand,816,Sahibganj,816115,Sakrigali Ghat
714,Jharkhand,822,Garhwa,822114,Tildag
714,Jharkhand,822,Garhwa,822122,Torelawa
714,Jharkhand,822,Garhwa,822125,Udaipur
714,Jharkhand,822,Garhwa,822128,Tatidiri
714,Jharkhand,822,Garhwa,822124,Tolera
715,Jharkhand,822,Latehar,822122,Barikhap
715,Jharkhand,822,Latehar,822111,Saraidih Pokhari
715,Jharkhand,822,Latehar,822127,Mandal
716,Jharkhand,822,Palamau,822121,Nagar Utari
716,Jharkhand,822,Palamau,822116,Utari Road
716,Jharkhand,822,Palamau,822122,Udaipru
716,Jharkhand,822,Palamau,822118,Thakuraidabra
716,Jharkhand,822,Palamau,822113,Udaigarh
716,Jharkhand,822,Palamau,822123,Sirma
716,Jharkhand,822,Palamau,822115,Sundipur
716,Jharkhand,822,Palamau,822126,Sikki Kala
716,Jharkhand,822,Palamau,822120,Shirpur
716,Jharkhand,822,Palamau,822101,Hamidganj
716,Jharkhand,822,Palamau,822110,Taleya Bandh
716,Jharkhand,822,Palamau,822102,Sua
716,Jharkhand,822,Palamau,822117,Japla C f
716,Jharkhand,822,Palamau,822128,Tandwa
717,Jharkhand,824,Hazaribag,824505,Rasoiyadhamna
718,Jharkhand,824,Palamau,824119,Satgawa
719,Jharkhand,825,Bokaro,825102,Palamu
720,Jharkhand,825,Chatra,825408,Pitiz
720,Jharkhand,825,Chatra,825405,Unta
720,Jharkhand,825,Chatra,825103,Tutilawa
720,Jharkhand,825,Chatra,825321,Tandwa
720,Jharkhand,825,Chatra,825404,Yadavnagar
720,Jharkhand,825,Chatra,825403,Salaiya
720,Jharkhand,825,Chatra,825420,Hunterganj
721,Jharkhand,825,Giridh,825412,Simaria
721,Jharkhand,825,Giridh,825322,Khetko Murmu
721,Jharkhand,825,Giridh,825320,Suriya
721,Jharkhand,825,Giridh,825167,Telkhara
721,Jharkhand,825,Giridh,825404,Pordag
721,Jharkhand,825,Giridh,825329,Shikherjee
721,Jharkhand,825,Giridh,825418,Taranakho
722,Jharkhand,825,Hazaribag,825311,Sanrh
722,Jharkhand,825,Hazaribag,825317,Jagarnath Dham
722,Jharkhand,825,Hazaribag,825301,Sitagarha
722,Jharkhand,825,Hazaribag,825319,Sultana
722,Jharkhand,825,Hazaribag,825313,Tatijharia
722,Jharkhand,825,Hazaribag,825312,Uchaghana
722,Jharkhand,825,Hazaribag,825414,Ghatotand
722,Jharkhand,825,Hazaribag,825402,Tilra
722,Jharkhand,825,Hazaribag,825323,Barkatha
722,Jharkhand,825,Hazaribag,825101,Soso
722,Jharkhand,825,Hazaribag,825406,Singhrawan
722,Jharkhand,825,Hazaribag,825330,Topa Coliery
722,Jharkhand,825,Hazaribag,825336,Jarwa
722,Jharkhand,825,Hazaribag,825315,Kuruknalo
722,Jharkhand,825,Hazaribag,825411,Surajpura
722,Jharkhand,825,Hazaribag,825316,Mandu
722,Jharkhand,825,Hazaribag,825173,Raham
722,Jharkhand,825,Hazaribag,825405,Lohandi
722,Jharkhand,825,Hazaribag,825335,Pelawal
722,Jharkhand,825,Hazaribag,825324,Sudan
722,Jharkhand,825,Hazaribag,825326,Tapin
723,Jharkhand,825,Koderma,825418,Phulwaria
723,Jharkhand,825,Koderma,825407,Sapahi
723,Jharkhand,825,Koderma,825323,Shiladih
723,Jharkhand,825,Koderma,825409,Parsatari
723,Jharkhand,825,Koderma,825324,Sharmatand
723,Jharkhand,825,Koderma,825421,Chandwara
723,Jharkhand,825,Koderma,825318,Parsabad
723,Jharkhand,825,Koderma,825410,Pathaldiha
723,Jharkhand,825,Koderma,825413,Telaiya Dam
723,Jharkhand,825,Koderma,825137,Karma
724,Jharkhand,826,Dhanbad,826124,A.C.c. colony
724,Jharkhand,826,Dhanbad,826005,Bccl Township
724,Jharkhand,826,Dhanbad,826001,Naya Bazar wasseypur
724,Jharkhand,826,Dhanbad,826004,Yadavpur
724,Jharkhand,826,Dhanbad,826003,Jagjivan Nagar
725,Jharkhand,827,Bokaro,827013,Satanpur
725,Jharkhand,827,Bokaro,827001,Sector-i
725,Jharkhand,827,Bokaro,827011,B.S.city plant
725,Jharkhand,827,Bokaro,827010,Sibandih
725,Jharkhand,827,Bokaro,827302,Tangtona
725,Jharkhand,827,Bokaro,827009,Sector- Ix
725,Jharkhand,827,Bokaro,827014,Balidih
725,Jharkhand,827,Bokaro,827012,Marafari Colony
725,Jharkhand,827,Bokaro,827003,Sector- Iii
725,Jharkhand,827,Bokaro,827004,Sector- Iv
725,Jharkhand,827,Bokaro,827006,Sector-vi
726,Jharkhand,828,Bokaro,828134,Silphore
726,Jharkhand,828,Bokaro,828311,Amlabad Colliery
726,Jharkhand,828,Bokaro,828121,Chandore
726,Jharkhand,828,Bokaro,828403,Telo
726,Jharkhand,828,Bokaro,828307,Karmatand
726,Jharkhand,828,Bokaro,828125,Kharkharee
727,Jharkhand,828,Dhanbad,828201,Salukchapra
727,Jharkhand,828,Dhanbad,828111,Jharia Manbad
727,Jharkhand,828,Dhanbad,828113,Tilaiya
727,Jharkhand,828,Dhanbad,828130,B.Polytechnic
727,Jharkhand,828,Dhanbad,828110,Jealgora
727,Jharkhand,828,Dhanbad,828306,Ramakunda
727,Jharkhand,828,Dhanbad,828109,Ukma
727,Jharkhand,828,Dhanbad,828116,Kusunda
727,Jharkhand,828,Dhanbad,828101,Sendra
727,Jharkhand,828,Dhanbad,828205,Thaparnagar
727,Jharkhand,828,Dhanbad,828106,Dhansar
727,Jharkhand,828,Dhanbad,828204,Urma
727,Jharkhand,828,Dhanbad,828121,Sijua
727,Jharkhand,828,Dhanbad,828301,Horladih
727,Jharkhand,828,Dhanbad,828102,Bhagabandh
727,Jharkhand,828,Dhanbad,828308,Bhatdih
727,Jharkhand,828,Dhanbad,828103,Bhelatand
727,Jharkhand,828,Dhanbad,828401,Hariharpur
727,Jharkhand,828,Dhanbad,828303,Mahal
727,Jharkhand,828,Dhanbad,828302,Bhowra
727,Jharkhand,828,Dhanbad,828133,Bhulan Bararee
727,Jharkhand,828,Dhanbad,828104,Bowakalan
727,Jharkhand,828,Dhanbad,828402,Topchanchi
727,Jharkhand,828,Dhanbad,828117,Kustore
727,Jharkhand,828,Dhanbad,828202,Sarsapahari
727,Jharkhand,828,Dhanbad,828135,Chasnalla
727,Jharkhand,828,Dhanbad,828107,Domgarh
727,Jharkhand,828,Dhanbad,828108,Fri
727,Jharkhand,828,Dhanbad,828112,Kalimela
727,Jharkhand,828,Dhanbad,828125,Sonardih
727,Jharkhand,828,Dhanbad,828309,Jitpur
727,Jharkhand,828,Dhanbad,828129,Moonidih
727,Jharkhand,828,Dhanbad,828114,Pradhankhanta
727,Jharkhand,828,Dhanbad,828307,Nudkhurkee
727,Jharkhand,828,Dhanbad,828115,Tisra
727,Jharkhand,828,Dhanbad,828131,Madhuban
727,Jharkhand,828,Dhanbad,828203,Silibari
727,Jharkhand,828,Dhanbad,828207,Maithon Dam
727,Jharkhand,828,Dhanbad,828304,Rampur
727,Jharkhand,828,Dhanbad,828305,Ramnagar Garh
727,Jharkhand,828,Dhanbad,828120,Motinagar
727,Jharkhand,828,Dhanbad,828206,Panchet Dam
727,Jharkhand,828,Dhanbad,828119,Patherdih
727,Jharkhand,828,Dhanbad,828132,Patherdih Coal washery
727,Jharkhand,828,Dhanbad,828123,S.I.t.
727,Jharkhand,828,Dhanbad,828122,Sindri
727,Jharkhand,828,Dhanbad,828127,Saraidhela
727,Jharkhand,828,Dhanbad,828105,Shramik Nagar
727,Jharkhand,828,Dhanbad,828126,Sudamdih
727,Jharkhand,828,Dhanbad,828142,Tundi
727,Jharkhand,828,Dhanbad,828128,Tundoo
728,Jharkhand,829,Bokaro,829104,Bermo
728,Jharkhand,829,Bokaro,829301,Pathuria
728,Jharkhand,829,Bokaro,829114,Tantri
728,Jharkhand,829,Bokaro,829121,Uttasara
728,Jharkhand,829,Bokaro,829112,Penk
728,Jharkhand,829,Bokaro,829127,Sunday Bazar
728,Jharkhand,829,Bokaro,829132,Turio
728,Jharkhand,829,Bokaro,829107,Kanjkiro
728,Jharkhand,829,Bokaro,829123,Ulgada
728,Jharkhand,829,Bokaro,829111,Saram
728,Jharkhand,829,Bokaro,829128,Swang Colliery
728,Jharkhand,829,Bokaro,829113,Khetko
728,Jharkhand,829,Bokaro,829116,Kathara
728,Jharkhand,829,Bokaro,829149,T.T.p.s.lalpania
729,Jharkhand,829,Chatra,829201,Bandu
730,Jharkhand,829,Giridh,829121,Ordana
731,Jharkhand,829,Hazaribag,829101,Hesla
731,Jharkhand,829,Hazaribag,829143,Gegda
731,Jharkhand,829,Hazaribag,829110,Toiyar
731,Jharkhand,829,Hazaribag,829134,Tirla
731,Jharkhand,829,Hazaribag,829102,Barkakana
731,Jharkhand,829,Hazaribag,829103,Chaingada
731,Jharkhand,829,Hazaribag,829106,Pali
731,Jharkhand,829,Hazaribag,829117,Marar
731,Jharkhand,829,Hazaribag,829135,Bhurkunda
731,Jharkhand,829,Hazaribag,829108,Giddi a
731,Jharkhand,829,Hazaribag,829109,Giddi C
731,Jharkhand,829,Hazaribag,829119,Patratu Tps
731,Jharkhand,829,Hazaribag,829210,Sikani
731,Jharkhand,829,Hazaribag,829118,Terpa
731,Jharkhand,829,Hazaribag,829120,Patratu Diesel colony ndedso
731,Jharkhand,829,Hazaribag,829130,Prc
731,Jharkhand,829,Hazaribag,829122,Ramgarh Cantt
731,Jharkhand,829,Hazaribag,829129,Religarha
731,Jharkhand,829,Hazaribag,829125,Sayal
731,Jharkhand,829,Hazaribag,829145,Sirka Nd
731,Jharkhand,829,Hazaribag,829133,Sounda D
731,Jharkhand,829,Hazaribag,829126,Sounda C
732,Jharkhand,829,Latehar,829203,Serak
732,Jharkhand,829,Latehar,829206,Udaypur
732,Jharkhand,829,Latehar,829202,Serendag
732,Jharkhand,829,Latehar,829204,Mundu
732,Jharkhand,829,Latehar,829207,Sarju
733,Jharkhand,829,Palamau,829202,Sibla
734,Jharkhand,829,Ramgarh,829109,Dari
734,Jharkhand,829,Ramgarh,829131,Src
735,Jharkhand,829,Ranchi,829205,Khalari
735,Jharkhand,829,Ranchi,829210,Dakra Colliery
735,Jharkhand,829,Ranchi,829209,Ray
735,Jharkhand,829,Ranchi,829208,Nindra
736,Jharkhand,831,East Singhbhum,831013,Adardih
736,Jharkhand,831,East Singhbhum,831009,Agrico
736,Jharkhand,831,East Singhbhum,831002,Tatanagar
736,Jharkhand,831,East Singhbhum,831017,Baridih Colony
736,Jharkhand,831,East Singhbhum,831012,Pipla
736,Jharkhand,831,East Singhbhum,831004,Telco Works
736,Jharkhand,831,East Singhbhum,831001,Sakchi Court
736,Jharkhand,831,East Singhbhum,831007,N M l
736,Jharkhand,831,East Singhbhum,831003,Golmuri
736,Jharkhand,831,East Singhbhum,831015,Gobindpur Housing colony
736,Jharkhand,831,East Singhbhum,831008,Luabasa
736,Jharkhand,831,East Singhbhum,831006,Jugsalai
736,Jharkhand,831,East Singhbhum,831005,Kadma
736,Jharkhand,831,East Singhbhum,831018,M.G.m medical college
736,Jharkhand,831,East Singhbhum,831014,R.I.t
736,Jharkhand,831,East Singhbhum,831016,Rahargora
736,Jharkhand,831,East Singhbhum,831011,Sonari
736,Jharkhand,831,East Singhbhum,831010,Telco G.m office
737,Jharkhand,831,Seraikela Kharsawan,831013,Adityapur
738,Jharkhand,832,East Singhbhum,832301,Simdi
738,Jharkhand,832,East Singhbhum,832102,Rajdoha
738,Jharkhand,832,East Singhbhum,832101,Ram Chandra pur
738,Jharkhand,832,East Singhbhum,832302,Singhpura
738,Jharkhand,832,East Singhbhum,832303,Surda Mines
738,Jharkhand,832,East Singhbhum,832110,Azadnagar
738,Jharkhand,832,East Singhbhum,832104,Mosabani Mines
738,Jharkhand,832,East Singhbhum,832401,Chandil
738,Jharkhand,832,East Singhbhum,832105,Rasik Nagar
738,Jharkhand,832,East Singhbhum,832304,Suklara
738,Jharkhand,832,East Singhbhum,832404,Chowka
738,Jharkhand,832,East Singhbhum,832107,Tumung
738,Jharkhand,832,East Singhbhum,832103,Moubhandar
738,Jharkhand,832,East Singhbhum,832106,Rakha Mines
738,Jharkhand,832,East Singhbhum,832403,Tiruldih
739,Jharkhand,832,Seraikela Kharsawan,832109,Adityapur Industrial area
739,Jharkhand,832,Seraikela Kharsawan,832401,Tilla
739,Jharkhand,832,Seraikela Kharsawan,832404,Urmal
739,Jharkhand,832,Seraikela Kharsawan,832108,Nowagarh
739,Jharkhand,832,Seraikela Kharsawan,832403,Soro
739,Jharkhand,832,Seraikela Kharsawan,832402,Kandra
739,Jharkhand,832,Seraikela Kharsawan,832119,Tablapur
740,Jharkhand,832,West Singhbhum,832113,Rajnagar
741,Jharkhand,833,Seraikela Kharsawan,833101,Amda
741,Jharkhand,833,Seraikela Kharsawan,833216,Kuchai
741,Jharkhand,833,Seraikela Kharsawan,833105,Jarakel
741,Jharkhand,833,Seraikela Kharsawan,833210,Sini
741,Jharkhand,833,Seraikela Kharsawan,833102,Chakradharpur Colony
742,Jharkhand,833,West Singhbhum,833214,T.B.dumuria
742,Jharkhand,833,West Singhbhum,833201,Tonto
742,Jharkhand,833,West Singhbhum,833104,Urkia
742,Jharkhand,833,West Singhbhum,833102,Unchibita
742,Jharkhand,833,West Singhbhum,833221,Barajamda
742,Jharkhand,833,West Singhbhum,833215,Surjabasa
742,Jharkhand,833,West Singhbhum,833103,Tuniagajpur
742,Jharkhand,833,West Singhbhum,833216,Chhota Bandi
742,Jharkhand,833,West Singhbhum,833106,Salai
742,Jharkhand,833,West Singhbhum,833212,Danguaposi
742,Jharkhand,833,West Singhbhum,833101,Padampur
742,Jharkhand,833,West Singhbhum,833213,Gua
742,Jharkhand,833,West Singhbhum,833203,Maluka
742,Jharkhand,833,West Singhbhum,833217,Noamundi
742,Jharkhand,833,West Singhbhum,833218,Noamundi Bazar
742,Jharkhand,833,West Singhbhum,833222,Kiriburu Base camp
742,Jharkhand,833,West Singhbhum,833105,Sonua
742,Jharkhand,833,West Singhbhum,833223,Meghahatuburu
743,Jharkhand,834,Ranchi,834002,Ranchi Airport
743,Jharkhand,834,Ranchi,834008,Ranchi University
743,Jharkhand,834,Ranchi,834004,Tiril
743,Jharkhand,834,Ranchi,834010,Tetri
743,Jharkhand,834,Ranchi,834009,Ranchi Medical college campus
743,Jharkhand,834,Ranchi,834006,Sukurhutu
743,Jharkhand,834,Ranchi,834001,Ranchi.
743,Jharkhand,834,Ranchi,834003,Railway Colony hatia
743,Jharkhand,834,Ranchi,834005,Hehal
744,Jharkhand,835,Gumla,835231,Sato
744,Jharkhand,835,Gumla,835203,Turiamba
744,Jharkhand,835,Gumla,835232,Sursang
744,Jharkhand,835,Gumla,835233,Toto
744,Jharkhand,835,Gumla,835208,Totambi
744,Jharkhand,835,Gumla,835324,Sogra
744,Jharkhand,835,Gumla,835207,Telgaon
744,Jharkhand,835,Gumla,835229,Sukurda
744,Jharkhand,835,Gumla,835206,Tusgaon
744,Jharkhand,835,Gumla,835230,Rajawal
744,Jharkhand,835,Gumla,835306,Bhandra
744,Jharkhand,835,Gumla,835220,Tapkara
744,Jharkhand,835,Gumla,835227,Surhu
745,Jharkhand,835,Lohardaga,835302,Tisiya
745,Jharkhand,835,Lohardaga,835213,Salgi
745,Jharkhand,835,Lohardaga,835218,Netarhat
745,Jharkhand,835,Lohardaga,835305,Kisko
745,Jharkhand,835,Lohardaga,835304,Senha
746,Jharkhand,835,Ranchi,835204,Taimara
746,Jharkhand,835,Ranchi,835102,Tutikinawadih
746,Jharkhand,835,Ranchi,835325,Sinjo
746,Jharkhand,835,Ranchi,835227,Torpa
746,Jharkhand,835,Ranchi,835225,Vijaygiri
746,Jharkhand,835,Ranchi,835103,Tatisilway
746,Jharkhand,835,Ranchi,835210,Sirum
746,Jharkhand,835,Ranchi,835301,Tikratoli
746,Jharkhand,835,Ranchi,835216,Sarwada
746,Jharkhand,835,Ranchi,835202,Turmuli
746,Jharkhand,835,Ranchi,835303,Saparam
746,Jharkhand,835,Ranchi,835219,Subarnrekha Hydai project
746,Jharkhand,835,Ranchi,835222,Urugutu
746,Jharkhand,835,Ranchi,835234,Rendwa
746,Jharkhand,835,Ranchi,835209,Tilmi
746,Jharkhand,835,Ranchi,835214,Umedanda
746,Jharkhand,835,Ranchi,835240,Boreya
746,Jharkhand,835,Ranchi,835205,Brambe(r)
746,Jharkhand,835,Ranchi,835217,Neori Vikas vidyalaya
746,Jharkhand,835,Ranchi,835239,Chanho
746,Jharkhand,835,Ranchi,835101,Tetebandrampur
746,Jharkhand,835,Ranchi,835221,Tarasiladon
746,Jharkhand,835,Ranchi,835238,Irba
746,Jharkhand,835,Ranchi,835244,Lapung
746,Jharkhand,835,Ranchi,835215,Mesra
746,Jharkhand,835,Ranchi,835236,Sikidiri
747,Jharkhand,835,Simdega,835211,Tutikel
747,Jharkhand,835,Simdega,835212,Taisera
747,Jharkhand,835,Simdega,835223,Tupudega Pandripani
747,Jharkhand,835,Simdega,835226,Urta
747,Jharkhand,835,Simdega,835201,Sikorda
747,Jharkhand,835,Simdega,835228,Tamra
747,Jharkhand,835,Simdega,835235,Rengari
748,Jharkhand,835,West Singhbhum,835216,Tebo
749,Jharkhand,922,Latehar,922119,Rajdanda
750,Lakshadweep,682,Lakshadweep,682553,Agathi
750,Lakshadweep,682,Lakshadweep,682552,Amini
750,Lakshadweep,682,Lakshadweep,682551,Androth
750,Lakshadweep,682,Lakshadweep,682554,Chetlat
750,Lakshadweep,682,Lakshadweep,682556,Kadamat
750,Lakshadweep,682,Lakshadweep,682557,Kalpeni
750,Lakshadweep,682,Lakshadweep,682555,Kavaratti
750,Lakshadweep,682,Lakshadweep,682558,Kiltan
750,Lakshadweep,682,Lakshadweep,682559,Minicoy
751,Madhya Pradesh,450,Burhanpur,450331,Sirpur
751,Madhya Pradesh,450,Burhanpur,450001,Amulla
751,Madhya Pradesh,450,Burhanpur,450445,Turakgurada
751,Madhya Pradesh,450,Burhanpur,450221,Siwal
751,Madhya Pradesh,450,Burhanpur,450332,Tukaithad
751,Madhya Pradesh,450,Burhanpur,450661,Khatla
752,Madhya Pradesh,450,Khandwa East nimar,450337,Suktanagar
752,Madhya Pradesh,450,Khandwa East nimar,450117,Sunderdev
752,Madhya Pradesh,450,Khandwa East nimar,450001,Vidhya Nagar khandwa
752,Madhya Pradesh,450,Khandwa East nimar,450661,Pandhana
752,Madhya Pradesh,450,Khandwa East nimar,450551,Sulgaon
752,Madhya Pradesh,450,Khandwa East nimar,450881,Singot
752,Madhya Pradesh,450,Khandwa East nimar,450771,Taklimori
752,Madhya Pradesh,450,Khandwa East nimar,450554,Thapna
752,Madhya Pradesh,450,Khandwa East nimar,450051,Sukva
752,Madhya Pradesh,450,Khandwa East nimar,450991,Selda
752,Madhya Pradesh,450,Khandwa East nimar,450116,Sonkhedi
752,Madhya Pradesh,450,Khandwa East nimar,450110,Borkheda Singaji
752,Madhya Pradesh,450,Khandwa East nimar,450114,Punasa
752,Madhya Pradesh,450,Khandwa East nimar,450112,Purani
752,Madhya Pradesh,450,Khandwa East nimar,450119,Narmada Nagar
753,Madhya Pradesh,450,Khargone West nimar,450661,Mitawal
754,Madhya Pradesh,451,Barwani,451666,Warla
754,Madhya Pradesh,451,Barwani,451556,Uchawad
754,Madhya Pradesh,451,Barwani,451551,Talun Khurd
754,Madhya Pradesh,451,Barwani,451447,Wajhar
754,Madhya Pradesh,451,Barwani,451449,Salikalan
754,Madhya Pradesh,451,Barwani,451770,Pansemal
754,Madhya Pradesh,451,Barwani,451881,Temala
754,Madhya Pradesh,451,Barwani,451660,Thikari
754,Madhya Pradesh,451,Barwani,451442,Chitawal
754,Madhya Pradesh,451,Barwani,451667,Niwali
754,Madhya Pradesh,451,Barwani,451661,Pati
755,Madhya Pradesh,451,Khargone West nimar,451332,Zirnia
755,Madhya Pradesh,451,Khargone West nimar,451113,Rodia
755,Madhya Pradesh,451,Khargone West nimar,451111,Satajana
755,Madhya Pradesh,451,Khargone West nimar,451228,Satkut
755,Madhya Pradesh,451,Khargone West nimar,451335,Vithnera
755,Madhya Pradesh,451,Khargone West nimar,451224,Mehatwada
755,Madhya Pradesh,451,Khargone West nimar,451221,Thangaon
755,Madhya Pradesh,451,Khargone West nimar,451225,Sejgaon
755,Madhya Pradesh,451,Khargone West nimar,451115,Umaria Chowki
755,Madhya Pradesh,451,Khargone West nimar,451220,Vani
755,Madhya Pradesh,451,Khargone West nimar,451441,Umarkhali
755,Madhya Pradesh,451,Khargone West nimar,451337,Bamnala
755,Madhya Pradesh,451,Khargone West nimar,451331,Sundrel
755,Madhya Pradesh,451,Khargone West nimar,451443,Barud (tanda)
755,Madhya Pradesh,451,Khargone West nimar,451444,Bhagwanpura
755,Madhya Pradesh,451,Khargone West nimar,451660,Satrati
755,Madhya Pradesh,451,Khargone West nimar,451442,Segaon
755,Madhya Pradesh,451,Khargone West nimar,451440,Un
755,Madhya Pradesh,451,Khargone West nimar,451001,Khargone Tawnhall
756,Madhya Pradesh,452,Indore,452006,Sadar Bazar indore
756,Madhya Pradesh,452,Indore,452016,Sivani
756,Madhya Pradesh,452,Indore,452005,Bijasan Road
756,Madhya Pradesh,452,Indore,452020,Tillorkhurd
756,Madhya Pradesh,452,Indore,452007,Pagnispaga Indore
756,Madhya Pradesh,452,Indore,452001,Radio Colony indore
756,Madhya Pradesh,452,Indore,452013,Indore Cat
756,Madhya Pradesh,452,Indore,452002,Indore Raj mohalla
756,Madhya Pradesh,452,Indore,452010,Vijay Nagar
756,Madhya Pradesh,452,Indore,452015,Industrial Estate
756,Madhya Pradesh,452,Indore,452003,Vallabhnagar
756,Madhya Pradesh,452,Indore,452008,Indore R.s.s.nagar
756,Madhya Pradesh,452,Indore,452018,Indore Tillaknagar
756,Madhya Pradesh,452,Indore,452014,Khatiwala Tank
756,Madhya Pradesh,452,Indore,452009,Sudama Nagar
756,Madhya Pradesh,452,Indore,452011,Nanda Nagar
756,Madhya Pradesh,452,Indore,452012,Rajendra Nagar
757,Madhya Pradesh,453,Indore,453115,Sumtha
757,Madhya Pradesh,453,Indore,453551,Solsinda
757,Madhya Pradesh,453,Indore,453111,Paliya
757,Madhya Pradesh,453,Indore,453441,Mhow Railway stattion
757,Madhya Pradesh,453,Indore,453001,Sagdod
757,Madhya Pradesh,453,Indore,453220,Mendakwasa
757,Madhya Pradesh,453,Indore,453771,Todi
757,Madhya Pradesh,453,Indore,453236,Fc Ganj
757,Madhya Pradesh,453,Indore,453112,Palakhedi
757,Madhya Pradesh,453,Indore,453661,Yashwant Nagar
757,Madhya Pradesh,453,Indore,453331,Umaria
757,Madhya Pradesh,453,Indore,453446,Rasalpura
757,Madhya Pradesh,453,Indore,453332,Sonway Bhensolay audygik kshet
758,Madhya Pradesh,454,Dhar,454001,Utawad
758,Madhya Pradesh,454,Dhar,454446,Tonki
758,Madhya Pradesh,454,Dhar,454221,Tanda
758,Madhya Pradesh,454,Dhar,454331,Talwadi
758,Madhya Pradesh,454,Dhar,454441,Takraoda
758,Madhya Pradesh,454,Dhar,454020,Sodpur
758,Madhya Pradesh,454,Dhar,454773,Lebadchowki
758,Madhya Pradesh,454,Dhar,454660,Tilgara
758,Madhya Pradesh,454,Dhar,454111,Sardarpur
758,Madhya Pradesh,454,Dhar,454749,Bagdi
758,Madhya Pradesh,454,Dhar,454448,Bakaner
758,Madhya Pradesh,454,Dhar,454552,Tarapur
758,Madhya Pradesh,454,Dhar,454665,Shergarh
758,Madhya Pradesh,454,Dhar,454116,Tirla
758,Madhya Pradesh,454,Dhar,454435,Sirsi
758,Madhya Pradesh,454,Dhar,454449,Zirvi
758,Madhya Pradesh,454,Dhar,454365,Dahi
758,Madhya Pradesh,454,Dhar,454350,Gandhwani
758,Madhya Pradesh,454,Dhar,454774,Sulawad
758,Madhya Pradesh,454,Dhar,454775,Pithampur
758,Madhya Pradesh,454,Dhar,454648,Rajod
758,Madhya Pradesh,454,Dhar,454345,Singhana
759,Madhya Pradesh,455,Dewas,455116,Tonkhurd
759,Madhya Pradesh,455,Dewas,455227,Udaynagar
759,Madhya Pradesh,455,Dewas,455336,Umaria
759,Madhya Pradesh,455,Dewas,455001,Tonkkalan
759,Madhya Pradesh,455,Dewas,455332,Vikrampur
759,Madhya Pradesh,455,Dewas,455118,Talod
759,Madhya Pradesh,455,Dewas,455115,Sanwarsi
759,Madhya Pradesh,455,Dewas,455225,Tappa Suklia
759,Madhya Pradesh,455,Dewas,455459,Satwas
759,Madhya Pradesh,455,Dewas,455111,Tigiria Goga
759,Madhya Pradesh,455,Dewas,455221,Zikrakhedi
759,Madhya Pradesh,455,Dewas,455440,Surmania
759,Madhya Pradesh,455,Dewas,455339,Sawasada
760,Madhya Pradesh,456,Ujjain,456776,Sundarabad
760,Madhya Pradesh,456,Ujjain,456441,Rnayarapeer
760,Madhya Pradesh,456,Ujjain,456222,Sijavta
760,Madhya Pradesh,456,Ujjain,456224,Shrivatsa
760,Madhya Pradesh,456,Ujjain,456221,Unhel
760,Madhya Pradesh,456,Ujjain,456771,Piplu
760,Madhya Pradesh,456,Ujjain,456006,Undasa
760,Madhya Pradesh,456,Ujjain,456337,Suwasa
760,Madhya Pradesh,456,Ujjain,456661,Tajpur
760,Madhya Pradesh,456,Ujjain,456770,Samgi
760,Madhya Pradesh,456,Ujjain,456335,Rupeta
760,Madhya Pradesh,456,Ujjain,456440,Tutiya  khedi
760,Madhya Pradesh,456,Ujjain,456443,Shakkar  khedi
760,Madhya Pradesh,456,Ujjain,456331,Mehatvas
760,Madhya Pradesh,456,Ujjain,456313,Narsingarh
760,Madhya Pradesh,456,Ujjain,456665,Tarana  town
760,Madhya Pradesh,456,Ujjain,456664,Piploda  dwarkadhish
760,Madhya Pradesh,456,Ujjain,456550,Ujjainiya
760,Madhya Pradesh,456,Ujjain,456668,Tilawad
760,Madhya Pradesh,456,Ujjain,456001,Ujjain Daulatganj
760,Madhya Pradesh,456,Ujjain,456003,Ujjain  bherugarh
760,Madhya Pradesh,456,Ujjain,456010,Ujjain Vikram university
761,Madhya Pradesh,457,Jhabua,457779,Sad
761,Madhya Pradesh,457,Jhabua,457887,Walwai
761,Madhya Pradesh,457,Jhabua,457893,Sorwa
761,Madhya Pradesh,457,Jhabua,457770,Sarangi
761,Madhya Pradesh,457,Jhabua,457773,Temria
761,Madhya Pradesh,457,Jhabua,457888,Walpur
761,Madhya Pradesh,457,Jhabua,457993,Samoi
761,Madhya Pradesh,457,Jhabua,457990,Undari
761,Madhya Pradesh,457,Jhabua,457777,Udaiga R.s.
761,Madhya Pradesh,457,Jhabua,457775,Umarkot
761,Madhya Pradesh,457,Jhabua,457882,Sejawaa
761,Madhya Pradesh,457,Jhabua,457772,Semlia
761,Madhya Pradesh,457,Jhabua,457885,Motibadoi
761,Madhya Pradesh,457,Jhabua,457661,Jhabua Gailtownship
762,Madhya Pradesh,457,Ratlam,457550,Sakraoda
762,Madhya Pradesh,457,Ratlam,457114,Vikramgarh
762,Madhya Pradesh,457,Ratlam,457555,Thikria
762,Madhya Pradesh,457,Ratlam,457222,Semlia
762,Madhya Pradesh,457,Ratlam,457336,Rola
762,Madhya Pradesh,457,Ratlam,457111,Bangrod
762,Madhya Pradesh,457,Ratlam,457001,Umar
762,Madhya Pradesh,457,Ratlam,457227,Barawada
762,Madhya Pradesh,457,Ratlam,457331,Sherpur
762,Madhya Pradesh,457,Ratlam,457887,Barbodna
762,Madhya Pradesh,457,Ratlam,457118,Tal
762,Madhya Pradesh,457,Ratlam,457441,Simlaoda
762,Madhya Pradesh,457,Ratlam,457339,Talidana
762,Madhya Pradesh,457,Ratlam,457226,Uplai
762,Madhya Pradesh,457,Ratlam,457333,Sukheda
762,Madhya Pradesh,457,Ratlam,457769,Raoti
762,Madhya Pradesh,457,Ratlam,457551,Sarwan
763,Madhya Pradesh,457,Rewa,457555,Kundanpur
764,Madhya Pradesh,458,Mandsaur,458883,Umria Baloda
764,Madhya Pradesh,458,Mandsaur,458553,Somia
764,Madhya Pradesh,458,Mandsaur,458895,Udpura
764,Madhya Pradesh,458,Mandsaur,458888,Tonkada
764,Madhya Pradesh,458,Mandsaur,458667,Semalia Heera
764,Madhya Pradesh,458,Mandsaur,458669,Sarsod
764,Madhya Pradesh,458,Mandsaur,458002,Sarafa Mandsaur
764,Madhya Pradesh,458,Mandsaur,458775,Sandla
764,Madhya Pradesh,458,Mandsaur,458664,Soni
764,Madhya Pradesh,458,Mandsaur,458558,Vishnia Dak bunglow
764,Madhya Pradesh,458,Mandsaur,458880,Sathkheda
764,Madhya Pradesh,458,Mandsaur,458556,Takrawad
764,Madhya Pradesh,458,Mandsaur,458339,Sunthod
764,Madhya Pradesh,458,Mandsaur,458990,Titrod
764,Madhya Pradesh,458,Mandsaur,458389,Sedaramata
764,Madhya Pradesh,458,Mandsaur,458778,Satalkhedi
764,Madhya Pradesh,458,Mandsaur,458771,Gandhi Sagar
764,Madhya Pradesh,458,Mandsaur,458660,Kayampur
764,Madhya Pradesh,458,Mandsaur,458001,Shri Ramtekri mandsaur
765,Madhya Pradesh,458,Neemuch,458113,Nalwa
765,Madhya Pradesh,458,Neemuch,458110,Piplia Raoji
765,Madhya Pradesh,458,Neemuch,458441,Thdoli
765,Madhya Pradesh,458,Neemuch,458474,Athana
765,Madhya Pradesh,458,Neemuch,458226,Umar
765,Madhya Pradesh,458,Neemuch,458118,Rampura
765,Madhya Pradesh,458,Neemuch,458220,Semali Chandrawat
765,Madhya Pradesh,458,Neemuch,458116,Tamoti
765,Madhya Pradesh,458,Neemuch,458330,Tarapur
765,Madhya Pradesh,458,Neemuch,458553,Jharda
765,Madhya Pradesh,458,Neemuch,458339,Kunchrod
765,Madhya Pradesh,458,Neemuch,458228,Tal
765,Madhya Pradesh,458,Neemuch,458336,Jeeran
765,Madhya Pradesh,458,Neemuch,458468,Nayagaon C f
765,Madhya Pradesh,458,Neemuch,458470,Khor
766,Madhya Pradesh,460,Betul,460225,Vijaygaram
766,Madhya Pradesh,460,Betul,460553,Nahiya
766,Madhya Pradesh,460,Betul,460449,Shaktigarh
766,Madhya Pradesh,460,Betul,460551,Umaria
766,Madhya Pradesh,460,Betul,460669,Umari
766,Madhya Pradesh,460,Betul,460666,Taikheda
766,Madhya Pradesh,460,Betul,460110,Wadali
766,Madhya Pradesh,460,Betul,460330,Ratanpur
766,Madhya Pradesh,460,Betul,460440,Temru
766,Madhya Pradesh,460,Betul,460220,Thopoda
766,Madhya Pradesh,460,Betul,460001,Vikasnagar Betul
766,Madhya Pradesh,460,Betul,460004,Sohagpur
766,Madhya Pradesh,460,Betul,460660,Yenus
766,Madhya Pradesh,460,Betul,460554,Kalmeshwara
766,Madhya Pradesh,460,Betul,460663,Sipawa
766,Madhya Pradesh,460,Betul,460668,Shirdi
766,Madhya Pradesh,460,Betul,460443,Sitakamath
766,Madhya Pradesh,460,Betul,460557,Yenkheda
766,Madhya Pradesh,460,Betul,460447,Sarni
767,Madhya Pradesh,461,Harda,461444,Charuwa
767,Madhya Pradesh,461,Harda,461331,Ptc Harda
767,Madhya Pradesh,461,Harda,461441,Khirkiyan R.s.
767,Madhya Pradesh,461,Harda,461251,Rahatgaon
767,Madhya Pradesh,461,Harda,461335,Sirali
767,Madhya Pradesh,461,Harda,461228,Timarni
768,Madhya Pradesh,461,Hoshangabad,461661,Tamcharu
768,Madhya Pradesh,461,Hoshangabad,461331,Uda
768,Madhya Pradesh,461,Hoshangabad,461990,Umradha
768,Madhya Pradesh,461,Hoshangabad,461223,Sivpur
768,Madhya Pradesh,461,Hoshangabad,461221,Tili Awnali
768,Madhya Pradesh,461,Hoshangabad,461111,Taku
768,Madhya Pradesh,461,Hoshangabad,461668,Simrodha
768,Madhya Pradesh,461,Hoshangabad,461228,Temagaon
768,Madhya Pradesh,461,Hoshangabad,461116,Tigria
768,Madhya Pradesh,461,Hoshangabad,461771,Sohagpur R.s.
768,Madhya Pradesh,461,Hoshangabad,461775,Taronkala
768,Madhya Pradesh,461,Hoshangabad,461441,Somgaonkala
768,Madhya Pradesh,461,Hoshangabad,461115,Teekhard
768,Madhya Pradesh,461,Hoshangabad,461001,Shukkarwara
768,Madhya Pradesh,461,Hoshangabad,461114,Cpe Itarsi
768,Madhya Pradesh,461,Hoshangabad,461446,Of Iatsri
768,Madhya Pradesh,461,Hoshangabad,461222,Ofe Itarsi
768,Madhya Pradesh,461,Hoshangabad,461881,Pachmarhi Cantt
768,Madhya Pradesh,461,Hoshangabad,461110,Reshalpur
768,Madhya Pradesh,461,Hoshangabad,461772,Shobhapur
768,Madhya Pradesh,461,Hoshangabad,461005,Sp Mills hoshangabad
768,Madhya Pradesh,461,Hoshangabad,461551,Tawa Nagar
769,Madhya Pradesh,462,Bhopal,462030,Tumada
769,Madhya Pradesh,462,Bhopal,462042,Kolar Road
769,Madhya Pradesh,462,Bhopal,462021,Piplani
769,Madhya Pradesh,462,Bhopal,462011,Shiksha Mandal
769,Madhya Pradesh,462,Bhopal,462038,Nabibagh
769,Madhya Pradesh,462,Bhopal,462041,Ayodhaya Nagar
769,Madhya Pradesh,462,Bhopal,462043,Bag Mungalia
769,Madhya Pradesh,462,Bhopal,462026,University
769,Madhya Pradesh,462,Bhopal,462010,Sukhi Sewania
769,Madhya Pradesh,462,Bhopal,462045,Bangrasia
769,Madhya Pradesh,462,Bhopal,462101,Tarawali Kalan
769,Madhya Pradesh,462,Bhopal,462044,Suraj Nagar
769,Madhya Pradesh,462,Bhopal,462008,Jahangirabad
769,Madhya Pradesh,462,Bhopal,462001,Shahajahanabad
769,Madhya Pradesh,462,Bhopal,462022,Bhel
769,Madhya Pradesh,462,Bhopal,462420,Sindhora
769,Madhya Pradesh,462,Bhopal,462003,Tulsi Nagar
769,Madhya Pradesh,462,Bhopal,462027,Dak Bhawan
769,Madhya Pradesh,462,Bhopal,462016,Shivaji Nagar
769,Madhya Pradesh,462,Bhopal,462036,Gandhi Nagar
769,Madhya Pradesh,462,Bhopal,462023,Subhash Nagar
769,Madhya Pradesh,462,Bhopal,462024,H.E. hospital
769,Madhya Pradesh,462,Bhopal,462007,M.A.c.t.
769,Madhya Pradesh,462,Bhopal,462004,Vallabh Bhawan
769,Madhya Pradesh,462,Bhopal,462032,Nayapura
769,Madhya Pradesh,462,Bhopal,462013,Regional College
769,Madhya Pradesh,462,Bhopal,462039,Trilanga
769,Madhya Pradesh,462,Bhopal,462002,Vidya Vihar
770,Madhya Pradesh,462,Raisen,462040,Satalapur
771,Madhya Pradesh,463,Bhopal,463106,Sonkachh
771,Madhya Pradesh,463,Bhopal,463111,Sohaya
772,Madhya Pradesh,464,Raisen,464884,Tekapalgarhi
772,Madhya Pradesh,464,Raisen,464668,Untiakalan
772,Madhya Pradesh,464,Raisen,464774,Timrawan
772,Madhya Pradesh,464,Raisen,464886,Sultanpur
772,Madhya Pradesh,464,Raisen,464551,Umravganj
772,Madhya Pradesh,464,Raisen,464665,Sankheda
772,Madhya Pradesh,464,Raisen,464776,Thala
772,Madhya Pradesh,464,Raisen,464993,Salkani
772,Madhya Pradesh,464,Raisen,464881,Umarkhoh
772,Madhya Pradesh,464,Raisen,464671,Semrikhurd
772,Madhya Pradesh,464,Raisen,464770,Uradmau
772,Madhya Pradesh,464,Raisen,464661,Uncher
772,Madhya Pradesh,464,Raisen,464995,Barkheda Rs
772,Madhya Pradesh,464,Raisen,464651,Samra
772,Madhya Pradesh,464,Raisen,464990,Tamot
772,Madhya Pradesh,464,Raisen,464573,Dehgaon
772,Madhya Pradesh,464,Raisen,464670,Magardha
773,Madhya Pradesh,464,Vidisha,464111,Wardha
773,Madhya Pradesh,464,Vidisha,464113,Thanner
773,Madhya Pradesh,464,Vidisha,464001,Vidisha
773,Madhya Pradesh,464,Vidisha,464221,Uhar
773,Madhya Pradesh,464,Vidisha,464220,Sumerr S
773,Madhya Pradesh,464,Vidisha,464226,Pauanala
773,Madhya Pradesh,464,Vidisha,464337,Pathari
773,Madhya Pradesh,464,Vidisha,464228,Unarsikhurd
773,Madhya Pradesh,464,Vidisha,464224,Shekhpur
773,Madhya Pradesh,464,Vidisha,464331,Teonda
773,Madhya Pradesh,464,Vidisha,464114,Unarshikala
773,Madhya Pradesh,464,Vidisha,464258,Nateran
774,Madhya Pradesh,465,Rajgarh,465669,Sonkatch
774,Madhya Pradesh,465,Rajgarh,465674,Pipalheda
774,Madhya Pradesh,465,Rajgarh,465677,Todi
774,Madhya Pradesh,465,Rajgarh,465697,Tikod
774,Madhya Pradesh,465,Rajgarh,465687,Sonkheda
774,Madhya Pradesh,465,Rajgarh,465693,Ramgarh
774,Madhya Pradesh,465,Rajgarh,465667,Tindoniya
774,Madhya Pradesh,465,Rajgarh,465680,Talen
774,Madhya Pradesh,465,Rajgarh,465683,Udankhedi
774,Madhya Pradesh,465,Rajgarh,465679,Semlikalan
774,Madhya Pradesh,465,Rajgarh,465685,Rosala
774,Madhya Pradesh,465,Rajgarh,465689,Nataram
774,Madhya Pradesh,465,Rajgarh,465691,Zeerapur
774,Madhya Pradesh,465,Rajgarh,465661,Sawasda
774,Madhya Pradesh,465,Rajgarh,465695,Pipliya Kulmi
775,Madhya Pradesh,465,Shajapur,465001,Sunhera
775,Madhya Pradesh,465,Shajapur,465441,Tanodiya
775,Madhya Pradesh,465,Shajapur,465223,Uchod
775,Madhya Pradesh,465,Shajapur,465333,Tilawadmena
775,Madhya Pradesh,465,Shajapur,465550,Madkota
775,Madhya Pradesh,465,Shajapur,465447,Susner
775,Madhya Pradesh,465,Shajapur,465335,Siloda
775,Madhya Pradesh,465,Shajapur,465516,Awantipur Barodia
775,Madhya Pradesh,465,Shajapur,465445,Takhala
775,Madhya Pradesh,465,Shajapur,465110,Tilawad  govind
775,Madhya Pradesh,465,Shajapur,465226,Tikon
775,Madhya Pradesh,465,Shajapur,465337,Ugli
775,Madhya Pradesh,465,Shajapur,465339,Semliya
775,Madhya Pradesh,465,Shajapur,465230,Shivgarh
775,Madhya Pradesh,465,Shajapur,465116,Polai Kalan
775,Madhya Pradesh,465,Shajapur,465220,Lahori
775,Madhya Pradesh,465,Shajapur,465227,Salsalai
775,Madhya Pradesh,465,Shajapur,465440,Soyat Kalan
775,Madhya Pradesh,465,Shajapur,465106,Maksi
775,Madhya Pradesh,465,Shajapur,465113,Sundersi
775,Madhya Pradesh,465,Shajapur,465331,Shujalpur  city
776,Madhya Pradesh,466,Sehore,466111,Veerpur Kolardem
776,Madhya Pradesh,466,Sehore,466448,Nandner
776,Madhya Pradesh,466,Sehore,466115,Torniya
776,Madhya Pradesh,466,Sehore,466665,Magarda
776,Madhya Pradesh,466,Sehore,466116,Mugli
776,Madhya Pradesh,466,Sehore,466554,Shahganj
776,Madhya Pradesh,466,Sehore,466446,Soyat
776,Madhya Pradesh,466,Sehore,466113,Muskara
776,Madhya Pradesh,466,Sehore,466221,Murawar
776,Madhya Pradesh,466,Sehore,466001,Semradangi
776,Madhya Pradesh,466,Sehore,466331,Tiladiya
776,Madhya Pradesh,466,Sehore,466125,Sewda
776,Madhya Pradesh,466,Sehore,466651,Sonthi
776,Madhya Pradesh,466,Sehore,466445,Pilikarar
776,Madhya Pradesh,466,Sehore,466114,Nipaniakalan
776,Madhya Pradesh,466,Sehore,466661,Jharkheda
776,Madhya Pradesh,466,Sehore,466120,Siddikganj
776,Madhya Pradesh,466,Sehore,466118,Metwada
776,Madhya Pradesh,466,Sehore,466117,Khachrod
776,Madhya Pradesh,466,Sehore,466119,Khadi
777,Madhya Pradesh,470,Damoh,470662,Rasilpur
777,Madhya Pradesh,470,Damoh,470673,Tindua
777,Madhya Pradesh,470,Damoh,470771,Kandipur
777,Madhya Pradesh,470,Damoh,470675,Sitanagar
777,Madhya Pradesh,470,Damoh,470661,Umari
777,Madhya Pradesh,470,Damoh,470672,Sarkhadi
777,Madhya Pradesh,470,Damoh,470664,Salaiya
777,Madhya Pradesh,470,Damoh,470663,Sakha
777,Madhya Pradesh,470,Damoh,470775,Teoriya
777,Madhya Pradesh,470,Damoh,470772,Patera
777,Madhya Pradesh,470,Damoh,470881,Singpur
777,Madhya Pradesh,470,Damoh,470666,Sukha
777,Madhya Pradesh,470,Damoh,470880,Tendukheda
778,Madhya Pradesh,470,Sagar,470125,Toda Tarafdar
778,Madhya Pradesh,470,Sagar,470113,Piprasar
778,Madhya Pradesh,470,Sagar,470339,Tigoda
778,Madhya Pradesh,470,Sagar,470227,Sawal Khiriya
778,Madhya Pradesh,470,Sagar,470441,Sesai Saji
778,Madhya Pradesh,470,Sagar,470223,Rampur
778,Madhya Pradesh,470,Sagar,470001,Tada
778,Madhya Pradesh,470,Sagar,470442,Semrahat
778,Madhya Pradesh,470,Sagar,470118,Pathariya Jogan
778,Madhya Pradesh,470,Sagar,470228,Tinsi
778,Madhya Pradesh,470,Sagar,470335,Uldan
778,Madhya Pradesh,470,Sagar,470117,Teora
778,Madhya Pradesh,470,Sagar,470226,Singpur Sadguya
778,Madhya Pradesh,470,Sagar,470120,Tila Buzurg
778,Madhya Pradesh,470,Sagar,470221,Udaypura Tiwari
778,Madhya Pradesh,470,Sagar,470115,Peepra
778,Madhya Pradesh,470,Sagar,470051,Samnapur
778,Madhya Pradesh,470,Sagar,470337,Sahawan
778,Madhya Pradesh,470,Sagar,470232,Umra
778,Madhya Pradesh,470,Sagar,470119,Rahatgarh
778,Madhya Pradesh,470,Sagar,470004,Sidguya
778,Madhya Pradesh,470,Sagar,470229,Garhakota
778,Madhya Pradesh,470,Sagar,470122,Naryaoliedso
778,Madhya Pradesh,470,Sagar,470002,Sagar Subhash nagar
778,Madhya Pradesh,470,Sagar,470003,Sagar University
778,Madhya Pradesh,470,Sagar,470669,Shahpur Magrone
779,Madhya Pradesh,471,Chhatarpur,471510,Prakashabami
779,Madhya Pradesh,471,Chhatarpur,471315,Salaiya
779,Madhya Pradesh,471,Chhatarpur,471606,Udaipura
779,Madhya Pradesh,471,Chhatarpur,471111,Tila
779,Madhya Pradesh,471,Chhatarpur,471405,Surajpurkala
779,Madhya Pradesh,471,Chhatarpur,471301,Matgawan
779,Madhya Pradesh,471,Chhatarpur,471525,Singhpur
779,Madhya Pradesh,471,Chhatarpur,471201,Tidani
779,Madhya Pradesh,471,Chhatarpur,471515,Thakurra
779,Madhya Pradesh,471,Chhatarpur,471001,Saura
779,Madhya Pradesh,471,Chhatarpur,471311,Sendpa
779,Madhya Pradesh,471,Chhatarpur,471318,Sunwaha
779,Madhya Pradesh,471,Chhatarpur,471105,Otapurwa
779,Madhya Pradesh,471,Chhatarpur,471313,Sewar
779,Madhya Pradesh,471,Chhatarpur,471408,Satai
779,Madhya Pradesh,471,Chhatarpur,471501,Tatam
779,Madhya Pradesh,471,Chhatarpur,471411,Urdmau
779,Madhya Pradesh,471,Chhatarpur,471625,Willa
779,Madhya Pradesh,471,Chhatarpur,471101,Selon
779,Madhya Pradesh,471,Chhatarpur,471202,Mau Sahnia
780,Madhya Pradesh,471,Tikamgarh,471001,Majna
781,Madhya Pradesh,472,Tikamgarh,472101,Nandanwara
781,Madhya Pradesh,472,Tikamgarh,472111,Sujanpura
781,Madhya Pradesh,472,Tikamgarh,472221,Toriya
781,Madhya Pradesh,472,Tikamgarh,472010,Umari
781,Madhya Pradesh,472,Tikamgarh,472442,Pohakhas
781,Madhya Pradesh,472,Tikamgarh,472447,Uparakhas
781,Madhya Pradesh,472,Tikamgarh,472005,Pahadi Tilwalran
781,Madhya Pradesh,472,Tikamgarh,472339,Digoda
781,Madhya Pradesh,472,Tikamgarh,472331,Siyawanikha
781,Madhya Pradesh,472,Tikamgarh,472118,Shah
781,Madhya Pradesh,472,Tikamgarh,472246,Sunoniya
781,Madhya Pradesh,472,Tikamgarh,472338,Sakerabhadaran
781,Madhya Pradesh,472,Tikamgarh,472115,Sijora
781,Madhya Pradesh,472,Tikamgarh,472446,Sendri
781,Madhya Pradesh,472,Tikamgarh,472337,Simra
781,Madhya Pradesh,472,Tikamgarh,472445,Ubora
781,Madhya Pradesh,472,Tikamgarh,472001,Tikamgarh P.t
782,Madhya Pradesh,473,Ashoknagar,473443,Sehrai
782,Madhya Pradesh,473,Ashoknagar,473330,Shadora
782,Madhya Pradesh,473,Ashoknagar,473331,Tumen
782,Madhya Pradesh,473,Ashoknagar,473446,Vikrampur
782,Madhya Pradesh,473,Ashoknagar,473335,Saraskhedi
782,Madhya Pradesh,473,Ashoknagar,473440,Tamasha
782,Madhya Pradesh,473,Ashoknagar,473885,Raosar Jagir
782,Madhya Pradesh,473,Ashoknagar,473338,Shri Anandpur
783,Madhya Pradesh,473,Guna,473101,Sehrog
783,Madhya Pradesh,473,Guna,473226,Ramnagar
783,Madhya Pradesh,473,Guna,473105,Sonkhara
783,Madhya Pradesh,473,Guna,473287,Torai
783,Madhya Pradesh,473,Guna,473249,Bajranggarh
783,Madhya Pradesh,473,Guna,473115,Teligaon
783,Madhya Pradesh,473,Guna,473001,Umri
783,Madhya Pradesh,473,Guna,473222,Sanai
783,Madhya Pradesh,473,Guna,473111,Vijaypur
783,Madhya Pradesh,473,Guna,473118,Umarthana
783,Madhya Pradesh,473,Guna,473110,Ruthiyai
783,Madhya Pradesh,473,Guna,473112,Gail Complex
784,Madhya Pradesh,473,Shivpuri,473585,Pipra
784,Madhya Pradesh,473,Shivpuri,473770,Ramgarh
784,Madhya Pradesh,473,Shivpuri,473793,Nadora
784,Madhya Pradesh,473,Shivpuri,473781,Veera
784,Madhya Pradesh,473,Shivpuri,473665,Thanra
784,Madhya Pradesh,473,Shivpuri,473660,Teela
784,Madhya Pradesh,473,Shivpuri,473880,Tharkheda
784,Madhya Pradesh,473,Shivpuri,473885,Lukwasa
784,Madhya Pradesh,473,Shivpuri,473995,Semri
784,Madhya Pradesh,473,Shivpuri,473670,Umri Kala
784,Madhya Pradesh,473,Shivpuri,473775,Ranthkheda
784,Madhya Pradesh,473,Shivpuri,473638,Theh
784,Madhya Pradesh,473,Shivpuri,473662,T.C.karera
784,Madhya Pradesh,473,Shivpuri,473551,V.R.colony shivpuri
784,Madhya Pradesh,473,Shivpuri,473774,Sesai
784,Madhya Pradesh,473,Shivpuri,473785,Bhatnawar
784,Madhya Pradesh,473,Shivpuri,473993,Bhonti
784,Madhya Pradesh,473,Shivpuri,473990,Sinawalkala
784,Madhya Pradesh,473,Shivpuri,473865,Sehore
784,Madhya Pradesh,473,Shivpuri,473583,Khatora
785,Madhya Pradesh,474,Gwalior,474001,V.N. marg
785,Madhya Pradesh,474,Gwalior,474020,Senthri
785,Madhya Pradesh,474,Gwalior,474006,Wahangikhurd
785,Madhya Pradesh,474,Gwalior,474010,Susera
785,Madhya Pradesh,474,Gwalior,474004,Birla Nagar
785,Madhya Pradesh,474,Gwalior,474011,R.K puri gwalior
785,Madhya Pradesh,474,Gwalior,474002,Usha Colony
785,Madhya Pradesh,474,Gwalior,474003,Hazira Chowk
785,Madhya Pradesh,474,Gwalior,474008,Gwalior Fort
785,Madhya Pradesh,474,Gwalior,474005,Gwalior Residency
785,Madhya Pradesh,474,Gwalior,474009,Phalka Bazar
785,Madhya Pradesh,474,Gwalior,474007,Moti Mahal
785,Madhya Pradesh,474,Gwalior,474012,S.P. ashram
786,Madhya Pradesh,475,Bhind,475115,Mehgaon
787,Madhya Pradesh,475,Datia,475671,Unnao
787,Madhya Pradesh,475,Datia,475682,Sirsa
787,Madhya Pradesh,475,Datia,475673,Toda
787,Madhya Pradesh,475,Datia,475335,Tendot
787,Madhya Pradesh,475,Datia,475661,Sirol
787,Madhya Pradesh,475,Datia,475685,Uprai
787,Madhya Pradesh,475,Datia,475686,Udgawan
787,Madhya Pradesh,475,Datia,475336,Udina
787,Madhya Pradesh,475,Datia,475675,Uchia
788,Madhya Pradesh,475,Gwalior,475001,Urba
788,Madhya Pradesh,475,Gwalior,475005,Tekanpur
788,Madhya Pradesh,475,Gwalior,475330,Ummegarh
788,Madhya Pradesh,475,Gwalior,475115,Sukhapatha
788,Madhya Pradesh,475,Gwalior,475220,Singharan
788,Madhya Pradesh,475,Gwalior,475110,Simaria Tal
788,Madhya Pradesh,475,Gwalior,475002,Tiholi
789,Madhya Pradesh,476,Morena,476111,Uasith
789,Madhya Pradesh,476,Morena,476224,Usainpur
789,Madhya Pradesh,476,Morena,476134,Sirmorkapura
789,Madhya Pradesh,476,Morena,476221,Susani
789,Madhya Pradesh,476,Morena,476001,Sihori
789,Madhya Pradesh,476,Morena,476219,Ummedgarh Bansi
789,Madhya Pradesh,476,Morena,476229,Tentra
789,Madhya Pradesh,476,Morena,476115,Tareni
789,Madhya Pradesh,476,Morena,476444,Sikrodi
789,Madhya Pradesh,476,Morena,476554,Sikorodi
789,Madhya Pradesh,476,Morena,476228,Tilonjari
790,Madhya Pradesh,476,Sheopur,476332,Sahasram
790,Madhya Pradesh,476,Sheopur,476337,Tillipur
790,Madhya Pradesh,476,Sheopur,476339,Udhotpura
790,Madhya Pradesh,476,Sheopur,476335,Tarra Kalan
790,Madhya Pradesh,476,Sheopur,476355,Sunswada
791,Madhya Pradesh,477,Bhind,477441,Rari
791,Madhya Pradesh,477,Bhind,477227,Semara
791,Madhya Pradesh,477,Bhind,477555,Surpura
791,Madhya Pradesh,477,Bhind,477111,Udhotgarh
791,Madhya Pradesh,477,Bhind,477116,Suhsan
791,Madhya Pradesh,477,Bhind,477445,Sundarpura
791,Madhya Pradesh,477,Bhind,477557,Soni
791,Madhya Pradesh,477,Bhind,477331,Umri
791,Madhya Pradesh,477,Bhind,477446,Tola
791,Madhya Pradesh,477,Bhind,477660,Sunarpura
791,Madhya Pradesh,477,Bhind,477332,Sihunda
791,Madhya Pradesh,477,Bhind,477449,Kurthar
791,Madhya Pradesh,477,Bhind,477447,Raipur Jakholi
791,Madhya Pradesh,477,Bhind,477333,Tehangur
791,Madhya Pradesh,477,Bhind,477001,Usha Nagar colony bhind
791,Madhya Pradesh,477,Bhind,477105,Udhotpura
791,Madhya Pradesh,477,Bhind,477335,Raun
791,Madhya Pradesh,477,Bhind,477117,Tundila
791,Madhya Pradesh,477,Bhind,477566,Sapad
791,Madhya Pradesh,477,Bhind,477222,Ujhaawl
792,Madhya Pradesh,480,Chhindwara,480221,Tendani
792,Madhya Pradesh,480,Chhindwara,480334,Siratha
792,Madhya Pradesh,480,Chhindwara,480331,Saori Bazaar
792,Madhya Pradesh,480,Chhindwara,480106,Sausar
792,Madhya Pradesh,480,Chhindwara,480337,Seoni Sausar
792,Madhya Pradesh,480,Chhindwara,480551,Navegaon
792,Madhya Pradesh,480,Chhindwara,480338,Teegaon
792,Madhya Pradesh,480,Chhindwara,480115,Sitajhir
792,Madhya Pradesh,480,Chhindwara,480110,Umrad
792,Madhya Pradesh,480,Chhindwara,480224,Surlakhapa
792,Madhya Pradesh,480,Chhindwara,480441,Urdhan
792,Madhya Pradesh,480,Chhindwara,480559,Tamia
792,Madhya Pradesh,480,Chhindwara,480109,Piplanarayanwar
792,Madhya Pradesh,480,Chhindwara,480225,Singodi
792,Madhya Pradesh,480,Chhindwara,480001,Umaria Isra
792,Madhya Pradesh,480,Chhindwara,480447,Chandametta
792,Madhya Pradesh,480,Chhindwara,480357,Paijanwara
792,Madhya Pradesh,480,Chhindwara,480449,Palachourai
792,Madhya Pradesh,480,Chhindwara,480111,Tumragarhi
792,Madhya Pradesh,480,Chhindwara,480107,Umaranala
792,Madhya Pradesh,480,Chhindwara,480002,Chitanvisganj
792,Madhya Pradesh,480,Chhindwara,480555,Rampur
792,Madhya Pradesh,480,Chhindwara,480108,Sawarni
792,Madhya Pradesh,480,Chhindwara,480000,Rajadi Pipla
792,Madhya Pradesh,480,Chhindwara,480554,Nandan
793,Madhya Pradesh,480,Seoni,480887,Patan
793,Madhya Pradesh,480,Seoni,480882,Pondi-jaharmau
793,Madhya Pradesh,480,Seoni,480771,Tekari
793,Madhya Pradesh,480,Seoni,480661,Vijaypani
793,Madhya Pradesh,480,Seoni,480884,Sunwara
793,Madhya Pradesh,480,Seoni,480667,Salhekosmi
793,Madhya Pradesh,480,Seoni,480997,Sikara
793,Madhya Pradesh,480,Seoni,480994,Tinduwa
793,Madhya Pradesh,480,Seoni,480888,Sanaidongari
793,Madhya Pradesh,480,Seoni,480886,Sirmangani
793,Madhya Pradesh,480,Seoni,480996,Ugli
793,Madhya Pradesh,480,Seoni,480999,Sajpani-dhanora
793,Madhya Pradesh,480,Seoni,480990,Udepani
793,Madhya Pradesh,480,Seoni,480880,Ramli
793,Madhya Pradesh,480,Seoni,480991,Sarekha
793,Madhya Pradesh,480,Seoni,480881,Turia
794,Madhya Pradesh,481,Balaghat,481445,Tumsar
794,Madhya Pradesh,481,Balaghat,481332,Sirpur
794,Madhya Pradesh,481,Balaghat,481117,Sijhora
794,Madhya Pradesh,481,Balaghat,481335,Salebardi
794,Madhya Pradesh,481,Balaghat,481222,Sonarkakodi
794,Madhya Pradesh,481,Balaghat,481111,Sarekha
794,Madhya Pradesh,481,Balaghat,481337,Shankar Pipariya
794,Madhya Pradesh,481,Balaghat,481441,Sihora
794,Madhya Pradesh,481,Balaghat,481224,Sadra
794,Madhya Pradesh,481,Balaghat,481051,Tingipur
794,Madhya Pradesh,481,Balaghat,481001,Sarekha-kosmi
794,Madhya Pradesh,481,Balaghat,481449,Tirodi
794,Madhya Pradesh,481,Balaghat,481226,Seoni Sarad
794,Madhya Pradesh,481,Balaghat,481105,Ukwa
794,Madhya Pradesh,481,Balaghat,481115,Temni
794,Madhya Pradesh,481,Balaghat,481102,Dhansua
794,Madhya Pradesh,481,Balaghat,481556,Thema
794,Madhya Pradesh,481,Balaghat,481331,Waraseoni Civil line
794,Madhya Pradesh,481,Balaghat,481551,Padriganj R.s
794,Madhya Pradesh,481,Balaghat,481116,Nikkum
795,Madhya Pradesh,481,Dindori,481879,Vikrampur
795,Madhya Pradesh,481,Dindori,481880,Simariya
795,Madhya Pradesh,481,Dindori,481882,Sukulpura
795,Madhya Pradesh,481,Dindori,481990,Thonda
795,Madhya Pradesh,481,Dindori,481778,Sigholi Mohgaon
795,Madhya Pradesh,481,Dindori,481884,Rusha Raitwar
795,Madhya Pradesh,481,Dindori,481885,Bilgarha
795,Madhya Pradesh,481,Dindori,481672,Surhali
796,Madhya Pradesh,481,Mandla,481998,Suktara
796,Madhya Pradesh,481,Mandla,481885,Thanamgaon
796,Madhya Pradesh,481,Mandla,481995,Thonda
796,Madhya Pradesh,481,Mandla,481665,Manadehi
796,Madhya Pradesh,481,Mandla,481661,Semarkhapa
796,Madhya Pradesh,481,Mandla,481662,Udaipur
796,Madhya Pradesh,481,Mandla,481771,Silgi
796,Madhya Pradesh,481,Mandla,481664,Silghiti
796,Madhya Pradesh,481,Mandla,481668,Raiwada
796,Madhya Pradesh,481,Mandla,481996,Sijhora
796,Madhya Pradesh,481,Mandla,481768,Tatri
796,Madhya Pradesh,481,Mandla,481663,Umardih
796,Madhya Pradesh,481,Mandla,481776,Nainpur
796,Madhya Pradesh,481,Mandla,481672,Sahjar
797,Madhya Pradesh,482,Jabalpur,482004,Subhas Nagar
797,Madhya Pradesh,482,Jabalpur,482001,Tilsani
797,Madhya Pradesh,482,Jabalpur,482003,Tripuri
797,Madhya Pradesh,482,Jabalpur,482021,Sagada Jhapni
797,Madhya Pradesh,482,Jabalpur,482056,Sahajpuri
797,Madhya Pradesh,482,Jabalpur,482020,Bilhari
797,Madhya Pradesh,482,Jabalpur,482011,Jabalpur Factory
797,Madhya Pradesh,482,Jabalpur,482002,Wright Town
797,Madhya Pradesh,482,Jabalpur,482008,Vidyut Nagar
797,Madhya Pradesh,482,Jabalpur,482051,Tinsi
797,Madhya Pradesh,482,Jabalpur,482007,High Court
797,Madhya Pradesh,482,Jabalpur,482005,Sundarpur
797,Madhya Pradesh,482,Jabalpur,482010,Richhai
797,Madhya Pradesh,482,Jabalpur,482009,Vehicle Factory
798,Madhya Pradesh,483,Jabalpur,483113,Udna
798,Madhya Pradesh,483,Jabalpur,483220,Urdua Kala
798,Madhya Pradesh,483,Jabalpur,483110,Supawara
798,Madhya Pradesh,483,Jabalpur,483440,Bandhi
798,Madhya Pradesh,483,Jabalpur,483001,Umaria Kudari
798,Madhya Pradesh,483,Jabalpur,483225,Bargi
798,Madhya Pradesh,483,Jabalpur,483050,Bargi  ipc
798,Madhya Pradesh,483,Jabalpur,483119,Umaria Patan
798,Madhya Pradesh,483,Jabalpur,483053,Bheraghat
798,Madhya Pradesh,483,Jabalpur,483105,Nirandpur
798,Madhya Pradesh,483,Jabalpur,483222,Ramkhiria
799,Madhya Pradesh,483,Katni,483770,Ubra
799,Madhya Pradesh,483,Katni,483334,Singhuli
799,Madhya Pradesh,483,Katni,483990,Tehkari
799,Madhya Pradesh,483,Katni,483880,Padkhuri
799,Madhya Pradesh,483,Katni,483336,Umaria Dhirha
799,Madhya Pradesh,483,Katni,483225,Umaria Jujhari
799,Madhya Pradesh,483,Katni,483501,Tilgawan
799,Madhya Pradesh,483,Katni,483773,Vilayat Kalan
799,Madhya Pradesh,483,Katni,483330,Rampatan
799,Madhya Pradesh,483,Katni,483331,Sihundi
799,Madhya Pradesh,483,Katni,483222,Silua
799,Madhya Pradesh,483,Katni,483440,Teori
799,Madhya Pradesh,483,Katni,483442,Sansarpur
799,Madhya Pradesh,483,Katni,483332,Umaria Pan
799,Madhya Pradesh,483,Katni,483775,Vijayraghavgarh
799,Madhya Pradesh,483,Katni,483504,Mangal Nagar
799,Madhya Pradesh,483,Katni,483220,Mahagawan
800,Madhya Pradesh,484,Anuppur,484881,Ufrikala
800,Madhya Pradesh,484,Anuppur,484116,Amai Colliery
800,Madhya Pradesh,484,Anuppur,484886,Umania
800,Madhya Pradesh,484,Anuppur,484224,Sonmauhari
800,Madhya Pradesh,484,Anuppur,484334,Urtan
800,Madhya Pradesh,484,Anuppur,484440,Thangaon
800,Madhya Pradesh,484,Anuppur,484446,Semra
800,Madhya Pradesh,484,Anuppur,484336,Pasan
800,Madhya Pradesh,484,Anuppur,484117,Bargawan
800,Madhya Pradesh,484,Anuppur,484001,Patnakalan
800,Madhya Pradesh,484,Anuppur,484113,Venkatnagar
800,Madhya Pradesh,484,Anuppur,484220,Chachai
800,Madhya Pradesh,484,Anuppur,484330,Laharpur
800,Madhya Pradesh,484,Anuppur,484444,Latar
800,Madhya Pradesh,484,Anuppur,484120,S.K. nagar
801,Madhya Pradesh,484,Shahdol,484774,Tikhwa
801,Madhya Pradesh,484,Shahdol,484771,Thengreha
801,Madhya Pradesh,484,Shahdol,484117,Amlai Paper mills
801,Madhya Pradesh,484,Shahdol,484110,Saraikapa
801,Madhya Pradesh,484,Shahdol,484770,Tetki
801,Madhya Pradesh,484,Shahdol,484776,Saman
801,Madhya Pradesh,484,Shahdol,484001,Sohagpur
801,Madhya Pradesh,484,Shahdol,484669,Uchehra
801,Madhya Pradesh,484,Shahdol,484114,Dhanpuri Colliery
801,Madhya Pradesh,484,Shahdol,484886,Khurkhuridadar
802,Madhya Pradesh,484,Umaria,484660,Pathrahta
802,Madhya Pradesh,484,Umaria,484661,Umaria Bakeli
802,Madhya Pradesh,484,Umaria,484001,Shahpur
802,Madhya Pradesh,484,Umaria,484665,Semra
802,Madhya Pradesh,484,Umaria,484552,Sundardadar
802,Madhya Pradesh,484,Umaria,484555,Rahta
802,Madhya Pradesh,484,Umaria,484551,Raipur
803,Madhya Pradesh,485,Satna,485226,Tihai
803,Madhya Pradesh,485,Satna,485775,Sonsura Kothar
803,Madhya Pradesh,485,Satna,485115,Teondhari
803,Madhya Pradesh,485,Satna,485772,Sarlanagar
803,Madhya Pradesh,485,Satna,485447,Usrar
803,Madhya Pradesh,485,Satna,485773,Semara
803,Madhya Pradesh,485,Satna,485446,Surdaha
803,Madhya Pradesh,485,Satna,485551,Semari
803,Madhya Pradesh,485,Satna,485881,Sulkhama
803,Madhya Pradesh,485,Satna,485331,Singhpur
803,Madhya Pradesh,485,Satna,485334,Nawagaon
803,Madhya Pradesh,485,Satna,485441,Sohawal
803,Madhya Pradesh,485,Satna,485005,Satna Kanwarnagar
803,Madhya Pradesh,485,Satna,485001,Satna Tikuria tola
803,Madhya Pradesh,485,Satna,485111,Sijehata
803,Madhya Pradesh,485,Satna,485221,Nayagaon
803,Madhya Pradesh,485,Satna,485666,Raipur
803,Madhya Pradesh,485,Satna,485113,Sarain
803,Madhya Pradesh,485,Satna,485114,Satna Siding
803,Madhya Pradesh,485,Satna,485774,Narwarkala
803,Madhya Pradesh,485,Satna,485778,Tala
803,Madhya Pradesh,485,Satna,485661,Unchehara
803,Madhya Pradesh,485,Satna,485112,Ramasthan
803,Madhya Pradesh,485,Satna,485771,Tighrakala
803,Madhya Pradesh,485,Satna,485336,Pilikothi
804,Madhya Pradesh,486,Rewa,486003,Sonaura
804,Madhya Pradesh,486,Rewa,486556,Panwar
804,Madhya Pradesh,486,Rewa,486115,Tikuri Unmulan
804,Madhya Pradesh,486,Rewa,486550,Tikar
804,Madhya Pradesh,486,Rewa,486001,Umari
804,Madhya Pradesh,486,Rewa,486446,Sukwar
804,Madhya Pradesh,486,Rewa,486223,Unchi Auni
804,Madhya Pradesh,486,Rewa,486445,Tighara
804,Madhya Pradesh,486,Rewa,486117,Sonversa
804,Madhya Pradesh,486,Rewa,486226,Umari Govindpur
804,Madhya Pradesh,486,Rewa,486553,Rithi
804,Madhya Pradesh,486,Rewa,486440,Sathini
804,Madhya Pradesh,486,Rewa,486331,Vasigada
804,Madhya Pradesh,486,Rewa,486441,Tilkhan
804,Madhya Pradesh,486,Rewa,486114,Sursa
804,Madhya Pradesh,486,Rewa,486447,Purauna
804,Madhya Pradesh,486,Rewa,486123,Ulahikhurd
804,Madhya Pradesh,486,Rewa,486340,Shivrajpur
804,Madhya Pradesh,486,Rewa,486341,Naudhiya
804,Madhya Pradesh,486,Rewa,486450,Paipakhara
804,Madhya Pradesh,486,Rewa,486335,Piprahi
804,Madhya Pradesh,486,Rewa,486111,Teoni
804,Madhya Pradesh,486,Rewa,486333,Sitapur
804,Madhya Pradesh,486,Rewa,486338,Silpari
804,Madhya Pradesh,486,Rewa,486005,Rewa Bansagar coloney
805,Madhya Pradesh,486,Sidhi,486661,Upni
805,Madhya Pradesh,486,Sidhi,486670,Teekar
805,Madhya Pradesh,486,Sidhi,486775,Rampur Naikin
805,Madhya Pradesh,486,Sidhi,486776,Raiduaria
805,Madhya Pradesh,486,Sidhi,486887,Kachnimamla
805,Madhya Pradesh,486,Sidhi,486771,Ukarha
805,Madhya Pradesh,486,Sidhi,486882,Suda
805,Madhya Pradesh,486,Sidhi,486886,Waidhan
805,Madhya Pradesh,486,Sidhi,486669,Tikri
805,Madhya Pradesh,486,Sidhi,486666,Umaria
805,Madhya Pradesh,486,Sidhi,486881,Tingudi
805,Madhya Pradesh,486,Sidhi,486889,Singrauli R.s.
805,Madhya Pradesh,486,Sidhi,486888,Dudhichua Project
805,Madhya Pradesh,486,Sidhi,486892,Pipra
805,Madhya Pradesh,486,Sidhi,486890,Jayant Colliery
805,Madhya Pradesh,486,Sidhi,486884,Nigahi Project
806,Madhya Pradesh,487,Narsinghpur,487771,Sshavan
806,Madhya Pradesh,487,Narsinghpur,487225,Niwari
806,Madhya Pradesh,487,Narsinghpur,487551,Siregaon
806,Madhya Pradesh,487,Narsinghpur,487555,Sadhumar
806,Madhya Pradesh,487,Narsinghpur,487001,Umaria(chinki)
806,Madhya Pradesh,487,Narsinghpur,487118,Umria
806,Madhya Pradesh,487,Narsinghpur,487661,Sirsiri
806,Madhya Pradesh,487,Narsinghpur,487330,Suatala
806,Madhya Pradesh,487,Narsinghpur,487221,Shahpur
806,Madhya Pradesh,487,Narsinghpur,487334,Imliya(kendli)
806,Madhya Pradesh,487,Narsinghpur,487110,Usri
806,Madhya Pradesh,487,Narsinghpur,487337,Sagoni Tendukheda
806,Madhya Pradesh,487,Narsinghpur,487441,Sihora
806,Madhya Pradesh,487,Narsinghpur,487770,Tendukheda
806,Madhya Pradesh,487,Narsinghpur,487114,Themi
807,Madhya Pradesh,488,Panna,488442,Simariya
807,Madhya Pradesh,488,Panna,488001,Tarajharukuwa
807,Madhya Pradesh,488,Panna,488220,Subdua
807,Madhya Pradesh,488,Panna,488448,Sugraha
807,Madhya Pradesh,488,Panna,488441,Tai
807,Madhya Pradesh,488,Panna,488222,Nayagaon
807,Madhya Pradesh,488,Panna,488333,Syameradanda
807,Madhya Pradesh,488,Panna,488051,Palli
807,Madhya Pradesh,488,Panna,488058,Umari
807,Madhya Pradesh,488,Panna,488446,Tikariya
807,Madhya Pradesh,488,Panna,488101,Majhgaon
808,Manipur,795,Bishnupur,795134,Utlou
808,Manipur,795,Bishnupur,795126,Zouzangtek
808,Manipur,795,Bishnupur,795133,Wangoo Tera
808,Manipur,795,Bishnupur,795124,Tokpalamdan
809,Manipur,795,Chandel,795102,Zoupi
809,Manipur,795,Chandel,795131,Yangoulen
809,Manipur,795,Chandel,795127,Mittong
809,Manipur,795,Chandel,795135,Pallel
809,Manipur,795,Chandel,795101,Sugnu
810,Manipur,795,Churachandpur,795143,Tuabung
810,Manipur,795,Churachandpur,795128,Ukha
810,Manipur,795,Churachandpur,795139,Vokbual
810,Manipur,795,Churachandpur,795158,Chingkonpang
810,Manipur,795,Churachandpur,795117,Tuitengphai
810,Manipur,795,Churachandpur,795118,Saikul
811,Manipur,795,Imphal East,795005,Takhel
811,Manipur,795,Imphal East,795010,Yourbung
811,Manipur,795,Imphal East,795114,Yumnam Khunou
811,Manipur,795,Imphal East,795008,Uchekon
811,Manipur,795,Imphal East,795116,Latingkhal
811,Manipur,795,Imphal East,795003,Manipur University
811,Manipur,795,Imphal East,795136,Sekmai
811,Manipur,795,Imphal East,795140,Tulihal
812,Manipur,795,Imphal West,795002,Tendongyang (p)
812,Manipur,795,Imphal West,795132,Uchiwa Wangban
812,Manipur,795,Imphal West,795136,Potsangbam Khoirou
812,Manipur,795,Imphal West,795115,New Keiphundai
812,Manipur,795,Imphal West,795009,Yumnam Khunou
812,Manipur,795,Imphal West,795116,Tuitengmun
812,Manipur,795,Imphal West,795003,Ningombam
812,Manipur,795,Imphal West,795004,Tera Bazar
812,Manipur,795,Imphal West,795146,Ponlian
812,Manipur,795,Imphal West,795113,Yurembam
812,Manipur,795,Imphal West,795001,Soibam Leikai
812,Manipur,795,Imphal West,795140,Yarrow Meitram
813,Manipur,795,Senapati,795118,Zelengphai
813,Manipur,795,Senapati,795112,Thengjang
813,Manipur,795,Senapati,795122,Tokpa
813,Manipur,795,Senapati,795104,Tungjoy
813,Manipur,795,Senapati,795129,Toribari
813,Manipur,795,Senapati,795107,Thingsat
813,Manipur,795,Senapati,795007,Yangkhullen
813,Manipur,795,Senapati,795015,Purul
813,Manipur,795,Senapati,795150,Pudunamei
813,Manipur,795,Senapati,795106,Tumuyan Khullen
813,Manipur,795,Senapati,795125,Tamei
814,Manipur,795,Tamenglong,795141,Wairengba
814,Manipur,795,Tamenglong,795125,Upper Selsi (t/c/d)
814,Manipur,795,Tamenglong,795159,Thingra
814,Manipur,795,Tamenglong,795147,Sibilong
815,Manipur,795,Thoubal,795135,Thamnapokpi
815,Manipur,795,Thoubal,795149,Yambem Laxmi bazar
815,Manipur,795,Thoubal,795130,Urup
815,Manipur,795,Thoubal,795103,Wangoo Laipham
815,Manipur,795,Thoubal,795138,Wangbal
815,Manipur,795,Thoubal,795101,Shahumphai
815,Manipur,795,Thoubal,795148,Wangjing
815,Manipur,795,Thoubal,795132,Mayang Imphal
816,Manipur,795,Ukhrul,795145,Yangangpokpi
816,Manipur,795,Ukhrul,795142,Ukhrul
816,Manipur,795,Ukhrul,795144,Thiwa
817,Meghalaya,793,East Khasi hills,793011,Nongmynsong
817,Meghalaya,793,East Khasi hills,793106,Trangpleng
817,Meghalaya,793,East Khasi hills,793107,Bholaganj Bazar
817,Meghalaya,793,East Khasi hills,793004,Rilbong
817,Meghalaya,793,East Khasi hills,793111,Tynrong
817,Meghalaya,793,East Khasi hills,793108,Wahlong
817,Meghalaya,793,East Khasi hills,793112,Shella
817,Meghalaya,793,East Khasi hills,793109,Wahkdait
817,Meghalaya,793,East Khasi hills,793005,Upper Shillong
817,Meghalaya,793,East Khasi hills,793012,Tynring
817,Meghalaya,793,East Khasi hills,793007,Happy Valley
817,Meghalaya,793,East Khasi hills,793002,Jaiaw
817,Meghalaya,793,East Khasi hills,793110,Wahshiarkhmut
817,Meghalaya,793,East Khasi hills,793015,Umsning
817,Meghalaya,793,East Khasi hills,793021,Puriang
817,Meghalaya,793,East Khasi hills,793022,Nehu
817,Meghalaya,793,East Khasi hills,793010,Pomlakrai
817,Meghalaya,793,East Khasi hills,793003,Laitumkhrah
817,Meghalaya,793,East Khasi hills,793113,Tynger
817,Meghalaya,793,East Khasi hills,793121,Weiloi
817,Meghalaya,793,East Khasi hills,793016,Mawiong
817,Meghalaya,793,East Khasi hills,793009,Nonglyer
817,Meghalaya,793,East Khasi hills,793017,Mawlai
817,Meghalaya,793,East Khasi hills,793008,Phudmawri
817,Meghalaya,793,East Khasi hills,793001,Shillong.
817,Meghalaya,793,East Khasi hills,793018,Neigrihms
817,Meghalaya,793,East Khasi hills,793014,Nongthymmai
817,Meghalaya,793,East Khasi hills,793006,Umkdait
817,Meghalaya,793,East Khasi hills,793104,Sumer
818,Meghalaya,793,Jaintia Hills,793150,Yooksi
818,Meghalaya,793,Jaintia Hills,793109,Syndai
818,Meghalaya,793,Jaintia Hills,793160,Wapung
818,Meghalaya,793,Jaintia Hills,793200,Umkiang
818,Meghalaya,793,Jaintia Hills,793151,Wahiajer
819,Meghalaya,793,Ri Bhoi,793104,Barua Basti
819,Meghalaya,793,Ri Bhoi,793103,Umroi
819,Meghalaya,793,Ri Bhoi,793101,Tamul Kuchi gaon
819,Meghalaya,793,Ri Bhoi,793102,Umshakhon Mathon
819,Meghalaya,793,Ri Bhoi,793105,Umsohlait
819,Meghalaya,793,Ri Bhoi,793122,Ucc
819,Meghalaya,793,Ri Bhoi,793123,Umsaw
820,Meghalaya,793,West Khasi hills,793106,Umpung
820,Meghalaya,793,West Khasi hills,793119,Wahkaji
820,Meghalaya,793,West Khasi hills,793120,Umthlong
820,Meghalaya,793,West Khasi hills,793114,Umjarain
820,Meghalaya,793,West Khasi hills,793121,Mawtiehbah
821,Meghalaya,794,East Garo hills,794111,Williamnagar
821,Meghalaya,794,East Garo hills,794110,Wagachi
821,Meghalaya,794,East Garo hills,794108,Thapa
821,Meghalaya,794,East Garo hills,794107,Jadigitim
822,Meghalaya,794,South Garo hills,794102,Siju
822,Meghalaya,794,South Garo hills,794114,Warimagiri
823,Meghalaya,794,West Garo hills,794002,Rongram
823,Meghalaya,794,West Garo hills,794115,Zigzak
823,Meghalaya,794,West Garo hills,794101,Dakopgiri
823,Meghalaya,794,West Garo hills,794106,Nogorpara
823,Meghalaya,794,West Garo hills,794103,Silkhigiri
823,Meghalaya,794,West Garo hills,794104,Shyamnagar
823,Meghalaya,794,West Garo hills,794109,Tikrikilla
823,Meghalaya,794,West Garo hills,794005,Shankinigiri
823,Meghalaya,794,West Garo hills,794105,Zekabari
823,Meghalaya,794,West Garo hills,794112,Mendipathar
823,Meghalaya,794,West Garo hills,794107,Nangwalbibra
823,Meghalaya,794,West Garo hills,794108,Resubelpara
823,Meghalaya,794,West Garo hills,794001,Tura
824,Mizoram,796,Aizawl,796190,Thiak
824,Mizoram,796,Aizawl,796261,Zawngin
824,Mizoram,796,Aizawl,796001,Dawrpui
824,Mizoram,796,Aizawl,796007,Tuithiang
824,Mizoram,796,Aizawl,796161,Tlungvel
824,Mizoram,796,Aizawl,796014,Zanlawn
824,Mizoram,796,Aizawl,796471,Zawlnuam
824,Mizoram,796,Aizawl,796581,Bualpui H
824,Mizoram,796,Aizawl,796005,Thingdawlmelriat
824,Mizoram,796,Aizawl,796012,Ramhlun
824,Mizoram,796,Aizawl,796009,Vaivakawn
824,Mizoram,796,Aizawl,796017,Zuangtui
824,Mizoram,796,Aizawl,796111,Zohmun
824,Mizoram,796,Aizawl,796025,Durtlang
824,Mizoram,796,Aizawl,796410,Lengpui Airport
824,Mizoram,796,Aizawl,796230,Sialsuk
824,Mizoram,796,Aizawl,796036,Sihphir
824,Mizoram,796,Aizawl,796015,Tlangnuam
825,Mizoram,796,Champhai,796320,Vaphai
825,Mizoram,796,Champhai,796310,Vangtlang
825,Mizoram,796,Champhai,796321,Zote 'e'
825,Mizoram,796,Champhai,796290,Vaikhawtlang
826,Mizoram,796,Kolasib,796081,Vengthar
826,Mizoram,796,Kolasib,796091,Phaisen
826,Mizoram,796,Kolasib,796070,Mualvum
826,Mizoram,796,Kolasib,796101,Vairengte
826,Mizoram,796,Kolasib,796075,Thingdawl
827,Mizoram,796,Lawngtlai,796891,Vathuampui
827,Mizoram,796,Lawngtlai,796810,Sangau
828,Mizoram,796,Lunglei,796571,Tuipui 'd'
828,Mizoram,796,Lunglei,796770,Udalthana
828,Mizoram,796,Lunglei,796730,Zawlpui
828,Mizoram,796,Lunglei,796701,Zohnuai
828,Mizoram,796,Lunglei,796710,Sesawm
828,Mizoram,796,Lunglei,796751,Zodin
828,Mizoram,796,Lunglei,796691,Zotlang
828,Mizoram,796,Lunglei,796772,Kamalanagar
828,Mizoram,796,Lunglei,796581,Thingsai
829,Mizoram,796,Mammit,796501,S.Sabual
829,Mizoram,796,Mammit,796431,Tuipuibari
829,Mizoram,796,Mammit,796441,Tuidam
829,Mizoram,796,Mammit,796410,Sairang
830,Mizoram,796,Saiha,796901,Vawmbuk
830,Mizoram,796,Saiha,796911,Zawngling
831,Mizoram,796,Serchhip,796370,Tlangpui
831,Mizoram,796,Serchhip,796181,Zote 's'
832,Nagaland,797,Dimapur,797106,Sirhima
832,Nagaland,797,Dimapur,797115,Sukhovi
832,Nagaland,797,Dimapur,797103,Tenyiphe
832,Nagaland,797,Dimapur,797117,Zeliangrong
832,Nagaland,797,Dimapur,797112,Yampha
832,Nagaland,797,Dimapur,797116,Vihokhu
832,Nagaland,797,Dimapur,797113,Nst Colony
833,Nagaland,797,Kohima,797109,Zephenyu
833,Nagaland,797,Kohima,797105,Zhadima
833,Nagaland,797,Kohima,797003,Rusoma
833,Nagaland,797,Kohima,797005,Zubza
833,Nagaland,797,Kohima,797002,Poilwa
833,Nagaland,797,Kohima,797001,Monkhola
833,Nagaland,797,Kohima,797004,Thizama
834,Nagaland,797,Peren,797110,Zalukie
834,Nagaland,797,Peren,797101,Tening
835,Nagaland,797,Phek,797114,Wazhiho
835,Nagaland,797,Phek,797104,Yaribami
835,Nagaland,797,Phek,797102,Thechulumi
835,Nagaland,797,Phek,797108,Phek
835,Nagaland,797,Phek,797107,Zhamai
836,Nagaland,797,Wokha,797100,Yamhon
836,Nagaland,797,Wokha,797111,Yikhum
837,Nagaland,798,Kiphire,798611,Sitimi
838,Nagaland,798,Longleng,798625,Yongyak
839,Nagaland,798,Mokokchung,798601,V. k. town
839,Nagaland,798,Mokokchung,798604,Waromung
839,Nagaland,798,Mokokchung,798618,Wamaken
839,Nagaland,798,Mokokchung,798613,Yaongyimsen
839,Nagaland,798,Mokokchung,798614,Yisemyong
839,Nagaland,798,Mokokchung,798615,Sungratsu
839,Nagaland,798,Mokokchung,798617,Opangkong
839,Nagaland,798,Mokokchung,798623,Paper Nagar
840,Nagaland,798,Mon,798603,Ukha
840,Nagaland,798,Mon,798622,Wakching
840,Nagaland,798,Mon,798621,Waunching
840,Nagaland,798,Mon,798602,Zangkham
841,Nagaland,798,Tuensang,798616,Yangli
841,Nagaland,798,Tuensang,798612,Tuensang Village
841,Nagaland,798,Tuensang,798626,Sanglao
842,Nagaland,798,Zunhebotto,798620,Zunheboto
842,Nagaland,798,Zunhebotto,798619,Asukuto
843,Orissa,751,Khurda Khordha,751001,Orissa  assembly
843,Orissa,751,Khurda Khordha,751009,Udyan Marg
843,Orissa,751,Khurda Khordha,751022,Madhusudan Nagar
843,Orissa,751,Khurda Khordha,751020,Airport
843,Orissa,751,Khurda Khordha,751019,Sarakantara
843,Orissa,751,Khurda Khordha,751003,Suryanagar
843,Orissa,751,Khurda Khordha,751014,Bhubaneswar Court
843,Orissa,751,Khurda Khordha,751018,Badagarh Brit colony
843,Orissa,751,Khurda Khordha,751002,Sundarpada
843,Orissa,751,Khurda Khordha,751006,Station Bazar
843,Orissa,751,Khurda Khordha,751011,C R p lines
843,Orissa,751,Khurda Khordha,751016,Chandra Sekhar pur
843,Orissa,751,Khurda Khordha,751010,Rasulgarh
843,Orissa,751,Khurda Khordha,751015,I R c village
843,Orissa,751,Khurda Khordha,751024,Kalarahanga
843,Orissa,751,Khurda Khordha,751030,Khandagiri
843,Orissa,751,Khurda Khordha,751017,Osap Campus
843,Orissa,751,Khurda Khordha,751012,Nayapalli
843,Orissa,751,Khurda Khordha,751031,Patia Gds
843,Orissa,751,Khurda Khordha,751008,Rajbhawan
843,Orissa,751,Khurda Khordha,751013,Regional Research laboratory
843,Orissa,751,Khurda Khordha,751023,S.E rly.proj. complex
843,Orissa,751,Khurda Khordha,751007,V S s nagar
843,Orissa,751,Khurda Khordha,751021,Sailashree Vihar
843,Orissa,751,Khurda Khordha,751005,Sainik School
843,Orissa,751,Khurda Khordha,751004,Utkal University
844,Orissa,752,Cuttack,752120,Nuapalamhat
845,Orissa,752,Khurda Khordha,752103,Padmapur
845,Orissa,752,Khurda Khordha,752021,Tankol
845,Orissa,752,Khurda Khordha,752060,Haldiapada
845,Orissa,752,Khurda Khordha,752054,Tamando
845,Orissa,752,Khurda Khordha,752030,Singheswar
845,Orissa,752,Khurda Khordha,752031,Sanahantuad
845,Orissa,752,Khurda Khordha,752066,Tangisahi
845,Orissa,752,Khurda Khordha,752064,Sanapadar
845,Orissa,752,Khurda Khordha,752050,Turumal
845,Orissa,752,Khurda Khordha,752102,Turintira
845,Orissa,752,Khurda Khordha,752035,Panchugaon
845,Orissa,752,Khurda Khordha,752061,Thanapalli
845,Orissa,752,Khurda Khordha,752023,Tangi
845,Orissa,752,Khurda Khordha,752055,Tartua
845,Orissa,752,Khurda Khordha,752019,Raigurupur
845,Orissa,752,Khurda Khordha,752100,Sisilo
845,Orissa,752,Khurda Khordha,752101,Pahal
845,Orissa,752,Khurda Khordha,752056,Panabaraj
845,Orissa,752,Khurda Khordha,752034,Sunakhala
845,Orissa,752,Khurda Khordha,752027,Soran
845,Orissa,752,Khurda Khordha,752062,Routapada
845,Orissa,752,Khurda Khordha,752115,Bhatpatna
845,Orissa,752,Khurda Khordha,752020,Rameswar
845,Orissa,752,Khurda Khordha,752038,Siko
845,Orissa,752,Khurda Khordha,752018,Ramchandi
845,Orissa,752,Khurda Khordha,752022,Kaluparaghat
845,Orissa,752,Khurda Khordha,752028,Nachuni
845,Orissa,752,Khurda Khordha,752037,Naval Base chilika
845,Orissa,752,Khurda Khordha,752057,P N college
846,Orissa,752,Nayagarh,752093,Nuapada
846,Orissa,752,Nayagarh,752024,Kerandatangi
846,Orissa,752,Nayagarh,752078,Sidhamula
846,Orissa,752,Nayagarh,752025,Sinduria
846,Orissa,752,Nayagarh,752094,Malisar
846,Orissa,752,Nayagarh,752065,Surukabadi
846,Orissa,752,Nayagarh,752063,Tikiripada
846,Orissa,752,Nayagarh,752084,Tumandi
846,Orissa,752,Nayagarh,752068,Saradhapur
846,Orissa,752,Nayagarh,752082,Singarpalli
846,Orissa,752,Nayagarh,752077,Singhapada
846,Orissa,752,Nayagarh,752026,Taria
846,Orissa,752,Nayagarh,752085,Rasanga
846,Orissa,752,Nayagarh,752070,Padmadeipur
846,Orissa,752,Nayagarh,752089,Poda Sahi
846,Orissa,752,Nayagarh,752081,Sakeri
846,Orissa,752,Nayagarh,752080,Sikharpur
846,Orissa,752,Nayagarh,752092,Godipada
846,Orissa,752,Nayagarh,752091,Tendabadi
846,Orissa,752,Nayagarh,752090,Sunamuhin
846,Orissa,752,Nayagarh,752079,Notar
846,Orissa,752,Nayagarh,752083,Udayapur
846,Orissa,752,Nayagarh,752087,Harakrushnapur
846,Orissa,752,Nayagarh,752069,Nayagarh College
847,Orissa,752,Puri,752016,Sirpurusottampur
847,Orissa,752,Puri,752014,Sukal
847,Orissa,752,Puri,752109,Udaypur
847,Orissa,752,Puri,752012,Tadasaramahansapur
847,Orissa,752,Puri,752017,Tipuri
847,Orissa,752,Puri,752110,Tampalo
847,Orissa,752,Puri,752106,Villigram
847,Orissa,752,Puri,752120,Baharana
847,Orissa,752,Puri,752011,Satapada
847,Orissa,752,Puri,752001,Swargadwar
847,Orissa,752,Puri,752002,Talajanga
847,Orissa,752,Puri,752121,Siaro
847,Orissa,752,Puri,752030,Titip
847,Orissa,752,Puri,752105,Uchhupur
847,Orissa,752,Puri,752046,Teisipur
847,Orissa,752,Puri,752045,Parakena
847,Orissa,752,Puri,752111,Sarada
847,Orissa,752,Puri,752118,Kundheihat
847,Orissa,752,Puri,752104,Sompur
847,Orissa,752,Puri,752013,Rahadamalla
847,Orissa,752,Puri,752107,Suhagpur
847,Orissa,752,Puri,752114,Sunugoradi
847,Orissa,752,Puri,752108,Patasundarpur
847,Orissa,752,Puri,752113,Tulasipur
847,Orissa,752,Puri,752116,Mahalpada
847,Orissa,752,Puri,752033,Chilikanuapada
847,Orissa,752,Puri,752112,Dandamukundapur Gds
847,Orissa,752,Puri,752015,Trilochanpur
847,Orissa,752,Puri,752119,Risol
847,Orissa,752,Puri,752032,Parikud Gdsso
847,Orissa,752,Puri,752003,Srivihar
848,Orissa,753,Cuttack,753012,Khannagar
848,Orissa,753,Cuttack,753014,Avinab Bidanasi
848,Orissa,753,Cuttack,753001,Pattapole
848,Orissa,753,Cuttack,753005,Barabati Stadium
848,Orissa,753,Cuttack,753011,Uttampur
848,Orissa,753,Cuttack,753008,Tulasipur
848,Orissa,753,Cuttack,753002,Swaraj Ashram
848,Orissa,753,Cuttack,753006,C R r i
848,Orissa,753,Cuttack,753004,Nayabazar
848,Orissa,753,Cuttack,753003,Sikharpur
848,Orissa,753,Cuttack,753010,Rajendra Nagar
848,Orissa,753,Cuttack,753013,Sri Aurobinda marg
848,Orissa,753,Cuttack,753007,O S e
848,Orissa,753,Cuttack,753009,Telenga Bazar
848,Orissa,753,Cuttack,753051,Telengapentha
849,Orissa,754,Cuttack,754035,Nuapatna
849,Orissa,754,Cuttack,754030,Viruda
849,Orissa,754,Cuttack,754011,Adaspur
849,Orissa,754,Cuttack,754037,Sialia
849,Orissa,754,Cuttack,754028,Sankarpur
849,Orissa,754,Cuttack,754209,Tarat Sasan
849,Orissa,754,Cuttack,754032,Saradhapur
849,Orissa,754,Cuttack,754010,Uaradha
849,Orissa,754,Cuttack,754009,Rajib
849,Orissa,754,Cuttack,754029,Taradinga
849,Orissa,754,Cuttack,754131,Totapada
849,Orissa,754,Cuttack,754004,Pahanga
849,Orissa,754,Cuttack,754005,Raghunathpur
849,Orissa,754,Cuttack,754134,Uttarkul
849,Orissa,754,Cuttack,754221,Sungura
849,Orissa,754,Cuttack,754031,Singhanathpitha
849,Orissa,754,Cuttack,754018,Sailo Badbail
849,Orissa,754,Cuttack,754208,Sabalanga Kanipara
849,Orissa,754,Cuttack,754200,Tentol
849,Orissa,754,Cuttack,754022,Uchapada
849,Orissa,754,Cuttack,754001,Raipur Cuttack
849,Orissa,754,Cuttack,754008,Ragadi
849,Orissa,754,Cuttack,754006,Naraj
849,Orissa,754,Cuttack,754204,Rahania
849,Orissa,754,Cuttack,754112,Kalapada
849,Orissa,754,Cuttack,754293,Orikanta
849,Orissa,754,Cuttack,754290,Tilda
849,Orissa,754,Cuttack,754201,Rameswar
849,Orissa,754,Cuttack,754100,Sidheswarpur
849,Orissa,754,Cuttack,754025,Narpada
849,Orissa,754,Cuttack,754202,Sunakhandi
849,Orissa,754,Cuttack,754207,Sahaniajpur
849,Orissa,754,Cuttack,754003,Sailo Jharpada
849,Orissa,754,Cuttack,754206,Podamarai
849,Orissa,754,Cuttack,754027,Mancheswar
849,Orissa,754,Cuttack,754026,Daulatabad
849,Orissa,754,Cuttack,754007,Talabasta
849,Orissa,754,Cuttack,754105,Uttaran
849,Orissa,754,Cuttack,754159,Gadama
849,Orissa,754,Cuttack,754157,Godijanga
849,Orissa,754,Cuttack,754021,Salagaon
849,Orissa,754,Cuttack,754023,Kaitha
849,Orissa,754,Cuttack,754016,Kantapada
849,Orissa,754,Cuttack,754071,Kapaleswar
849,Orissa,754,Cuttack,754203,Kendupatna
849,Orissa,754,Cuttack,754282,Khandasahi
849,Orissa,754,Cuttack,754002,Sundargram
849,Orissa,754,Cuttack,754288,Lalitgiri
849,Orissa,754,Cuttack,754118,Sarichuan
849,Orissa,754,Cuttack,754130,Sompur
849,Orissa,754,Cuttack,754286,Sukleswar
850,Orissa,754,Jagatsinghapur,754119,Tentulibelari
850,Orissa,754,Jagatsinghapur,754102,Tarikund
850,Orissa,754,Jagatsinghapur,754132,Sirlonabagram
850,Orissa,754,Jagatsinghapur,754108,Tertang
850,Orissa,754,Jagatsinghapur,754107,Kundeswar
850,Orissa,754,Jagatsinghapur,754130,Praharajpur
850,Orissa,754,Jagatsinghapur,754103,Taradapada
850,Orissa,754,Jagatsinghapur,754162,Sudarsan
850,Orissa,754,Jagatsinghapur,754139,Kunjakothi
850,Orissa,754,Jagatsinghapur,754140,Rahama
850,Orissa,754,Jagatsinghapur,754138,Tulang
850,Orissa,754,Jagatsinghapur,754120,Atharbanki Rly colony
850,Orissa,754,Jagatsinghapur,754113,Tentoi
850,Orissa,754,Jagatsinghapur,754114,Saibirikantilo
850,Orissa,754,Jagatsinghapur,754106,Sidhal
850,Orissa,754,Jagatsinghapur,754141,Taladanda
850,Orissa,754,Jagatsinghapur,754142,Paradip
850,Orissa,754,Jagatsinghapur,754136,Tentulipada
850,Orissa,754,Jagatsinghapur,754111,Ukundara
850,Orissa,754,Jagatsinghapur,754135,Krishnanandapur
850,Orissa,754,Jagatsinghapur,754110,Titira
850,Orissa,754,Jagatsinghapur,754137,Tirtol
850,Orissa,754,Jagatsinghapur,754109,Nowgang
850,Orissa,754,Jagatsinghapur,754104,Sanra
850,Orissa,754,Jagatsinghapur,754133,Tarpur
850,Orissa,754,Jagatsinghapur,754160,Manijanga
850,Orissa,754,Jagatsinghapur,754145,Ppl Township
850,Orissa,754,Jagatsinghapur,754155,Sana Adhanga
850,Orissa,754,Jagatsinghapur,754143,Sector-21
851,Orissa,754,Jajapur,754205,Sipura
851,Orissa,754,Jajapur,754024,Sunguda
851,Orissa,754,Jajapur,754081,Badachana
851,Orissa,754,Jajapur,754023,Samsarpur
851,Orissa,754,Jajapur,754082,Salapada
851,Orissa,754,Jajapur,754292,Saudia
851,Orissa,754,Jajapur,754285,Kusupur
851,Orissa,754,Jajapur,754261,Ratnagiri
852,Orissa,754,Kendrapara,754220,Taras
852,Orissa,754,Kendrapara,754215,Singiri
852,Orissa,754,Kendrapara,754223,Raichand
852,Orissa,754,Kendrapara,754228,Pundalo
852,Orissa,754,Kendrapara,754212,Thauri
852,Orissa,754,Kendrapara,754214,Palli Raghunathpur
852,Orissa,754,Kendrapara,754250,Thakurpatna
852,Orissa,754,Kendrapara,754217,Terohi
852,Orissa,754,Kendrapara,754238,Amrutamanohi
852,Orissa,754,Kendrapara,754240,Taradapal
852,Orissa,754,Kendrapara,754233,Anduli
852,Orissa,754,Kendrapara,754162,Pailo
852,Orissa,754,Kendrapara,754231,Namouza
852,Orissa,754,Kendrapara,754211,Tinimuhani
852,Orissa,754,Kendrapara,754213,Talasanga
852,Orissa,754,Kendrapara,754219,Sitaleswar
852,Orissa,754,Kendrapara,754237,Ayatan
852,Orissa,754,Kendrapara,754245,Chakada Gogua
852,Orissa,754,Kendrapara,754244,Raghunathpur K patna
852,Orissa,754,Kendrapara,754225,Satabhaya
852,Orissa,754,Kendrapara,754227,Olavar
852,Orissa,754,Kendrapara,754224,Teragaon
852,Orissa,754,Kendrapara,754289,Nuahat
852,Orissa,754,Kendrapara,754241,Baliapatna
852,Orissa,754,Kendrapara,754141,Tikhiri
852,Orissa,754,Kendrapara,754218,Sansidha Mangarajpur
852,Orissa,754,Kendrapara,754153,Tikanpur
852,Orissa,754,Kendrapara,754246,Madanpur
852,Orissa,754,Kendrapara,754251,Barua
852,Orissa,754,Kendrapara,754222,Kadaliban
852,Orissa,754,Kendrapara,754140,Batira
852,Orissa,754,Kendrapara,754253,Padmapur
852,Orissa,754,Kendrapara,754134,Tyandakura
852,Orissa,754,Kendrapara,754239,Padanipal
852,Orissa,754,Kendrapara,754210,Sorisia
852,Orissa,754,Kendrapara,754226,Damarpur
852,Orissa,754,Kendrapara,754248,Yunus Nagar
852,Orissa,754,Kendrapara,754203,Lendura Bhagwanpur
852,Orissa,754,Kendrapara,754216,Sana Jaria
852,Orissa,754,Kendrapara,754135,Kadamchhanda
852,Orissa,754,Kendrapara,754156,Kudanagari
852,Orissa,754,Kendrapara,754229,Ostapur
852,Orissa,754,Kendrapara,754243,Pegarpara
852,Orissa,754,Kendrapara,754242,Talachua
853,Orissa,755,Jajapur,755016,Singhpur
853,Orissa,755,Jajapur,755005,Rudrapur
853,Orissa,755,Jajapur,755009,Votka
853,Orissa,755,Jajapur,755036,Narangochha
853,Orissa,755,Jajapur,755013,Uttarkulhat
853,Orissa,755,Jajapur,755018,Sukinda
853,Orissa,755,Jajapur,755019,Taharpur
853,Orissa,755,Jajapur,755035,Angalo
853,Orissa,755,Jajapur,755004,Talabandha
853,Orissa,755,Jajapur,755010,Sherpur
853,Orissa,755,Jajapur,755001,Jajpur College
853,Orissa,755,Jajapur,755023,Sarada Mukundapur
853,Orissa,755,Jajapur,755007,Sridharpur
853,Orissa,755,Jajapur,755027,Sayedpur
853,Orissa,755,Jajapur,755008,Singhapur
853,Orissa,755,Jajapur,755024,Thannual
853,Orissa,755,Jajapur,755012,Tina
853,Orissa,755,Jajapur,755015,Sribantapur
853,Orissa,755,Jajapur,755021,Bainsiria
853,Orissa,755,Jajapur,755003,Sahupara
853,Orissa,755,Jajapur,755038,Bamdevpur
853,Orissa,755,Jajapur,755026,Salijanga
853,Orissa,755,Jajapur,755014,Uttangara
853,Orissa,755,Jajapur,755025,Tulasipur
853,Orissa,755,Jajapur,755043,Panikoili
853,Orissa,755,Jajapur,755017,Udaypur
853,Orissa,755,Jajapur,755044,Siha
853,Orissa,755,Jajapur,755028,Ransol
853,Orissa,755,Jajapur,755006,Taranga Sagarpur
853,Orissa,755,Jajapur,755022,Tulati
853,Orissa,755,Jajapur,755011,Sanakuanlo
853,Orissa,755,Jajapur,755020,Ferro Chrome project
853,Orissa,755,Jajapur,755041,Garhmadhupur
853,Orissa,755,Jajapur,755046,Hatibari
853,Orissa,755,Jajapur,755050,Jaraka
853,Orissa,755,Jajapur,755047,Kaliapani
853,Orissa,755,Jajapur,755030,Kalyanpur
853,Orissa,755,Jajapur,755031,Kamagarh
853,Orissa,755,Jajapur,755049,Krushnapur Sasan
853,Orissa,755,Jajapur,755029,Kodandpur
853,Orissa,755,Jajapur,755045,Kotapur
853,Orissa,755,Jajapur,755039,Merdakatia Chhak
853,Orissa,755,Jajapur,755032,Ramachandrapur
853,Orissa,755,Jajapur,755033,Rurhiya
854,Orissa,755,Kendrapara,755061,Palimi
855,Orissa,755,Kendujhar,755019,Odapada
856,Orissa,756,Baleswar,756047,Turigaria
856,Orissa,756,Baleswar,756134,Mirjapur
856,Orissa,756,Baleswar,756038,Pithapur
856,Orissa,756,Baleswar,756049,Srirampur
856,Orissa,756,Baleswar,756036,Tarapur
856,Orissa,756,Baleswar,756032,Sikharpur
856,Orissa,756,Baleswar,756043,Sarsatia
856,Orissa,756,Baleswar,756182,Dungura
856,Orissa,756,Baleswar,756027,Solpata
856,Orissa,756,Baleswar,756030,Vellora
856,Orissa,756,Baleswar,756034,Nampo
856,Orissa,756,Baleswar,756126,Simulia Bazar
856,Orissa,756,Baleswar,756046,Tentei
856,Orissa,756,Baleswar,756045,Wada
856,Orissa,756,Baleswar,756028,Rupsa
856,Orissa,756,Baleswar,756058,Uppardiha
856,Orissa,756,Baleswar,756048,Sarkana
856,Orissa,756,Baleswar,756019,Udambar
856,Orissa,756,Baleswar,756044,Talakurunia
856,Orissa,756,Baleswar,756079,Rasalpur
856,Orissa,756,Baleswar,756033,Raibania
856,Orissa,756,Baleswar,756026,Rella
856,Orissa,756,Baleswar,756037,Tukurihazira
856,Orissa,756,Baleswar,756051,Rupkhand
856,Orissa,756,Baleswar,756001,Srikanthapur
856,Orissa,756,Baleswar,756024,Saudi
856,Orissa,756,Baleswar,756083,Pratappur
856,Orissa,756,Baleswar,756003,Sindhia
856,Orissa,756,Baleswar,756080,Sahada
856,Orissa,756,Baleswar,756060,Sergarh
856,Orissa,756,Baleswar,756042,Thalasada
856,Orissa,756,Baleswar,756035,Upla Hat
856,Orissa,756,Baleswar,756029,Uitikiri
856,Orissa,756,Baleswar,756085,Naskarpur
856,Orissa,756,Baleswar,756025,Srikona
856,Orissa,756,Baleswar,756056,Kuruda
856,Orissa,756,Baleswar,756023,Srirampur Road
856,Orissa,756,Baleswar,756081,Tadada
856,Orissa,756,Baleswar,756166,Srimantapur
856,Orissa,756,Baleswar,756021,Kuanrpur
856,Orissa,756,Baleswar,756039,Udayganjapatna
856,Orissa,756,Baleswar,756020,Tikirapal
856,Orissa,756,Baleswar,756055,Sirapur
856,Orissa,756,Baleswar,756053,Chakajagannathpur
856,Orissa,756,Baleswar,756022,Mukulisi
856,Orissa,756,Baleswar,756084,Sugo
856,Orissa,756,Baleswar,756040,Siadimal
856,Orissa,756,Baleswar,756041,Tenda
856,Orissa,756,Baleswar,756059,Sundarpur
856,Orissa,756,Baleswar,756115,Ratina
856,Orissa,756,Baleswar,756018,Khirachora Gopinath
856,Orissa,756,Baleswar,756002,Sunhat
857,Orissa,756,Bhadrak,756114,Tillo Barasahi
857,Orissa,756,Bhadrak,756125,Sanakrishnapur
857,Orissa,756,Bhadrak,756128,Keshpur
857,Orissa,756,Bhadrak,756122,Paramanandapur
857,Orissa,756,Bhadrak,756113,Ramakrishnapur
857,Orissa,756,Bhadrak,756124,Padamapur
857,Orissa,756,Bhadrak,756118,Nuahat
857,Orissa,756,Bhadrak,756101,Saragadia
857,Orissa,756,Bhadrak,756129,Totapada
857,Orissa,756,Bhadrak,756116,Talagopabindha
857,Orissa,756,Bhadrak,756112,Todanga
857,Orissa,756,Bhadrak,756123,Samian
857,Orissa,756,Bhadrak,756117,Sohara
857,Orissa,756,Bhadrak,756115,Sandado
857,Orissa,756,Bhadrak,756144,Silandi
857,Orissa,756,Bhadrak,756138,Sathibankuda
857,Orissa,756,Bhadrak,756139,Talapada
857,Orissa,756,Bhadrak,756131,Tiadisahi
857,Orissa,756,Bhadrak,756168,Narasinghpur
857,Orissa,756,Bhadrak,756137,Korua
857,Orissa,756,Bhadrak,756121,Tesinga
857,Orissa,756,Bhadrak,756165,Kiapada
857,Orissa,756,Bhadrak,756135,Saramara
857,Orissa,756,Bhadrak,756130,Tihidi
857,Orissa,756,Bhadrak,756164,Sanahavelisahi
857,Orissa,756,Bhadrak,756111,Ranital
857,Orissa,756,Bhadrak,756133,Ugratara
857,Orissa,756,Bhadrak,756119,Suryapur
857,Orissa,756,Bhadrak,756167,Paliabindha
857,Orissa,756,Bhadrak,756100,Salandi Colony
857,Orissa,756,Bhadrak,756181,Uttarbahini
857,Orissa,756,Bhadrak,756120,Sarasada
857,Orissa,756,Bhadrak,756163,Kubera
857,Orissa,756,Bhadrak,756132,Sailendrapalli
857,Orissa,756,Bhadrak,756171,Saraswati
857,Orissa,756,Bhadrak,756127,Serpur
857,Orissa,756,Bhadrak,756162,Suan
857,Orissa,756,Bhadrak,756142,Kenduapada
858,Orissa,756,Kendujhar,756121,Salinia
859,Orissa,757,Mayurbhanj,757025,Sialighati
859,Orissa,757,Mayurbhanj,757050,Uparbeda
859,Orissa,757,Mayurbhanj,757082,Palasia
859,Orissa,757,Mayurbhanj,757052,Totapada
859,Orissa,757,Mayurbhanj,757055,Sarisa
859,Orissa,757,Mayurbhanj,757075,Salbani
859,Orissa,757,Mayurbhanj,757041,Udala College
859,Orissa,757,Mayurbhanj,757028,Singlamundali
859,Orissa,757,Mayurbhanj,757030,Sansarasposi
859,Orissa,757,Mayurbhanj,757087,Sridamchandrapur
859,Orissa,757,Mayurbhanj,757001,Tulasichoura
859,Orissa,757,Mayurbhanj,757035,Righa
859,Orissa,757,Mayurbhanj,757105,Kuchei
859,Orissa,757,Mayurbhanj,757043,Ukam
859,Orissa,757,Mayurbhanj,757042,Tikhia
859,Orissa,757,Mayurbhanj,757021,Sarasposi
859,Orissa,757,Mayurbhanj,757018,Sunahaja
859,Orissa,757,Mayurbhanj,757039,Sukruli
859,Orissa,757,Mayurbhanj,757083,Tentuligaon
859,Orissa,757,Mayurbhanj,757054,Tarana
859,Orissa,757,Mayurbhanj,757029,Tasarda
859,Orissa,757,Mayurbhanj,757034,Podagarh
859,Orissa,757,Mayurbhanj,757019,Tikarpada
859,Orissa,757,Mayurbhanj,757026,Suhagpura
859,Orissa,757,Mayurbhanj,757016,Rasgovindpur
859,Orissa,757,Mayurbhanj,757047,Talakpokhari
859,Orissa,757,Mayurbhanj,757020,Rukuni
859,Orissa,757,Mayurbhanj,757084,Nuhajhalia
859,Orissa,757,Mayurbhanj,757086,Rajaloka
859,Orissa,757,Mayurbhanj,757100,Tarakothi
859,Orissa,757,Mayurbhanj,757053,Tiring
859,Orissa,757,Mayurbhanj,757074,Tangana
859,Orissa,757,Mayurbhanj,757023,Sanmundhabani
859,Orissa,757,Mayurbhanj,757040,Sanbisole
859,Orissa,757,Mayurbhanj,757077,Sarbanghati
859,Orissa,757,Mayurbhanj,757045,Tendra
859,Orissa,757,Mayurbhanj,757033,Sunajodia
859,Orissa,757,Mayurbhanj,757051,Unchagaon
859,Orissa,757,Mayurbhanj,757022,Ufalgadia
859,Orissa,757,Mayurbhanj,757014,Tadki
859,Orissa,757,Mayurbhanj,757031,Shirsa
859,Orissa,757,Mayurbhanj,757104,Nuagaon
859,Orissa,757,Mayurbhanj,757101,Teldihudi
859,Orissa,757,Mayurbhanj,757024,Uthani Nuagaon
859,Orissa,757,Mayurbhanj,757036,Tongabilla
859,Orissa,757,Mayurbhanj,757091,Tilakothi
859,Orissa,757,Mayurbhanj,757049,Sirishbani
859,Orissa,757,Mayurbhanj,757032,Puruna Pani
859,Orissa,757,Mayurbhanj,757107,Sankhabhanga
859,Orissa,757,Mayurbhanj,757085,Taradasole
859,Orissa,757,Mayurbhanj,757046,Soso
859,Orissa,757,Mayurbhanj,757038,Thakurmunda
859,Orissa,757,Mayurbhanj,757002,Bijay Ramchandrapur
859,Orissa,757,Mayurbhanj,757073,Tukpalasia
859,Orissa,757,Mayurbhanj,757037,San Deuli
859,Orissa,757,Mayurbhanj,757092,Shyamsundarpur
859,Orissa,757,Mayurbhanj,757048,Sargoda
859,Orissa,757,Mayurbhanj,757017,Salgaon
859,Orissa,757,Mayurbhanj,757081,Sankucha
859,Orissa,757,Mayurbhanj,757102,Sirathali
859,Orissa,757,Mayurbhanj,757003,Takatpur
859,Orissa,757,Mayurbhanj,757079,Sarat
859,Orissa,757,Mayurbhanj,757093,Pokpoka
859,Orissa,757,Mayurbhanj,757027,Talakadada
859,Orissa,757,Mayurbhanj,757015,Kujidihi
859,Orissa,757,Mayurbhanj,757103,Pratappur
859,Orissa,757,Mayurbhanj,757106,Sundhal
860,Orissa,758,Jajapur,758025,Uchhabali
861,Orissa,758,Kendujhar,758076,Sunduria
861,Orissa,758,Kendujhar,758043,Taruan
861,Orissa,758,Kendujhar,758082,Tangiriapal
861,Orissa,758,Kendujhar,758047,Taduabahal
861,Orissa,758,Kendujhar,758022,Sulana
861,Orissa,758,Kendujhar,758021,Taratara
861,Orissa,758,Kendujhar,758031,Silisuan
861,Orissa,758,Kendujhar,758032,Ukhunda
861,Orissa,758,Kendujhar,758015,Trilochanpur
861,Orissa,758,Kendujhar,758016,Tendra
861,Orissa,758,Kendujhar,758017,Silida
861,Orissa,758,Kendujhar,758027,Tara
861,Orissa,758,Kendujhar,758044,Uchhabali
861,Orissa,758,Kendujhar,758028,Thakurapada
861,Orissa,758,Kendujhar,758079,Tentlaposi
861,Orissa,758,Kendujhar,758014,Sirishpal
861,Orissa,758,Kendujhar,758083,Orali
861,Orissa,758,Kendujhar,758045,Udayapur
861,Orissa,758,Kendujhar,758020,Tukuna
861,Orissa,758,Kendujhar,758034,Silijoda
861,Orissa,758,Kendujhar,758037,Bolani
861,Orissa,758,Kendujhar,758025,Toraniapal
861,Orissa,758,Kendujhar,758023,Sadha
861,Orissa,758,Kendujhar,758026,Baliparbata
861,Orissa,758,Kendujhar,758081,Mirigikhoji
861,Orissa,758,Kendujhar,758038,Kolahundula
861,Orissa,758,Kendujhar,758072,Bansapal
861,Orissa,758,Kendujhar,758018,Urumunda
861,Orissa,758,Kendujhar,758035,Thakurani
861,Orissa,758,Kendujhar,758078,Soso
861,Orissa,758,Kendujhar,758013,Tikarpada
861,Orissa,758,Kendujhar,758080,Sagadapata
861,Orissa,758,Kendujhar,758029,Toranipokhari
861,Orissa,758,Kendujhar,758019,Telkoi
861,Orissa,758,Kendujhar,758002,Ranki
861,Orissa,758,Kendujhar,758030,Tangarpada
861,Orissa,758,Kendujhar,758046,Turumunga
861,Orissa,758,Kendujhar,758041,Sunaposi
861,Orissa,758,Kendujhar,758040,Kiriburu Hill top
861,Orissa,758,Kendujhar,758052,Jajanga
861,Orissa,758,Kendujhar,758001,Madhapur
861,Orissa,758,Kendujhar,758036,Matkambeda
862,Orissa,759,Angul,759125,Thakurgarh
862,Orissa,759,Angul,759145,Nalconagar
862,Orissa,759,Angul,759126,Urukela
862,Orissa,759,Angul,759122,Angul Bazar
862,Orissa,759,Angul,759132,Tubey
862,Orissa,759,Angul,759128,Tulasipal
862,Orissa,759,Angul,759100,Talcher R.s.
862,Orissa,759,Angul,759117,Sanatribida
862,Orissa,759,Angul,759103,Tentulei
862,Orissa,759,Angul,759129,Talagarh
862,Orissa,759,Angul,759118,Sankhamur
862,Orissa,759,Angul,759143,Parang
862,Orissa,759,Angul,759141,Tangiri
862,Orissa,759,Angul,759105,Rengali Dam site
862,Orissa,759,Angul,759116,Balanda
862,Orissa,759,Angul,759124,Tentuloi
862,Orissa,759,Angul,759119,Siarimalia
862,Orissa,759,Angul,759127,Ugi
862,Orissa,759,Angul,759130,Santarabandha
862,Orissa,759,Angul,759104,Santhapada
862,Orissa,759,Angul,759147,Deepasikha
862,Orissa,759,Angul,759102,Deulbera Colliery
862,Orissa,759,Angul,759123,Turang
862,Orissa,759,Angul,759148,Nehru Satabdi nagar(bharatpu)r
862,Orissa,759,Angul,759037,Samal Barrage township
862,Orissa,759,Angul,759101,Talcher Thermal
862,Orissa,759,Angul,759107,Talcher Town
862,Orissa,759,Angul,759106,Vikrampur
863,Orissa,759,Dhenkanal,759026,Tumusinga
863,Orissa,759,Dhenkanal,759120,Roda
863,Orissa,759,Dhenkanal,759024,Surapratapapur
863,Orissa,759,Dhenkanal,759017,Rendapatana
863,Orissa,759,Dhenkanal,759019,Saanda
863,Orissa,759,Dhenkanal,759020,Thokar
863,Orissa,759,Dhenkanal,759014,Radhadeipur
863,Orissa,759,Dhenkanal,759039,Raibol
863,Orissa,759,Dhenkanal,759013,Tarava
863,Orissa,759,Dhenkanal,759027,Talabarkote
863,Orissa,759,Dhenkanal,759025,Siminai
863,Orissa,759,Dhenkanal,759028,Tariniposi
863,Orissa,759,Dhenkanal,759023,Marthapur
863,Orissa,759,Dhenkanal,759016,Sorisiapada
863,Orissa,759,Dhenkanal,759018,Sibulapasi
863,Orissa,759,Dhenkanal,759022,Phulapada
863,Orissa,759,Dhenkanal,759121,Sibapur
863,Orissa,759,Dhenkanal,759015,Sarakpatana
863,Orissa,759,Dhenkanal,759021,Rasol
863,Orissa,759,Dhenkanal,759001,Jubuli Town
863,Orissa,759,Dhenkanal,759145,Saranga
863,Orissa,759,Dhenkanal,759040,Talmul
864,Orissa,760,Boudh,760020,Similipadar
865,Orissa,760,Ganjam,760010,Engineering School
865,Orissa,760,Ganjam,760001,Military Lines
865,Orissa,760,Ganjam,760007,Rangailunda
865,Orissa,760,Ganjam,760004,Medical College
865,Orissa,760,Ganjam,760002,Sriram Nagar
865,Orissa,760,Ganjam,760005,Hillpatna
865,Orissa,760,Ganjam,760003,Rangipur
865,Orissa,760,Ganjam,760008,Lanjipalli
865,Orissa,760,Ganjam,760009,Nabeen
865,Orissa,760,Ganjam,760006,Sankarapur
866,Orissa,761,Gajapati,761215,Singipur
866,Orissa,761,Gajapati,761211,Uppalada
866,Orissa,761,Gajapati,761207,Tumula
866,Orissa,761,Gajapati,761217,Panigonda
866,Orissa,761,Gajapati,761016,Tabarasingi
866,Orissa,761,Gajapati,761201,Tarangada
866,Orissa,761,Gajapati,761015,T.Govindapur
866,Orissa,761,Gajapati,761214,Tabarada
866,Orissa,761,Gajapati,761017,Suluba
866,Orissa,761,Gajapati,761206,Valada
866,Orissa,761,Gajapati,761208,Parida
866,Orissa,761,Gajapati,761210,Tatipati
866,Orissa,761,Gajapati,761213,Rayagada
866,Orissa,761,Gajapati,761200,Parlakhemundi
866,Orissa,761,Gajapati,761212,Talamunda
867,Orissa,761,Ganjam,761111,Subalaya
867,Orissa,761,Ganjam,761144,Kurla
867,Orissa,761,Ganjam,761118,Sodak
867,Orissa,761,Ganjam,761020,Sriramchandrapur
867,Orissa,761,Ganjam,761029,Tentuliapalli
867,Orissa,761,Ganjam,761120,Patadhar
867,Orissa,761,Ganjam,761121,Samarbandha
867,Orissa,761,Ganjam,761019,Pratapur
867,Orissa,761,Ganjam,761012,Sahaspur
867,Orissa,761,Ganjam,761119,Udhra
867,Orissa,761,Ganjam,761005,Tumbagada
867,Orissa,761,Ganjam,761104,Sunapalli
867,Orissa,761,Ganjam,761108,Surada Bazar
867,Orissa,761,Ganjam,761035,Talasara
867,Orissa,761,Ganjam,761100,Satapahandia
867,Orissa,761,Ganjam,761017,Antaraba
867,Orissa,761,Ganjam,761117,Rumagada
867,Orissa,761,Ganjam,761043,Pandia
867,Orissa,761,Ganjam,761041,Rama Sanarayanpur
867,Orissa,761,Ganjam,761110,T.O.road
867,Orissa,761,Ganjam,761151,U. dantilingi
867,Orissa,761,Ganjam,761105,Tentulia
867,Orissa,761,Ganjam,761143,Takarada
867,Orissa,761,Ganjam,761032,Phasi
867,Orissa,761,Ganjam,761006,Totipuram
867,Orissa,761,Ganjam,761007,Talasingi
867,Orissa,761,Ganjam,761131,Turumu
867,Orissa,761,Ganjam,761045,Matikhalo
867,Orissa,761,Ganjam,761018,Taratrini Hills
867,Orissa,761,Ganjam,761004,Santoshpur
867,Orissa,761,Ganjam,761124,Nettanga
867,Orissa,761,Ganjam,761042,Mundapata
867,Orissa,761,Ganjam,761109,Sidhapur
867,Orissa,761,Ganjam,761011,Nuapada
867,Orissa,761,Ganjam,761101,Saru
867,Orissa,761,Ganjam,761116,Sidhanoi
867,Orissa,761,Ganjam,761125,Sanakodanda
867,Orissa,761,Ganjam,761026,Sarabhimpur
867,Orissa,761,Ganjam,761141,Kupati
867,Orissa,761,Ganjam,761010,Rampa
867,Orissa,761,Ganjam,761002,Venkataraipur
867,Orissa,761,Ganjam,761030,Talapada
867,Orissa,761,Ganjam,761054,Sidheswara
867,Orissa,761,Ganjam,761114,Mundamarai
867,Orissa,761,Ganjam,761003,Tanganapalli
867,Orissa,761,Ganjam,761107,Suramani
867,Orissa,761,Ganjam,761115,Gunthapada
867,Orissa,761,Ganjam,761106,Seragada
867,Orissa,761,Ganjam,761128,K.Nuagada
867,Orissa,761,Ganjam,761055,Sahadev Tikirapada
867,Orissa,761,Ganjam,761031,Tirida
867,Orissa,761,Ganjam,761122,Nimina
867,Orissa,761,Ganjam,761001,Palasi
867,Orissa,761,Ganjam,761126,Hatnagar
867,Orissa,761,Ganjam,761209,Turubudi
867,Orissa,761,Ganjam,761132,Mujjagada
867,Orissa,761,Ganjam,761028,Rambha
867,Orissa,761,Ganjam,761008,Sunadei
867,Orissa,761,Ganjam,761123,Palakasandha
867,Orissa,761,Ganjam,761103,Tankachhai
867,Orissa,761,Ganjam,761146,Thuruburai
867,Orissa,761,Ganjam,761014,Singipur
867,Orissa,761,Ganjam,761102,Sikiri
867,Orissa,761,Ganjam,761140,Tanarada
867,Orissa,761,Ganjam,761013,Pattapur
867,Orissa,761,Ganjam,761009,Surala
867,Orissa,761,Ganjam,761027,Palur
867,Orissa,761,Ganjam,761025,Jayashree
867,Orissa,761,Ganjam,761133,Jillundi
867,Orissa,761,Ganjam,761037,Tandipur
867,Orissa,761,Ganjam,761036,Sabulia
868,Orissa,762,Boudh,762023,Ranipathar
868,Orissa,762,Boudh,762015,Tilapanga
868,Orissa,762,Boudh,762020,Satakhanda
868,Orissa,762,Boudh,762013,Tileswar
868,Orissa,762,Boudh,762017,Srimal
868,Orissa,762,Boudh,762026,Tikiripada
868,Orissa,762,Boudh,762014,Tetelenga
868,Orissa,762,Boudh,762024,Sampoch
868,Orissa,762,Boudh,762016,Tundamal
868,Orissa,762,Boudh,762018,Uma
868,Orissa,762,Boudh,762012,Madhapur
869,Orissa,762,Kandhamal,762112,Petapanga
869,Orissa,762,Kandhamal,762029,Titrapanga
869,Orissa,762,Kandhamal,762021,Tamangi
869,Orissa,762,Kandhamal,762018,Ambagaon
869,Orissa,762,Kandhamal,762010,Tikabali
869,Orissa,762,Kandhamal,762012,Sakadi
869,Orissa,762,Kandhamal,762104,Terabadi
869,Orissa,762,Kandhamal,762103,Tillory
869,Orissa,762,Kandhamal,762101,Sugudabadi
869,Orissa,762,Kandhamal,762110,Tikarabaju
869,Orissa,762,Kandhamal,762002,Tudipaju
869,Orissa,762,Kandhamal,762109,Pusangia
869,Orissa,762,Kandhamal,762102,Sirtiguda
869,Orissa,762,Kandhamal,762022,Talarimaha
869,Orissa,762,Kandhamal,762105,Subranagiri
869,Orissa,762,Kandhamal,762011,Tellapali
869,Orissa,762,Kandhamal,762106,Siringia
869,Orissa,762,Kandhamal,762028,Rupagaon
869,Orissa,762,Kandhamal,762107,Tumudibandha
869,Orissa,762,Kandhamal,762100,Tiangia
869,Orissa,762,Kandhamal,762027,R Nuagaon
869,Orissa,762,Kandhamal,762019,Sankarakhole
869,Orissa,762,Kandhamal,762001,Phulbani Bazar
869,Orissa,762,Kandhamal,762020,Mallickpada
870,Orissa,763,Koraput,763008,Mathalput
870,Orissa,763,Koraput,763003,"D.P.camp, sunabeda"
870,Orissa,763,Koraput,763004,"Nad, Sunabeda"
870,Orissa,763,Koraput,763002,Sunabeda-2
870,Orissa,763,Koraput,763001,Sunabeda-1
871,Orissa,764,Koraput,764021,Umuri
871,Orissa,764,Koraput,764027,Sadabari
871,Orissa,764,Koraput,764055,Kusumi
871,Orissa,764,Koraput,764039,Turia
871,Orissa,764,Koraput,764056,Sorgiguda
871,Orissa,764,Koraput,764005,Raniput
871,Orissa,764,Koraput,764002,Taraput
871,Orissa,764,Koraput,764001,Jeypore(k) Koraput road
871,Orissa,764,Koraput,764037,T.Thuba
871,Orissa,764,Koraput,764041,Jolaput
871,Orissa,764,Koraput,764040,Machhkund
871,Orissa,764,Koraput,764038,Wandergada
871,Orissa,764,Koraput,764043,Tentuligumma
871,Orissa,764,Koraput,764014,T.Padar
871,Orissa,764,Koraput,764006,Bariniput
871,Orissa,764,Koraput,764058,Ukiapalli
871,Orissa,764,Koraput,764057,Semlaguda
871,Orissa,764,Koraput,764028,Pindapadar
871,Orissa,764,Koraput,764036,Semiliguda
871,Orissa,764,Koraput,764003,Tankua
871,Orissa,764,Koraput,764011,Kolab Nagar
871,Orissa,764,Koraput,764081,Tusuba
871,Orissa,764,Koraput,764004,Jeypore(k) Irrigation colony
871,Orissa,764,Koraput,764020,Koraput Collectorate
871,Orissa,764,Koraput,764042,Upperdural
872,Orissa,764,Malkangiri,764044,Udilibeda
872,Orissa,764,Malkangiri,764087,Tandabai
872,Orissa,764,Malkangiri,764052,Relageda
872,Orissa,764,Malkangiri,764041,Attanda
872,Orissa,764,Malkangiri,764051,Tarlakota
872,Orissa,764,Malkangiri,764047,Venkatpallam
872,Orissa,764,Malkangiri,764086,Sikhapali
872,Orissa,764,Malkangiri,764045,Tumusapalli
872,Orissa,764,Malkangiri,764048,Malkangiri Colony
872,Orissa,764,Malkangiri,764046,Panchabati
873,Orissa,764,Nabarangapur,764073,Umerkote Bazar
873,Orissa,764,Nabarangapur,764059,Taragaon
873,Orissa,764,Nabarangapur,764063,Sindhiguda
873,Orissa,764,Nabarangapur,764049,Patraput
873,Orissa,764,Nabarangapur,764077,Saradhapur
873,Orissa,764,Nabarangapur,764075,Kutubai
873,Orissa,764,Nabarangapur,764072,Singisari
873,Orissa,764,Nabarangapur,764061,Temera
873,Orissa,764,Nabarangapur,764076,Phupugam
873,Orissa,764,Nabarangapur,764074,Turudi
873,Orissa,764,Nabarangapur,764070,Tentulikhunti
873,Orissa,764,Nabarangapur,764071,Ushigaon
873,Orissa,764,Nabarangapur,764078,R.Jaganathpur
873,Orissa,764,Nabarangapur,764085,Parajadeopalli
874,Orissa,764,Rayagada,764062,Serjholi
875,Orissa,765,Koraput,765013,Upperkutinga
876,Orissa,765,Rayagada,765015,Turaighati
876,Orissa,765,Rayagada,765020,T.Padar
876,Orissa,765,Rayagada,765025,Tembaguda
876,Orissa,765,Rayagada,765021,Raghubari
876,Orissa,765,Rayagada,765017,Suri
876,Orissa,765,Rayagada,765026,Siriguda
876,Orissa,765,Rayagada,765019,Sahada
876,Orissa,765,Rayagada,765002,Todama
876,Orissa,765,Rayagada,765033,Tiitmari
876,Orissa,765,Rayagada,765016,Sunakhandi
876,Orissa,765,Rayagada,765029,S.Dhamini
876,Orissa,765,Rayagada,765024,Ukkamba
876,Orissa,765,Rayagada,765018,Therubali
876,Orissa,765,Rayagada,765023,Penakham
876,Orissa,765,Rayagada,765022,Tolana
876,Orissa,765,Rayagada,765034,Marma
876,Orissa,765,Rayagada,765001,Rayagada(k)
877,Orissa,766,Kalahandi,766011,Utkela
877,Orissa,766,Kalahandi,766018,Paikendumundi
877,Orissa,766,Kalahandi,766015,Udesurung
877,Orissa,766,Kalahandi,766019,Uchhula
877,Orissa,766,Kalahandi,766102,Urladani
877,Orissa,766,Kalahandi,766028,Siuni
877,Orissa,766,Kalahandi,766017,Sargiguda
877,Orissa,766,Kalahandi,766036,Sanchergaon
877,Orissa,766,Kalahandi,766014,Talmala
877,Orissa,766,Kalahandi,766001,Uditnarayanpur
877,Orissa,766,Kalahandi,766037,Thuamul Rampur
877,Orissa,766,Kalahandi,766100,Tulapada
877,Orissa,766,Kalahandi,766023,S.Kundamal
877,Orissa,766,Kalahandi,766029,Tipiguda
877,Orissa,766,Kalahandi,766013,Paruaguda
877,Orissa,766,Kalahandi,766020,Pokharibandh
877,Orissa,766,Kalahandi,766027,Malijubang
877,Orissa,766,Kalahandi,766103,Sankenduguda
877,Orissa,766,Kalahandi,766012,Turlakhaman
877,Orissa,766,Kalahandi,766101,Takarla
877,Orissa,766,Kalahandi,766107,Nehena
877,Orissa,766,Kalahandi,766031,Teresinga
877,Orissa,766,Kalahandi,766110,Santapur
877,Orissa,766,Kalahandi,766026,Ranibanhal
877,Orissa,766,Kalahandi,766118,Gondabahali
878,Orissa,766,Nuapada,766106,Tikrapara
878,Orissa,766,Nuapada,766111,Sunapur
878,Orissa,766,Nuapada,766105,Tarbod
878,Orissa,766,Nuapada,766104,Parkod
878,Orissa,766,Nuapada,766118,Saradhapur
878,Orissa,766,Nuapada,766107,Tukla
878,Orissa,766,Nuapada,766108,Timanpur
879,Orissa,767,Balangir,767066,Sihini
879,Orissa,767,Balangir,767020,Sargad
879,Orissa,767,Balangir,767022,Rinbachan
879,Orissa,767,Balangir,767033,Totopara
879,Orissa,767,Balangir,767032,Siskela
879,Orissa,767,Balangir,767002,Randa
879,Orissa,767,Balangir,767016,Thelkomunda
879,Orissa,767,Balangir,767067,Uparjhar
879,Orissa,767,Balangir,767030,Tusra
879,Orissa,767,Balangir,767029,Sikuan
879,Orissa,767,Balangir,767040,Sanmula
879,Orissa,767,Balangir,767038,Tankapani
879,Orissa,767,Balangir,767037,Tentulikhunti
879,Orissa,767,Balangir,767026,Tikrapara
879,Orissa,767,Balangir,767025,Tamia
879,Orissa,767,Balangir,767021,Salebhata
879,Orissa,767,Balangir,767001,Talpalipara
879,Orissa,767,Balangir,767027,Pandamunda
879,Orissa,767,Balangir,767041,Ulba
879,Orissa,767,Balangir,767024,Sibtala
879,Orissa,767,Balangir,767048,Ramchandrapur
879,Orissa,767,Balangir,767028,Udiapali
879,Orissa,767,Balangir,767061,Roth
879,Orissa,767,Balangir,767042,Bhatipara
879,Orissa,767,Balangir,767035,Titisilet
879,Orissa,767,Balangir,767039,Turekela
879,Orissa,767,Balangir,767065,Taliudar
879,Orissa,767,Balangir,767046,Jamut
879,Orissa,767,Balangir,767023,Dungripali
879,Orissa,767,Balangir,767068,Kutasingha
879,Orissa,767,Balangir,767070,Of Badmal
880,Orissa,767,Sonapur Subarnapur,767018,Subalaya
880,Orissa,767,Sonapur Subarnapur,767016,Tullunda
880,Orissa,767,Sonapur Subarnapur,767045,Sonepur Rampur
880,Orissa,767,Sonapur Subarnapur,767017,Spinning Mills
880,Orissa,767,Sonapur Subarnapur,767023,Tamamura
880,Orissa,767,Sonapur Subarnapur,767019,Sindurpur
880,Orissa,767,Sonapur Subarnapur,767062,Ullunda
880,Orissa,767,Sonapur Subarnapur,767020,Ranisarda
880,Orissa,767,Sonapur Subarnapur,767068,Rengali
881,Orissa,768,Bargarh,768040,Tora
881,Orissa,768,Bargarh,768029,Tulandi
881,Orissa,768,Bargarh,768104,Sunalarambha
881,Orissa,768,Bargarh,768031,Ambabhana
881,Orissa,768,Bargarh,768042,Shakti
881,Orissa,768,Bargarh,768103,Talsirgida
881,Orissa,768,Bargarh,768027,Tope
881,Orissa,768,Bargarh,768038,Urduna
881,Orissa,768,Bargarh,768032,Sirgida
881,Orissa,768,Bargarh,768036,Talpali
881,Orissa,768,Bargarh,768028,Tumgaon
881,Orissa,768,Bargarh,768052,Uttam
881,Orissa,768,Bargarh,768045,Ruchida
881,Orissa,768,Bargarh,768049,Sargibahal
881,Orissa,768,Bargarh,768039,Temri
881,Orissa,768,Bargarh,768033,Tungibandhali
881,Orissa,768,Bargarh,768030,Tejgola
881,Orissa,768,Bargarh,768034,Talpadar
881,Orissa,768,Bargarh,768035,Salepali
881,Orissa,768,Bargarh,768050,Mandosil
881,Orissa,768,Bargarh,768037,Saradhapali
881,Orissa,768,Bargarh,768102,Tampersara
881,Orissa,768,Bargarh,768111,Silet
881,Orissa,768,Bargarh,768115,Sialkhandata
881,Orissa,768,Bargarh,768048,Majhipali
882,Orissa,768,Debagarh Deogarh,768109,Utunia
882,Orissa,768,Debagarh Deogarh,768110,Saruali
882,Orissa,768,Debagarh Deogarh,768108,Suguda
882,Orissa,768,Debagarh Deogarh,768121,Kansar
882,Orissa,768,Debagarh Deogarh,768107,Dimirikuda
882,Orissa,768,Debagarh Deogarh,768119,Tileibani
883,Orissa,768,Jharsuguda,768215,Sudang
883,Orissa,768,Jharsuguda,768202,Sulahi
883,Orissa,768,Jharsuguda,768226,Remta
883,Orissa,768,Jharsuguda,768220,Naxapali
883,Orissa,768,Jharsuguda,768219,Thebra
883,Orissa,768,Jharsuguda,768211,Sarandamal
883,Orissa,768,Jharsuguda,768217,Ubuda
883,Orissa,768,Jharsuguda,768218,Belpahar
883,Orissa,768,Jharsuguda,768213,Samasingha
883,Orissa,768,Jharsuguda,768216,Sr Brajarajnagar
883,Orissa,768,Jharsuguda,768204,Talpatia
883,Orissa,768,Jharsuguda,768203,Industrial Estate jharsuguda s
883,Orissa,768,Jharsuguda,768234,Sunari
883,Orissa,768,Jharsuguda,768201,Sr Jharsuguda
883,Orissa,768,Jharsuguda,768225,Rampur Colliery
883,Orissa,768,Jharsuguda,768221,Kuarmal
883,Orissa,768,Jharsuguda,768230,Lamptibahal
883,Orissa,768,Jharsuguda,768233,Orient Colliery brajarajnagar
883,Orissa,768,Jharsuguda,768214,Sadamal
884,Orissa,768,Sambalpur,768006,Sankarma
884,Orissa,768,Sambalpur,768004,Budharaja
884,Orissa,768,Sambalpur,768016,Hirakud
884,Orissa,768,Sambalpur,768113,Salesingha
884,Orissa,768,Sambalpur,768222,Telitileimal
884,Orissa,768,Sambalpur,768228,Uttargaon
884,Orissa,768,Sambalpur,768221,Uchakapat
884,Orissa,768,Sambalpur,768112,Tampargarh
884,Orissa,768,Sambalpur,768227,Turei-niktimal
884,Orissa,768,Sambalpur,768107,Tikilipada
884,Orissa,768,Sambalpur,768105,R.Badmal
884,Orissa,768,Sambalpur,768025,Kalamati
884,Orissa,768,Sambalpur,768212,Rengali
884,Orissa,768,Sambalpur,768005,Themra
884,Orissa,768,Sambalpur,768106,Tribanpur
884,Orissa,768,Sambalpur,768214,Laida
884,Orissa,768,Sambalpur,768200,Tamperkela
884,Orissa,768,Sambalpur,768001,Sambalpur Court
884,Orissa,768,Sambalpur,768017,Medical College burla
884,Orissa,768,Sambalpur,768026,Kudgunderpur
884,Orissa,768,Sambalpur,768224,Sagra
884,Orissa,768,Sambalpur,768018,Engineering College burla
884,Orissa,768,Sambalpur,768020,Jagruti Vihar burla
884,Orissa,768,Sambalpur,768019,Jyoti Vihar burla
884,Orissa,768,Sambalpur,768003,Khetrajpur
884,Orissa,768,Sambalpur,768002,Mudipara
884,Orissa,768,Sambalpur,768118,Naktideul Ed
885,Orissa,768,Sundergarh,768228,Sole
886,Orissa,769,Sundergarh,769043,Jalda
886,Orissa,769,Sundergarh,769012,Uditnagar
886,Orissa,769,Sundergarh,769011,Rourkela - 11
886,Orissa,769,Sundergarh,769004,Vedvyas
886,Orissa,769,Sundergarh,769001,Rourkela
886,Orissa,769,Sundergarh,769007,Rourkela - 7
886,Orissa,769,Sundergarh,769042,Lahanda
886,Orissa,769,Sundergarh,769003,Sector - 7
886,Orissa,769,Sundergarh,769015,Rourkela - 15
886,Orissa,769,Sundergarh,769009,Rourkela - 9
886,Orissa,769,Sundergarh,769010,Rourkela - 10
886,Orissa,769,Sundergarh,769013,Rourkela - 13
886,Orissa,769,Sundergarh,769014,Rourkela - 14
886,Orissa,769,Sundergarh,769002,Sector - 6
886,Orissa,769,Sundergarh,769005,Rourkela - 5
886,Orissa,769,Sundergarh,769006,Sector - 2
886,Orissa,769,Sundergarh,769008,Rourkela - 8
886,Orissa,769,Sundergarh,769016,Rourkela -16
887,Orissa,770,Sundergarh,770033,Tarkera
887,Orissa,770,Sundergarh,770036,Udusu
887,Orissa,770,Sundergarh,770017,Ranibandha
887,Orissa,770,Sundergarh,770012,Telendihi
887,Orissa,770,Sundergarh,770020,Sanpatrapali
887,Orissa,770,Sundergarh,770016,Tudalaga
887,Orissa,770,Sundergarh,770018,Latalaga
887,Orissa,770,Sundergarh,770021,Sargipali
887,Orissa,770,Sundergarh,770015,Tileikani
887,Orissa,770,Sundergarh,770014,Tangargaon
887,Orissa,770,Sundergarh,770037,Tamra
887,Orissa,770,Sundergarh,770019,Remanda
887,Orissa,770,Sundergarh,770072,Zincnagar
887,Orissa,770,Sundergarh,770038,Talita
887,Orissa,770,Sundergarh,770022,Salangabud
887,Orissa,770,Sundergarh,770073,Pudajalanga
887,Orissa,770,Sundergarh,770031,Kalunga
887,Orissa,770,Sundergarh,770076,Tikilipara
887,Orissa,770,Sundergarh,770074,Tumlia
887,Orissa,770,Sundergarh,770051,Tikayatpali
887,Orissa,770,Sundergarh,770002,Tasladihi
887,Orissa,770,Sundergarh,770032,Loco Colony bandomunda
887,Orissa,770,Sundergarh,770035,Tainda
887,Orissa,770,Sundergarh,770041,Sashyakala
887,Orissa,770,Sundergarh,770075,Tangardihi
887,Orissa,770,Sundergarh,770011,Ujalpur
887,Orissa,770,Sundergarh,770024,Topria
887,Orissa,770,Sundergarh,770040,Tumkela
887,Orissa,770,Sundergarh,770043,Mayurdima
887,Orissa,770,Sundergarh,770034,Ushra Colony
887,Orissa,770,Sundergarh,770044,Sihidia
887,Orissa,770,Sundergarh,770001,Sundargarh Court
887,Orissa,770,Sundergarh,770048,Patmunda
887,Orissa,770,Sundergarh,770013,Sanghumunda
887,Orissa,770,Sundergarh,770039,Ratakhandi
887,Orissa,770,Sundergarh,770023,R.Kukuda
887,Orissa,770,Sundergarh,770046,Hatibari
887,Orissa,770,Sundergarh,770070,Tunmura
887,Orissa,770,Sundergarh,770052,Kalta
887,Orissa,770,Sundergarh,770042,Tensa
888,Punjab,140,Fatehgarh Sahib,140412,Nogawan
888,Punjab,140,Fatehgarh Sahib,140307,Majatri
888,Punjab,140,Fatehgarh Sahib,140407,Fatehgarh Sahib
888,Punjab,140,Fatehgarh Sahib,140413,Garangan
888,Punjab,140,Fatehgarh Sahib,140102,Sidhupur Kalan
888,Punjab,140,Fatehgarh Sahib,140101,Tajpura
888,Punjab,140,Fatehgarh Sahib,140112,Ratangarh-1
888,Punjab,140,Fatehgarh Sahib,140406,Talania
888,Punjab,140,Fatehgarh Sahib,140405,Sangatpur Sodhian
888,Punjab,140,Fatehgarh Sahib,140802,Sanghol
889,Punjab,140,Ludhiana,140802,Lohar Majra khurd
890,Punjab,140,Mohali,140103,Sotal
890,Punjab,140,Mohali,140413,Sakrulapur
890,Punjab,140,Mohali,140110,Siswan
890,Punjab,140,Mohali,140307,Rasanheri
890,Punjab,140,Mohali,140301,Tewar
890,Punjab,140,Mohali,140306,Saneta
890,Punjab,140,Mohali,140901,Rani Majra
890,Punjab,140,Mohali,140109,Kubaheri
890,Punjab,140,Mohali,140308,Sohana
890,Punjab,140,Mohali,140104,Sahauran
891,Punjab,140,Patiala,140406,Rupalheri
891,Punjab,140,Patiala,140701,Sehra
891,Punjab,140,Patiala,140405,Sainipur
891,Punjab,140,Patiala,140603,Zirakpur
891,Punjab,140,Patiala,140601,Ramgarh
891,Punjab,140,Patiala,140507,Rampur Sainia
891,Punjab,140,Patiala,140401,Ugani
891,Punjab,140,Patiala,140602,Urdan
891,Punjab,140,Patiala,140201,Mubarakpur
891,Punjab,140,Patiala,140501,Tiwana
891,Punjab,140,Patiala,140417,Untsar
891,Punjab,140,Patiala,140702,Sarala Kalan
891,Punjab,140,Patiala,140412,Khalaspur
892,Punjab,140,Ropar Rupnagar,140118,Anand Pur sahib
892,Punjab,140,Ropar Rupnagar,140111,Kheri Salabatpur
892,Punjab,140,Ropar Rupnagar,140119,Tibba Taparian
892,Punjab,140,Ropar Rupnagar,140108,Singh Bhagwantpur
892,Punjab,140,Ropar Rupnagar,140125,Pratap Nagar nangal
892,Punjab,140,Ropar Rupnagar,140102,Samana Kalan
892,Punjab,140,Ropar Rupnagar,140117,Thana
892,Punjab,140,Ropar Rupnagar,140126,Swamipur
892,Punjab,140,Ropar Rupnagar,140112,Sandhwan
892,Punjab,140,Ropar Rupnagar,140101,Saheri
892,Punjab,140,Ropar Rupnagar,140133,Khamera
892,Punjab,140,Ropar Rupnagar,140114,Gardley
892,Punjab,140,Ropar Rupnagar,140001,Thermal Plant colony ropar
892,Punjab,140,Ropar Rupnagar,140124,Nangal Township
892,Punjab,140,Ropar Rupnagar,140123,Thaluh
892,Punjab,140,Ropar Rupnagar,140113,Nuhon Colony ropar
892,Punjab,140,Ropar Rupnagar,140116,Paharpur Samloh
892,Punjab,140,Ropar Rupnagar,140115,Massewal
893,Punjab,141,Ludhiana,141003,Shimlapuri
893,Punjab,141,Ludhiana,141402,A.S.college(khanna)
893,Punjab,141,Ludhiana,141105,Tossey
893,Punjab,141,Ludhiana,141001,Sidhpeeth
893,Punjab,141,Ludhiana,141104,Sudhar
893,Punjab,141,Ludhiana,141116,Sarih
893,Punjab,141,Ludhiana,141414,Nasrali
893,Punjab,141,Ludhiana,141401,Rohno Kalan
893,Punjab,141,Ludhiana,141108,Rajgarh
893,Punjab,141,Ludhiana,141203,Narangwal
893,Punjab,141,Ludhiana,141107,Rajoana Kalan
893,Punjab,141,Ludhiana,141008,Shivpuri
893,Punjab,141,Ludhiana,141119,Sihan Daud
893,Punjab,141,Ludhiana,141412,Daheru
893,Punjab,141,Ludhiana,141205,Rangowal
893,Punjab,141,Ludhiana,141202,Phalewal
893,Punjab,141,Ludhiana,141416,Payal
893,Punjab,141,Ludhiana,141411,Raipur Majri
893,Punjab,141,Ludhiana,141013,Passi Nagar
893,Punjab,141,Ludhiana,141110,Purain
893,Punjab,141,Ludhiana,141007,Noorwala
893,Punjab,141,Ludhiana,141418,Saya Kalan
893,Punjab,141,Ludhiana,141121,Sherpur Bet
893,Punjab,141,Ludhiana,141112,Kohara
893,Punjab,141,Ludhiana,141114,Shamspur
893,Punjab,141,Ludhiana,141109,Talwandi Rai
893,Punjab,141,Ludhiana,141102,Issewal
893,Punjab,141,Ludhiana,141415,Sirthala
893,Punjab,141,Ludhiana,141206,Shankar
893,Punjab,141,Ludhiana,141421,Rupalon
893,Punjab,141,Ludhiana,141120,Tibba
893,Punjab,141,Ludhiana,141422,Raqba
893,Punjab,141,Ludhiana,141126,Sri Bhaini sahib
893,Punjab,141,Ludhiana,141417,Seh
893,Punjab,141,Ludhiana,141801,Shamaspur Singhan
893,Punjab,141,Ludhiana,141113,Uppal
893,Punjab,141,Ludhiana,141204,Pohiar
893,Punjab,141,Ludhiana,141014,Dhandari Kalan
893,Punjab,141,Ludhiana,141413,Sihaura
893,Punjab,141,Ludhiana,141101,Rurka
893,Punjab,141,Ludhiana,141010,Moti Nagar
893,Punjab,141,Ludhiana,141419,Ghudani Kalan
893,Punjab,141,Ludhiana,141124,Neelon Kalan
893,Punjab,141,Ludhiana,141006,Gne College
893,Punjab,141,Ludhiana,141106,Halwara Aerodrome
893,Punjab,141,Ludhiana,141115,Takhran
893,Punjab,141,Ludhiana,141117,Sihar
893,Punjab,141,Ludhiana,141122,Sangowal
893,Punjab,141,Ludhiana,141125,Sihala
893,Punjab,141,Ludhiana,141015,Mundian Kalan
893,Punjab,141,Ludhiana,141103,Mohie
893,Punjab,141,Ludhiana,141201,Kila Raipur
893,Punjab,141,Ludhiana,141016,Lohora
893,Punjab,141,Ludhiana,141002,New Model town
893,Punjab,141,Ludhiana,141004,P.A.u.
893,Punjab,141,Ludhiana,141012,Rajguru Nagar
893,Punjab,141,Ludhiana,141123,Sahibana
894,Punjab,142,Firozpur,142044,Shianpari
894,Punjab,142,Firozpur,142052,Wara Bhai ka
894,Punjab,142,Firozpur,142041,Talwandi Mallian
894,Punjab,142,Firozpur,142047,Zira
894,Punjab,142,Firozpur,142050,Wara Waryam singh
894,Punjab,142,Firozpur,142060,Mudki
894,Punjab,142,Firozpur,142043,Shah Abu bakkar
895,Punjab,142,Ludhiana,142026,Sujapur
895,Punjab,142,Ludhiana,142027,Malakpur
895,Punjab,142,Ludhiana,142021,Threekey
895,Punjab,142,Ludhiana,142033,Tihara
895,Punjab,142,Ludhiana,142024,Sidhwan Khurd
895,Punjab,142,Ludhiana,142037,Pherurain
895,Punjab,142,Ludhiana,142034,Manuke
895,Punjab,142,Ludhiana,142025,Talwandi Khurd
895,Punjab,142,Ludhiana,142030,Roomi
895,Punjab,142,Ludhiana,142035,Rasulpur
895,Punjab,142,Ludhiana,142022,Thakarwal
895,Punjab,142,Ludhiana,142029,Mansuran
895,Punjab,142,Ludhiana,142036,Sherpur Kalan
895,Punjab,142,Ludhiana,142023,Tuggal
895,Punjab,142,Ludhiana,142031,Lakha
896,Punjab,142,Moga,142053,Takhan Wadh
896,Punjab,142,Moga,142038,Rajeana
896,Punjab,142,Moga,142042,Pandori Arian
896,Punjab,142,Moga,142037,Raoke Kalan
896,Punjab,142,Moga,142011,Mehron
896,Punjab,142,Moga,142039,Raman
896,Punjab,142,Moga,142001,Tarewala
896,Punjab,142,Moga,142048,Thaman Wala
896,Punjab,142,Moga,142040,Ramuwala Nawan
896,Punjab,142,Moga,142054,Purana Wala
896,Punjab,142,Moga,142043,Qadarwala
896,Punjab,142,Moga,142055,Takhupura
896,Punjab,142,Moga,142046,Patto Hira singh
896,Punjab,142,Moga,142051,Fatehgarh Panjtoor
896,Punjab,142,Moga,142057,Tharaj
896,Punjab,142,Moga,142056,Ranian
896,Punjab,142,Moga,142049,Varoke
896,Punjab,142,Moga,142045,Raunta
897,Punjab,143,Amritsar,143502,Waryam Nangal
897,Punjab,143,Amritsar,143101,Raja Sansi
897,Punjab,143,Amritsar,143301,Panjwar
897,Punjab,143,Amritsar,143102,Uggar Aulakh
897,Punjab,143,Amritsar,143116,Vairowal Vawian
897,Punjab,143,Amritsar,143419,Rattoke Gurudwara
897,Punjab,143,Amritsar,143412,Ratta Gudda
897,Punjab,143,Amritsar,143111,Thothian
897,Punjab,143,Amritsar,143001,Sultan Wind gate
897,Punjab,143,Amritsar,143114,Udhonangal
897,Punjab,143,Amritsar,143108,Vanike
897,Punjab,143,Amritsar,143006,Majith Mandi
897,Punjab,143,Amritsar,143201,Wadalkalan
897,Punjab,143,Amritsar,143504,Uddoke
897,Punjab,143,Amritsar,143401,Vainboin
897,Punjab,143,Amritsar,143303,Sugga
897,Punjab,143,Amritsar,143202,Sur Singh
897,Punjab,143,Amritsar,143601,Wadala Viram
897,Punjab,143,Amritsar,143204,Jodhe
897,Punjab,143,Amritsar,143406,Vachhoa
897,Punjab,143,Amritsar,143117,Viring
897,Punjab,143,Amritsar,143411,Usman
897,Punjab,143,Amritsar,143416,Varnala
897,Punjab,143,Amritsar,143305,Wan Tara singh
897,Punjab,143,Amritsar,143105,Wadali Guru
897,Punjab,143,Amritsar,143407,Munda Pind
897,Punjab,143,Amritsar,143118,Marjinpura
897,Punjab,143,Amritsar,143107,Ram Tirath
897,Punjab,143,Amritsar,143119,Tmmowal
897,Punjab,143,Amritsar,143409,Warah
897,Punjab,143,Amritsar,143110,Tut
897,Punjab,143,Amritsar,143112,Uppal
897,Punjab,143,Amritsar,143306,Bsf Campus bhikhiwind
897,Punjab,143,Amritsar,143203,Sheran Bagga
897,Punjab,143,Amritsar,143205,Sathiala
897,Punjab,143,Amritsar,143022,Warpal
897,Punjab,143,Amritsar,143414,S.A.khan
897,Punjab,143,Amritsar,143408,Ruriwala
897,Punjab,143,Amritsar,143103,Tera Kalan
897,Punjab,143,Amritsar,143410,Thatha
897,Punjab,143,Amritsar,143010,Pratapnagar
897,Punjab,143,Amritsar,143115,Taragarh
897,Punjab,143,Amritsar,143422,Manak Dheke
897,Punjab,143,Amritsar,143008,Sjs Avenue
897,Punjab,143,Amritsar,143009,Thathgarh
897,Punjab,143,Amritsar,143501,Verka
897,Punjab,143,Amritsar,143113,Wadal Johal
897,Punjab,143,Amritsar,143415,Sheikh
897,Punjab,143,Amritsar,143106,Wadala Bhittewad
897,Punjab,143,Amritsar,143603,Ramdass
897,Punjab,143,Amritsar,143005,Guru Nanak dev university
897,Punjab,143,Amritsar,143003,Sangna
897,Punjab,143,Amritsar,143002,Khalsa College
897,Punjab,143,Amritsar,143004,Khanna Nagar
897,Punjab,143,Amritsar,143007,Kot Atma ram
897,Punjab,143,Amritsar,143104,Rs Mills
897,Punjab,143,Amritsar,143417,Sabhra
897,Punjab,143,Amritsar,143413,Valtoha
897,Punjab,143,Amritsar,143026,Vijayanagar
898,Punjab,143,Gurdaspur,143505,Wadala Banger
898,Punjab,143,Gurdaspur,143511,Sarwali
898,Punjab,143,Gurdaspur,143507,Talwandi Lal singh
898,Punjab,143,Gurdaspur,143517,Nanowal Jinder
898,Punjab,143,Gurdaspur,143527,Tugalwala
898,Punjab,143,Gurdaspur,143531,Talibpur Pandori
898,Punjab,143,Gurdaspur,143530,Tibri
898,Punjab,143,Gurdaspur,143529,Tibber
898,Punjab,143,Gurdaspur,143520,Sohal
898,Punjab,143,Gurdaspur,143534,Taragarh
898,Punjab,143,Gurdaspur,143515,Srihargobindpur
898,Punjab,143,Gurdaspur,143512,Rudiana
898,Punjab,143,Gurdaspur,143506,Wadala Granthia
898,Punjab,143,Gurdaspur,143532,Dodwan
898,Punjab,143,Gurdaspur,143604,Udhowali Khurd
898,Punjab,143,Gurdaspur,143525,Marara
898,Punjab,143,Gurdaspur,143519,Zaffarwal
898,Punjab,143,Gurdaspur,143513,Villa Teja
898,Punjab,143,Gurdaspur,143514,Villa Baijju
898,Punjab,143,Gurdaspur,143533,Jharoli
898,Punjab,143,Gurdaspur,143528,Saidowal Khurd
898,Punjab,143,Gurdaspur,143521,Parbodh Chander nagar
898,Punjab,143,Gurdaspur,143518,Seikhwan
898,Punjab,143,Gurdaspur,143516,Qadian
898,Punjab,143,Gurdaspur,143605,Shikar
898,Punjab,143,Gurdaspur,143526,Sale Chak
898,Punjab,143,Gurdaspur,143602,Sarchur
899,Punjab,144,Hoshiarpur,144214,Umarpur
899,Punjab,144,Hoshiarpur,144520,Thowana
899,Punjab,144,Hoshiarpur,144404,Todarpur
899,Punjab,144,Hoshiarpur,144302,Miani
899,Punjab,144,Hoshiarpur,144207,Rupowal
899,Punjab,144,Hoshiarpur,144424,Ramgarh Sikri
899,Punjab,144,Hoshiarpur,144405,Dihana
899,Punjab,144,Hoshiarpur,144528,Satnaur
899,Punjab,144,Hoshiarpur,144205,Usman Shaheed
899,Punjab,144,Hoshiarpur,144105,Talwandi Arayan
899,Punjab,144,Hoshiarpur,144206,Kukanet
899,Punjab,144,Hoshiarpur,144203,Zahura
899,Punjab,144,Hoshiarpur,144208,Kotlanaudh Singh
899,Punjab,144,Hoshiarpur,144306,Mehtabpur
899,Punjab,144,Hoshiarpur,144527,Ror Mazara
899,Punjab,144,Hoshiarpur,144519,Thinda
899,Punjab,144,Hoshiarpur,144223,Rampur Haler
899,Punjab,144,Hoshiarpur,144213,Sansarpur
899,Punjab,144,Hoshiarpur,144529,Saila Khurd
899,Punjab,144,Hoshiarpur,144523,Nainwan
899,Punjab,144,Hoshiarpur,144216,Talwara Village
899,Punjab,144,Hoshiarpur,144210,Khiala Bulanda
899,Punjab,144,Hoshiarpur,144221,Seeprian
899,Punjab,144,Hoshiarpur,144212,Rajpur Gahot
899,Punjab,144,Hoshiarpur,144532,Dhamai
899,Punjab,144,Hoshiarpur,144209,Patial
899,Punjab,144,Hoshiarpur,144222,Karari
899,Punjab,144,Hoshiarpur,144305,Khunkhun Kalan
899,Punjab,144,Hoshiarpur,144530,Rampur Jhanjowal
899,Punjab,144,Hoshiarpur,144211,Tranglian
899,Punjab,144,Hoshiarpur,144304,Tahli
899,Punjab,144,Hoshiarpur,144531,Posi
899,Punjab,144,Hoshiarpur,144204,Urmar
900,Punjab,144,Jalandhar,144103,Kandola
900,Punjab,144,Jalandhar,144102,Ucha
900,Punjab,144,Jalandhar,144041,Umarwal Billa
900,Punjab,144,Jalandhar,144008,Ram Nagar
900,Punjab,144,Jalandhar,144106,Sarobad
900,Punjab,144,Jalandhar,144301,Sikandarpur
900,Punjab,144,Jalandhar,144416,Massani
900,Punjab,144,Jalandhar,144002,Manjit Nagar
900,Punjab,144,Jalandhar,144418,Samrai
900,Punjab,144,Jalandhar,144012,Reru
900,Punjab,144,Jalandhar,144040,Tut Kalan
900,Punjab,144,Jalandhar,144021,Basti Bawa khel
900,Punjab,144,Jalandhar,144001,Shakti Nagar
900,Punjab,144,Jalandhar,144302,Kishanpur
900,Punjab,144,Jalandhar,144201,Sanaura
900,Punjab,144,Jalandhar,144039,Uppal Jagir
900,Punjab,144,Jalandhar,144003,Wadala
900,Punjab,144,Jalandhar,144419,Thalla
900,Punjab,144,Jalandhar,144101,Talhan
900,Punjab,144,Jalandhar,144409,Sargundi
900,Punjab,144,Jalandhar,144006,Pap Lines jalandhar cantt
900,Punjab,144,Jalandhar,144025,Sheikhe Pind
900,Punjab,144,Jalandhar,144805,Sarai Khas
900,Punjab,144,Jalandhar,144701,Rupewali
900,Punjab,144,Jalandhar,144029,Ratinda
900,Punjab,144,Jalandhar,144028,Lallian
900,Punjab,144,Jalandhar,144009,Chogittie
900,Punjab,144,Jalandhar,144023,Dakoha
900,Punjab,144,Jalandhar,144104,Daroli Khurd
900,Punjab,144,Jalandhar,144010,Dhanowali
900,Punjab,144,Jalandhar,144502,Dosanj Kalan
900,Punjab,144,Jalandhar,144004,Sodal Road jal
900,Punjab,144,Jalandhar,144511,Raipur Dhaba
900,Punjab,144,Jalandhar,144022,Urban Estate
900,Punjab,144,Jalandhar,144410,Tehang
900,Punjab,144,Jalandhar,144013,Nagra
900,Punjab,144,Jalandhar,144005,Sadar Bazar jalandhar cantt
900,Punjab,144,Jalandhar,144303,Sadana
900,Punjab,144,Jalandhar,144020,Udhopur
900,Punjab,144,Jalandhar,144030,Padhiana
900,Punjab,144,Jalandhar,144026,Tajpur
900,Punjab,144,Jalandhar,144801,Rahimpur
900,Punjab,144,Jalandhar,144024,Sofi Pind
900,Punjab,144,Jalandhar,144007,Nangal Shama
900,Punjab,144,Jalandhar,144629,Phul Gudewal
900,Punjab,144,Jalandhar,144403,M R d pura
900,Punjab,144,Jalandhar,144417,Phambra
900,Punjab,144,Jalandhar,144011,Rec Jalandhar
900,Punjab,144,Jalandhar,144027,Suranussi Od
900,Punjab,144,Jalandhar,144014,Tower Town colony
901,Punjab,144,Kapurthala,144623,Uggi
901,Punjab,144,Kapurthala,144601,Wadala Kalan
901,Punjab,144,Kapurthala,144621,Jaid
901,Punjab,144,Kapurthala,144622,Sher Singh wala
901,Punjab,144,Kapurthala,144402,Satnampura
901,Punjab,144,Kapurthala,144203,Talwandi Sanghera
901,Punjab,144,Kapurthala,144702,Talwandi Buttian
901,Punjab,144,Kapurthala,144401,Thaper Colony phagwara
901,Punjab,144,Kapurthala,144629,Usafpur Darewal
901,Punjab,144,Kapurthala,144403,Ranipur
901,Punjab,144,Kapurthala,144044,Sidhwan R.s.
901,Punjab,144,Kapurthala,144407,Rehana Jattan
901,Punjab,144,Kapurthala,144804,Surkhpur
901,Punjab,144,Kapurthala,144033,Wazooha Khurd
901,Punjab,144,Kapurthala,144405,Sahni
901,Punjab,144,Kapurthala,144620,Sheikhupur
901,Punjab,144,Kapurthala,144034,Sunner Kalan
901,Punjab,144,Kapurthala,144036,Thamanwal
901,Punjab,144,Kapurthala,144632,Sarhali
901,Punjab,144,Kapurthala,144043,Tahli
901,Punjab,144,Kapurthala,144630,Talwandi Bhairon
901,Punjab,144,Kapurthala,144628,Tibba
901,Punjab,144,Kapurthala,144042,Sharakpur
901,Punjab,144,Kapurthala,144624,Talwara
901,Punjab,144,Kapurthala,144032,Samrai
901,Punjab,144,Kapurthala,144626,Sultanpur Lodhi
901,Punjab,144,Kapurthala,144311,Rorkee
901,Punjab,144,Kapurthala,144803,Kudowal
901,Punjab,144,Kapurthala,144819,Raipur Pir bux wala
901,Punjab,144,Kapurthala,144802,Subhanpur
901,Punjab,144,Kapurthala,144035,Partappura
901,Punjab,144,Kapurthala,144806,Pattar Kalan
901,Punjab,144,Kapurthala,144625,Talwandi Madho
901,Punjab,144,Kapurthala,144631,Nangal Lubana
901,Punjab,144,Kapurthala,144037,Pharwala
901,Punjab,144,Kapurthala,144408,Panchhat
901,Punjab,144,Kapurthala,144602,Rail Coach factory
901,Punjab,144,Kapurthala,144031,Rurka Kalan
901,Punjab,144,Kapurthala,144038,Talwan
901,Punjab,144,Kapurthala,144606,Talwandi Chaudharian
902,Punjab,144,Nawanshahr,144521,Udhanwal
902,Punjab,144,Nawanshahr,144514,Saloh
902,Punjab,144,Nawanshahr,144513,Rasulpur
902,Punjab,144,Nawanshahr,144533,Rel
902,Punjab,144,Nawanshahr,144417,Aur
902,Punjab,144,Nawanshahr,144526,Simbal Majara
902,Punjab,144,Nawanshahr,144522,Nighi
902,Punjab,144,Nawanshahr,144505,Thanian
902,Punjab,144,Nawanshahr,144517,Rahon
902,Punjab,144,Nawanshahr,144508,Naura
902,Punjab,144,Nawanshahr,144516,Sauna
902,Punjab,144,Nawanshahr,144518,Mehrampur
902,Punjab,144,Nawanshahr,144524,Torowal
902,Punjab,144,Nawanshahr,144504,Langeri Jagirdaran
902,Punjab,144,Nawanshahr,144422,Urapar
902,Punjab,144,Nawanshahr,144503,Sandhwan
902,Punjab,144,Nawanshahr,144506,Surapur
902,Punjab,144,Nawanshahr,144512,Palli Uchi
902,Punjab,144,Nawanshahr,144421,Sahlon
902,Punjab,144,Nawanshahr,144507,Talwandi Fattu
902,Punjab,144,Nawanshahr,144525,Sahiba
902,Punjab,144,Nawanshahr,144515,Usmanpur
902,Punjab,144,Nawanshahr,144502,Sarhal Qazian
902,Punjab,144,Nawanshahr,144511,Dosanj Khurd
902,Punjab,144,Nawanshahr,144510,Rampur
902,Punjab,144,Nawanshahr,144527,Goggon
902,Punjab,144,Nawanshahr,144532,Shimli
902,Punjab,144,Nawanshahr,144501,Sarhan Renuan
902,Punjab,144,Nawanshahr,144509,Lakhpur
902,Punjab,144,Nawanshahr,144024,Kot Kalan
902,Punjab,144,Nawanshahr,144029,Sheikhupur
903,Punjab,145,Gurdaspur,145001,Uchathara
903,Punjab,145,Gurdaspur,145027,Khojeke Chak
903,Punjab,145,Gurdaspur,145023,Sujanpur
903,Punjab,145,Gurdaspur,145022,Sarti
903,Punjab,145,Gurdaspur,145025,Sunder Chak
903,Punjab,145,Gurdaspur,145026,Narot Jailmal singh
903,Punjab,145,Gurdaspur,145021,Dharkalan
903,Punjab,145,Gurdaspur,145101,Nangal
903,Punjab,145,Gurdaspur,145029,Shahpur Kandi township
903,Punjab,145,Gurdaspur,145024,Tharial
904,Punjab,146,Hoshiarpur,146001,Tanuli
904,Punjab,146,Hoshiarpur,146111,Salempur
904,Punjab,146,Hoshiarpur,146102,Singhpur
904,Punjab,146,Hoshiarpur,146105,Mahilpur
904,Punjab,146,Hoshiarpur,146104,Sasoli
904,Punjab,146,Hoshiarpur,146023,Bajwara
904,Punjab,146,Hoshiarpur,146101,Nangal Khurd
904,Punjab,146,Hoshiarpur,146021,Sadhu Ashram
904,Punjab,146,Hoshiarpur,146115,Pajjodeotta
904,Punjab,146,Hoshiarpur,146113,Sikri
904,Punjab,146,Hoshiarpur,146103,Thakrowal
904,Punjab,146,Hoshiarpur,146112,Rajpur Bhayian
904,Punjab,146,Hoshiarpur,146110,Mehlanwali
904,Punjab,146,Hoshiarpur,146024,Mustapur
904,Punjab,146,Hoshiarpur,146022,Taragarh
904,Punjab,146,Hoshiarpur,146109,Tuto Mazara
904,Punjab,146,Hoshiarpur,146106,Nangal Kalan
904,Punjab,146,Hoshiarpur,146116,Sarhala Mundian
904,Punjab,146,Hoshiarpur,146107,Paldi
904,Punjab,146,Hoshiarpur,146108,Sarhala Khurd
904,Punjab,146,Hoshiarpur,146114,Nandachaur
905,Punjab,147,Fatehgarh Sahib,147203,Tibbi
905,Punjab,147,Fatehgarh Sahib,147301,Shahpur
906,Punjab,147,Patiala,147111,Roshanpur
906,Punjab,147,Patiala,147001,Tiet
906,Punjab,147,Patiala,147201,Thuhi
906,Punjab,147,Patiala,147105,Taipur
906,Punjab,147,Patiala,147102,Sadharanpur
906,Punjab,147,Patiala,147101,Talwandi Malik
906,Punjab,147,Patiala,147103,Sanaur
906,Punjab,147,Patiala,147004,Tripri
906,Punjab,147,Patiala,147104,Tohra
906,Punjab,147,Patiala,147003,Gurbax Colony
906,Punjab,147,Patiala,147005,Majithia Enclave
906,Punjab,147,Patiala,147301,Mandigobindgarh
906,Punjab,147,Patiala,147002,Urben Estate
907,Punjab,147,Sangrur,147204,Mehsampur
908,Punjab,148,Mansa,148109,Ralla
909,Punjab,148,Sangrur,148021,Rohira
909,Punjab,148,Sangrur,148026,Sakraudi
909,Punjab,148,Sangrur,148022,Mullabadha
909,Punjab,148,Sangrur,148027,Pakki Khanauri
909,Punjab,148,Sangrur,148105,Pandher
909,Punjab,148,Sangrur,148106,Sliet Longowal
909,Punjab,148,Sangrur,148001,Uppli
909,Punjab,148,Sangrur,148024,Sr Dhuri
909,Punjab,148,Sangrur,148101,Thikriwala
909,Punjab,148,Sangrur,148025,Tibba
909,Punjab,148,Sangrur,148100,Tallewal
909,Punjab,148,Sangrur,148031,Sangatpura
909,Punjab,148,Sangrur,148028,Sunam City
909,Punjab,148,Sangrur,148033,Shadihari
909,Punjab,148,Sangrur,148034,Saron
909,Punjab,148,Sangrur,148102,Talwandi
909,Punjab,148,Sangrur,148030,Ugrahan
909,Punjab,148,Sangrur,148019,Kup Kalan
909,Punjab,148,Sangrur,148023,Saraud
909,Punjab,148,Sangrur,148104,Sehbajpura
909,Punjab,148,Sangrur,148035,Sulargharat
909,Punjab,148,Sangrur,148108,Ugoke
909,Punjab,148,Sangrur,148107,Rure Ke kalan
909,Punjab,148,Sangrur,148020,Shergar Cheema
909,Punjab,148,Sangrur,148103,Shaina
910,Punjab,151,Bathinda,151201,Virk Khurd
910,Punjab,151,Bathinda,151107,Salabatpura
910,Punjab,151,Bathinda,151104,Sailbrah
910,Punjab,151,Bathinda,151501,Ranghrial
910,Punjab,151,Bathinda,151102,Poohli
910,Punjab,151,Bathinda,151103,Rampura Phul
910,Punjab,151,Bathinda,151001,Teona
910,Punjab,151,Bathinda,151401,Sangat
910,Punjab,151,Bathinda,151301,Sekhu
910,Punjab,151,Bathinda,151004,Bathinda Cantt
910,Punjab,151,Bathinda,151005,Sirki Bazar
910,Punjab,151,Bathinda,151302,Teona Pujarian
910,Punjab,151,Bathinda,151206,Siryewala
910,Punjab,151,Bathinda,151106,Gumti Kalan
910,Punjab,151,Bathinda,151101,Tung Wali
910,Punjab,151,Bathinda,151509,Ram Nagar
910,Punjab,151,Bathinda,151002,Sevian
910,Punjab,151,Bathinda,151111,Lehra Mohabbat
910,Punjab,151,Bathinda,151003,Nfl Bathinda
911,Punjab,151,Faridkot,151203,Tehna
911,Punjab,151,Faridkot,151207,Sibian
911,Punjab,151,Faridkot,151205,Wara Bhai ka
911,Punjab,151,Faridkot,151208,Wandar
911,Punjab,151,Faridkot,151202,Rorikapura
911,Punjab,151,Faridkot,151212,Seerwali
911,Punjab,151,Faridkot,151204,Sarawan
911,Punjab,151,Faridkot,151209,Wara Daraka
912,Punjab,151,Mansa,151506,Moffar
912,Punjab,151,Mansa,151507,Sardulgarh
912,Punjab,151,Mansa,151502,Phaphre Bhaike
912,Punjab,151,Mansa,151505,Udit Bhagat ram
912,Punjab,151,Mansa,151503,Uddat Saidewala
912,Punjab,151,Mansa,151504,Samaon
912,Punjab,151,Mansa,151501,Dharampura
912,Punjab,151,Mansa,151508,Ubha
912,Punjab,151,Mansa,151509,Maur Mandi
913,Punjab,151,Muktsar,151210,Urang
913,Punjab,151,Muktsar,151211,Warring Khera
914,Punjab,152,Firozpur,152116,Waryam Khera
914,Punjab,152,Firozpur,152022,Sohangarh Thakkran
914,Punjab,152,Firozpur,152001,Sadar Bazar
914,Punjab,152,Firozpur,152024,Panje Ke uttar
914,Punjab,152,Firozpur,152021,Sudh Singh wala
914,Punjab,152,Firozpur,152124,Tahliwala Jattan
914,Punjab,152,Firozpur,152121,Shatirwala
914,Punjab,152,Firozpur,152117,Ramgarh
914,Punjab,152,Firozpur,152128,Sayadwala
914,Punjab,152,Firozpur,152004,Toot
914,Punjab,152,Firozpur,152122,Roharian Wali
914,Punjab,152,Firozpur,152123,Wool Market fazilka
914,Punjab,152,Firozpur,152132,Usman Khera
914,Punjab,152,Firozpur,152003,Khai Pheme ki
914,Punjab,152,Firozpur,152033,Ratta Khera
914,Punjab,152,Firozpur,152002,Sabzi Mandi ferozepur city
914,Punjab,152,Firozpur,152023,Tibbi Khurd
914,Punjab,152,Firozpur,152028,Talwandi Jallekhan
915,Punjab,152,Moga,152028,Khosa Randhir
916,Punjab,152,Muktsar,152114,Tappa Khera
916,Punjab,152,Muktsar,152026,Udekaran
916,Punjab,152,Muktsar,152025,Sure Wala
916,Punjab,152,Muktsar,152113,Singhewala
916,Punjab,152,Muktsar,152112,Tarkhan Wala
916,Punjab,152,Muktsar,152032,Tamkot
916,Punjab,152,Muktsar,152107,Virk Khera
916,Punjab,152,Muktsar,152115,Tarmala
916,Punjab,152,Muktsar,152101,Tharaj Wala
916,Punjab,152,Muktsar,152031,Sukhana Ablu
917,Punjab,160,Mohali,160103,Naya Gaon
917,Punjab,160,Mohali,160055,Sector 56  chandigarh
917,Punjab,160,Mohali,160059,Sector 60 chandigarh
917,Punjab,160,Mohali,160062,Sector 67 chandigarh
917,Punjab,160,Mohali,160071,Sector 71  chandigarh
918,Rajasthan,301,Alwar,301401,Sihalikalan
918,Rajasthan,301,Alwar,301001,Vijai Mandir
918,Rajasthan,301,Alwar,301035,Salwari
918,Rajasthan,301,Alwar,301027,Samra
918,Rajasthan,301,Alwar,301024,Kherkheri Kalan
918,Rajasthan,301,Alwar,301703,Talwana
918,Rajasthan,301,Alwar,301712,Nangal Salia
918,Rajasthan,301,Alwar,301412,Shamda
918,Rajasthan,301,Alwar,301026,Khilora
918,Rajasthan,301,Alwar,301713,Maharajawas
918,Rajasthan,301,Alwar,301411,Tizara
918,Rajasthan,301,Alwar,301405,Veersingh Pur
918,Rajasthan,301,Alwar,301028,Untwal
918,Rajasthan,301,Alwar,301030,Salpur
918,Rajasthan,301,Alwar,301414,Poonkher
918,Rajasthan,301,Alwar,301404,Vallabhgram
918,Rajasthan,301,Alwar,301701,Gadoj
918,Rajasthan,301,Alwar,301714,Sanoli
918,Rajasthan,301,Alwar,301406,Prithvipura
918,Rajasthan,301,Alwar,301410,Tilwar
918,Rajasthan,301,Alwar,301408,Vabeli
918,Rajasthan,301,Alwar,301407,Sheopur
918,Rajasthan,301,Alwar,301402,Shyampura
918,Rajasthan,301,Alwar,301413,Todanagar
918,Rajasthan,301,Alwar,301021,Sadhka
918,Rajasthan,301,Alwar,301020,Kolila
918,Rajasthan,301,Alwar,301709,Khohar
918,Rajasthan,301,Alwar,301025,Rasgaon
918,Rajasthan,301,Alwar,301702,Ujoli
918,Rajasthan,301,Alwar,301409,Tehtra
918,Rajasthan,301,Alwar,301022,Thanagazi
918,Rajasthan,301,Alwar,301019,Shahdod
918,Rajasthan,301,Alwar,301707,Tapukara
918,Rajasthan,301,Alwar,301427,Sodawas
918,Rajasthan,301,Alwar,301706,Shahjahanpur
918,Rajasthan,301,Alwar,301704,Partapur
918,Rajasthan,301,Alwar,301604,Semla Khurd
918,Rajasthan,301,Alwar,301705,Rodwal
918,Rajasthan,301,Alwar,301403,Patalia
918,Rajasthan,301,Alwar,301023,Itarana Alwar
918,Rajasthan,301,Alwar,301018,Silarpur
918,Rajasthan,301,Alwar,301708,Siryani
918,Rajasthan,301,Alwar,301416,Rampur
919,Rajasthan,302,Jaipur,302005,Vitta Bhawan
919,Rajasthan,302,Jaipur,302001,Rajasthan State hotel
919,Rajasthan,302,Jaipur,302011,Airport Sanganer
919,Rajasthan,302,Jaipur,302006,Station Road
919,Rajasthan,302,Jaipur,302013,Vishwakarma Industrial area
919,Rajasthan,302,Jaipur,302023,Vidhyadhar Nagar
919,Rajasthan,302,Jaipur,302028,Toda Meena
919,Rajasthan,302,Jaipur,302018,Durgapura
919,Rajasthan,302,Jaipur,302002,Tripolia Bazar
919,Rajasthan,302,Jaipur,302004,Tilak Nagar
919,Rajasthan,302,Jaipur,302015,S.D.m.hospitial
919,Rajasthan,302,Jaipur,302016,Sindhi Colony
919,Rajasthan,302,Jaipur,302026,Thikariya
919,Rajasthan,302,Jaipur,302012,Sirsi
919,Rajasthan,302,Jaipur,302027,Saiwar
919,Rajasthan,302,Jaipur,302003,Ramganj Bazar
919,Rajasthan,302,Jaipur,302032,Harmada
919,Rajasthan,302,Jaipur,302024,Heerapura
919,Rajasthan,302,Jaipur,302025,Jagatpura
919,Rajasthan,302,Jaipur,302029,Sanganer Bazar
919,Rajasthan,302,Jaipur,302017,"Sector 11,12 malviya nagar"
919,Rajasthan,302,Jaipur,302020,S.F.s.mansarovar
919,Rajasthan,302,Jaipur,302033,Sector-11 Pratap nagar
919,Rajasthan,302,Jaipur,302019,Shyam Nagar
919,Rajasthan,302,Jaipur,302022,Sitapura Industrial area
919,Rajasthan,302,Jaipur,302021,Vaishali Nagar
920,Rajasthan,303,Dausa,303326,Sikandra
920,Rajasthan,303,Dausa,303502,Ghumna
920,Rajasthan,303,Dausa,303315,Sudharanpada
920,Rajasthan,303,Dausa,303303,Surajpura
920,Rajasthan,303,Dausa,303510,Shyampura Kalan
920,Rajasthan,303,Dausa,303313,Unbadagaon
920,Rajasthan,303,Dausa,303323,Muhi
920,Rajasthan,303,Dausa,303325,Titarwada Kalan
920,Rajasthan,303,Dausa,303503,Thuni Dhirajpura
920,Rajasthan,303,Dausa,303304,Reta
920,Rajasthan,303,Dausa,303305,Hansmahal
920,Rajasthan,303,Dausa,303507,Udawala
920,Rajasthan,303,Dausa,303327,Shabdawali
920,Rajasthan,303,Dausa,303501,Torda
920,Rajasthan,303,Dausa,303004,Rajwas
920,Rajasthan,303,Dausa,303504,Toda Thekla
920,Rajasthan,303,Dausa,303509,Udaipuria
920,Rajasthan,303,Dausa,303505,Rahuwas
920,Rajasthan,303,Dausa,303511,Salempura
920,Rajasthan,303,Dausa,303506,Thumdi
920,Rajasthan,303,Dausa,303508,Sikrai
921,Rajasthan,303,Jaipur,303329,A C jobner
921,Rajasthan,303,Jaipur,303908,Theekariya Meena
921,Rajasthan,303,Jaipur,303002,Rajpurawas Tala
921,Rajasthan,303,Jaipur,303007,Rampura Unti
921,Rajasthan,303,Jaipur,303338,Ugariwas
921,Rajasthan,303,Jaipur,303901,Thoomli Ka bas
921,Rajasthan,303,Jaipur,303801,Sandarsar
921,Rajasthan,303,Jaipur,303804,Tigaria
921,Rajasthan,303,Jaipur,303601,Radawas
921,Rajasthan,303,Jaipur,303120,Tala
921,Rajasthan,303,Jaipur,303712,Nangal Turkan
921,Rajasthan,303,Jaipur,303001,Tholai
921,Rajasthan,303,Jaipur,303119,Luhakna Khurd
921,Rajasthan,303,Jaipur,303331,Asalpur
921,Rajasthan,303,Jaipur,303602,Turkyawas
921,Rajasthan,303,Jaipur,303903,Yaarlipura
921,Rajasthan,303,Jaipur,303103,Shahpura
921,Rajasthan,303,Jaipur,303305,Rajpura
921,Rajasthan,303,Jaipur,303603,Surmalikpur
921,Rajasthan,303,Jaipur,303805,Sewapura
921,Rajasthan,303,Jaipur,303105,Suklawas
921,Rajasthan,303,Jaipur,303109,Samred Kalan
921,Rajasthan,303,Jaipur,303806,Shivsinghpura
921,Rajasthan,303,Jaipur,303106,Torda Kalan
921,Rajasthan,303,Jaipur,303302,Toonga
921,Rajasthan,303,Jaipur,303301,Toda Bhata
921,Rajasthan,303,Jaipur,303706,Pachar
921,Rajasthan,303,Jaipur,303102,Virat Nagar
921,Rajasthan,303,Jaipur,303328,Sinodiya
921,Rajasthan,303,Jaipur,303107,Sujatnagar
921,Rajasthan,303,Jaipur,303110,Rajnauta
921,Rajasthan,303,Jaipur,303003,Teori
921,Rajasthan,303,Jaipur,303701,Raghunathpura
921,Rajasthan,303,Jaipur,303807,Udaipuria
921,Rajasthan,303,Jaipur,303704,Rambura Dabari
921,Rajasthan,303,Jaipur,303006,Madhorajpura
921,Rajasthan,303,Jaipur,303010,Bichoon
921,Rajasthan,303,Jaipur,303803,Singot Khurd
921,Rajasthan,303,Jaipur,303104,Veelpur
921,Rajasthan,303,Jaipur,303012,Sumel
921,Rajasthan,303,Jaipur,303348,Srirampura
921,Rajasthan,303,Jaipur,303005,Phagi
921,Rajasthan,303,Jaipur,303108,Sunderpura
921,Rajasthan,303,Jaipur,303904,Peepla
921,Rajasthan,303,Jaipur,303702,Tankarda
921,Rajasthan,303,Jaipur,303905,Watika
921,Rajasthan,303,Jaipur,303008,Sirohi Kalan
921,Rajasthan,303,Jaipur,303009,Sanwali
921,Rajasthan,303,Jaipur,303604,Tyod
921,Rajasthan,303,Jaipur,303339,Manda Bhim singh
921,Rajasthan,303,Jaipur,303802,Tripolia Chomu
922,Rajasthan,304,Tonk,304023,Shop
922,Rajasthan,304,Tonk,304502,Uniara Khurd
922,Rajasthan,304,Tonk,304804,Rajmahal
922,Rajasthan,304,Tonk,304503,Morla
922,Rajasthan,304,Tonk,304802,Tonkrawas
922,Rajasthan,304,Tonk,304001,Wazirpura
922,Rajasthan,304,Tonk,304501,Kalmanda
922,Rajasthan,304,Tonk,304801,Sandera
922,Rajasthan,304,Tonk,304025,Titonli(badagaon)
922,Rajasthan,304,Tonk,304024,Uniara
922,Rajasthan,304,Tonk,304022,Sunara
922,Rajasthan,304,Tonk,304505,Todarai Singh
922,Rajasthan,304,Tonk,304021,Sohela
922,Rajasthan,304,Tonk,304507,Titaria
922,Rajasthan,304,Tonk,304504,Soda Baori
922,Rajasthan,304,Tonk,304803,Sanwatgarh
922,Rajasthan,304,Tonk,304020,Newai Rs
923,Rajasthan,305,Ajmer,305008,Nagra Ajmer
923,Rajasthan,305,Ajmer,305801,Thal
923,Rajasthan,305,Ajmer,305005,Kharkheri
923,Rajasthan,305,Ajmer,305404,Sunpa
923,Rajasthan,305,Ajmer,305001,Shastri Nagar
923,Rajasthan,305,Ajmer,305601,Singhawal
923,Rajasthan,305,Ajmer,305813,Sironj
923,Rajasthan,305,Ajmer,305207,Nagelao
923,Rajasthan,305,Ajmer,305405,Sankariya
923,Rajasthan,305,Ajmer,305819,Karkeri
923,Rajasthan,305,Ajmer,305206,Tabiji
923,Rajasthan,305,Ajmer,305922,Saroth
923,Rajasthan,305,Ajmer,305901,Suhawa
923,Rajasthan,305,Ajmer,305811,Narwar
923,Rajasthan,305,Ajmer,305203,Mangliawas
923,Rajasthan,305,Ajmer,305926,Roop Nagar arnali
923,Rajasthan,305,Ajmer,305925,Suredia
923,Rajasthan,305,Ajmer,305025,Tihari
923,Rajasthan,305,Ajmer,305415,Salari
923,Rajasthan,305,Ajmer,305401,Rajosi
923,Rajasthan,305,Ajmer,305407,Tankawas
923,Rajasthan,305,Ajmer,305621,Paranga
923,Rajasthan,305,Ajmer,305622,Surkhand
923,Rajasthan,305,Ajmer,305412,Siyar
923,Rajasthan,305,Ajmer,305623,Shyamgarh
923,Rajasthan,305,Ajmer,305814,Tyod
923,Rajasthan,305,Ajmer,305403,Satolav
923,Rajasthan,305,Ajmer,305023,Untra
923,Rajasthan,305,Ajmer,305624,Bijainagar R.s
923,Rajasthan,305,Ajmer,305205,Raj Garh
923,Rajasthan,305,Ajmer,305408,Taswaria
923,Rajasthan,305,Ajmer,305204,Rampura Dabla
923,Rajasthan,305,Ajmer,305812,Patan
923,Rajasthan,305,Ajmer,305004,Vaishali Nagar ajmer
923,Rajasthan,305,Ajmer,305022,Tilora
923,Rajasthan,305,Ajmer,305802,Udaipur Kalan
923,Rajasthan,305,Ajmer,305007,Pal Beesla ajmer
923,Rajasthan,305,Ajmer,305003,Somalpur
923,Rajasthan,305,Ajmer,305927,Nai Kalan
923,Rajasthan,305,Ajmer,305202,Rudlai
923,Rajasthan,305,Ajmer,305201,Leeswa
923,Rajasthan,305,Ajmer,305625,Lodiyana
923,Rajasthan,305,Ajmer,305012,Mss Hatundi
923,Rajasthan,305,Ajmer,305406,Lasadia
923,Rajasthan,305,Ajmer,305002,Makhupura
923,Rajasthan,305,Ajmer,305627,Tantoti
923,Rajasthan,305,Ajmer,305402,Tilana
923,Rajasthan,305,Ajmer,305021,Khori
923,Rajasthan,305,Ajmer,305815,Tityari
923,Rajasthan,305,Ajmer,305923,Taragarh Dandholi
923,Rajasthan,305,Ajmer,305024,Rasoolpura
923,Rajasthan,305,Ajmer,305924,Todgarh
923,Rajasthan,305,Ajmer,305009,Mds University ajmer
923,Rajasthan,305,Ajmer,305816,Tiloniya
924,Rajasthan,305,Nagaur,305026,Thanwala
925,Rajasthan,305,Rajsamand,305921,Togi
926,Rajasthan,306,Pali,306302,Talkiya
926,Rajasthan,306,Pali,306103,Sojat  road
926,Rajasthan,306,Pali,306504,Nana
926,Rajasthan,306,Pali,306102,Toonkra
926,Rajasthan,306,Pali,306703,Sumer
926,Rajasthan,306,Pali,306301,Kekindra
926,Rajasthan,306,Pali,306602,Chanod
926,Rajasthan,306,Pali,306303,Sangawas
926,Rajasthan,306,Pali,306104,Surayta
926,Rajasthan,306,Pali,306021,Januda
926,Rajasthan,306,Pali,306902,Sumerpur Krishi upaj mandi
926,Rajasthan,306,Pali,306708,Sindru
926,Rajasthan,306,Pali,306101,Sumel
926,Rajasthan,306,Pali,306305,Nimbera- Kalan
926,Rajasthan,306,Pali,306502,Wandar
926,Rajasthan,306,Pali,306105,Mesiya
926,Rajasthan,306,Pali,306114,Piplad
926,Rajasthan,306,Pali,306709,Rabriyawas
926,Rajasthan,306,Pali,306912,Tagatgarh
926,Rajasthan,306,Pali,306701,Sela
926,Rajasthan,306,Pali,306422,Koorna
926,Rajasthan,306,Pali,306308,Nimbol
926,Rajasthan,306,Pali,306901,Novi
926,Rajasthan,306,Pali,306307,Sabalpura
926,Rajasthan,306,Pali,306503,Thakurla
926,Rajasthan,306,Pali,306702,Sindharli
926,Rajasthan,306,Pali,306001,Sinla
926,Rajasthan,306,Pali,306706,Sesli
926,Rajasthan,306,Pali,306306,Sandiya
926,Rajasthan,306,Pali,306022,Sansari
926,Rajasthan,306,Pali,306421,Rohat R.s.
926,Rajasthan,306,Pali,306707,Sewari
926,Rajasthan,306,Pali,306115,Vidhyawari
926,Rajasthan,306,Pali,306401,Sonai Manji
926,Rajasthan,306,Pali,306705,Sheotalao
926,Rajasthan,306,Pali,306601,Varkana
926,Rajasthan,306,Pali,306126,Perwa
926,Rajasthan,306,Pali,306023,Thakurwas
926,Rajasthan,306,Pali,306304,Raipur  marwar
926,Rajasthan,306,Pali,306603,Sanwalta
926,Rajasthan,306,Pali,306116,Falna Village
926,Rajasthan,306,Pali,306501,Sapooni
926,Rajasthan,306,Pali,306119,Saleriya
926,Rajasthan,306,Pali,306704,Ghanerao
926,Rajasthan,306,Pali,306106,Kantaliya
926,Rajasthan,306,Pali,306027,Seeriyari
927,Rajasthan,307,Jalor,307030,Valdara
927,Rajasthan,307,Jalor,307029,Vedia
927,Rajasthan,307,Jalor,307803,Thoor
927,Rajasthan,307,Jalor,307515,Rajikawas
928,Rajasthan,307,Sirohi,307026,Vasda
928,Rajasthan,307,Sirohi,307501,Utraj
928,Rajasthan,307,Sirohi,307510,Shantivan
928,Rajasthan,307,Sirohi,307022,Verwara
928,Rajasthan,307,Sirohi,307028,Rowada
928,Rajasthan,307,Sirohi,307512,Sanpur
928,Rajasthan,307,Sirohi,307025,Binanigram
928,Rajasthan,307,Sirohi,307511,Udwaria
928,Rajasthan,307,Sirohi,307043,Van
928,Rajasthan,307,Sirohi,307027,Sheoganj Subji mandi
928,Rajasthan,307,Sirohi,307001,Vellangari
928,Rajasthan,307,Sirohi,307513,Sorda
928,Rajasthan,307,Sirohi,307801,Varada
928,Rajasthan,307,Sirohi,307514,Varman
928,Rajasthan,307,Sirohi,307019,Jkpuram
928,Rajasthan,307,Sirohi,307023,Sarupganj
928,Rajasthan,307,Sirohi,307024,Vatera
928,Rajasthan,307,Sirohi,307802,Tanwari
928,Rajasthan,307,Sirohi,307021,Sirohi Road
929,Rajasthan,307,Udaipur,307025,Sandraf
930,Rajasthan,310,Alwar,310029,Dariba Project
931,Rajasthan,311,Bhilwara,311402,Tunka
931,Rajasthan,311,Bhilwara,311029,Agucha
931,Rajasthan,311,Bhilwara,311204,Shambhugarh
931,Rajasthan,311,Bhilwara,311607,Akola
931,Rajasthan,311,Bhilwara,311026,Sirdiyas
931,Rajasthan,311,Bhilwara,311025,Swaroopganj
931,Rajasthan,311,Bhilwara,311605,Titoda Tehla
931,Rajasthan,311,Bhilwara,311804,Thana
931,Rajasthan,311,Bhilwara,311001,Udliyas
931,Rajasthan,311,Bhilwara,311405,Amli
931,Rajasthan,311,Bhilwara,311404,Tehnal
931,Rajasthan,311,Bhilwara,311801,Soniyana
931,Rajasthan,311,Bhilwara,311602,Uma Ji ka kheda
931,Rajasthan,311,Bhilwara,311023,Sangria
931,Rajasthan,311,Bhilwara,311301,Tiloli
931,Rajasthan,311,Bhilwara,311802,Sethuria
931,Rajasthan,311,Bhilwara,311401,Sardarnagar
931,Rajasthan,311,Bhilwara,311021,Taswariya
931,Rajasthan,311,Bhilwara,311302,Shekhawas
931,Rajasthan,311,Bhilwara,311202,Titodi
931,Rajasthan,311,Bhilwara,311203,Ullela
931,Rajasthan,311,Bhilwara,311604,Srinagar
931,Rajasthan,311,Bhilwara,311408,Upreda
931,Rajasthan,311,Bhilwara,311024,Sodar
931,Rajasthan,311,Bhilwara,311403,Santokpura
931,Rajasthan,311,Bhilwara,311030,Tumkarwar
931,Rajasthan,311,Bhilwara,311603,Swaipur
931,Rajasthan,311,Bhilwara,311803,Umari
931,Rajasthan,311,Bhilwara,311601,Suras
931,Rajasthan,311,Bhilwara,311407,Taswaria
931,Rajasthan,311,Bhilwara,311201,Uncha
931,Rajasthan,311,Bhilwara,311805,Ullai
931,Rajasthan,311,Bhilwara,311303,Daulatgarh
931,Rajasthan,311,Bhilwara,311012,Gurlan
931,Rajasthan,311,Bhilwara,311022,Hurda
931,Rajasthan,311,Bhilwara,311806,Surawas
931,Rajasthan,311,Bhilwara,311028,Mangrop
931,Rajasthan,311,Bhilwara,311810,Potlan
931,Rajasthan,311,Bhilwara,311013,Sanganer
932,Rajasthan,312,Chittorgarh,312615,Veerawali
932,Rajasthan,312,Chittorgarh,312605,Veerpur
932,Rajasthan,312,Chittorgarh,312203,Upreda
932,Rajasthan,312,Chittorgarh,312622,Adityapuram
932,Rajasthan,312,Chittorgarh,312001,Senthi
932,Rajasthan,312,Chittorgarh,312205,Umand
932,Rajasthan,312,Chittorgarh,312024,Sangesara
932,Rajasthan,312,Chittorgarh,312404,Sangria
932,Rajasthan,312,Chittorgarh,312022,Sonagar
932,Rajasthan,312,Chittorgarh,312604,Swaroopganj
932,Rajasthan,312,Chittorgarh,312613,Unthel
932,Rajasthan,312,Chittorgarh,312621,Pandawa
932,Rajasthan,312,Chittorgarh,312202,Uchnarkhurd
932,Rajasthan,312,Chittorgarh,312402,Semlia Peela khera
932,Rajasthan,312,Chittorgarh,312620,Unkliya
932,Rajasthan,312,Chittorgarh,312612,Shabhupura
932,Rajasthan,312,Chittorgarh,312602,Potlajagir
932,Rajasthan,312,Chittorgarh,312204,Usrol
932,Rajasthan,312,Chittorgarh,312601,Sarsi
932,Rajasthan,312,Chittorgarh,312401,Mahuda
932,Rajasthan,312,Chittorgarh,312023,Thukrai
932,Rajasthan,312,Chittorgarh,312901,Undwa
932,Rajasthan,312,Chittorgarh,312614,Nannana
932,Rajasthan,312,Chittorgarh,312207,Singhpur
932,Rajasthan,312,Chittorgarh,312616,Untakheda
932,Rajasthan,312,Chittorgarh,312623,Thada
932,Rajasthan,312,Chittorgarh,312403,Satola
932,Rajasthan,312,Chittorgarh,312206,Sihana
932,Rajasthan,312,Chittorgarh,312603,Sadalkhera
932,Rajasthan,312,Chittorgarh,312026,Bijaipur
932,Rajasthan,312,Chittorgarh,312021,Sainik School
932,Rajasthan,312,Chittorgarh,312201,Surpur
932,Rajasthan,312,Chittorgarh,312617,Kailash  nagar
932,Rajasthan,312,Chittorgarh,312606,Kanera
932,Rajasthan,312,Chittorgarh,312618,Salamgarh
933,Rajasthan,313,Rajsamand,313332,Tikar
933,Rajasthan,313,Rajsamand,313334,Tunkra
933,Rajasthan,313,Rajsamand,313323,Pakhand
933,Rajasthan,313,Rajsamand,313331,Tal
933,Rajasthan,313,Rajsamand,313325,Taladari
933,Rajasthan,313,Rajsamand,313704,Tarpal
933,Rajasthan,313,Rajsamand,313324,Sundarcha
933,Rajasthan,313,Rajsamand,313341,Thikarwas
933,Rajasthan,313,Rajsamand,313301,Tantol
933,Rajasthan,313,Rajsamand,313322,Vati
933,Rajasthan,313,Rajsamand,313329,Sansera
933,Rajasthan,313,Rajsamand,313333,Umarwas
933,Rajasthan,313,Rajsamand,313321,Usar
933,Rajasthan,313,Rajsamand,313342,T F kankroli
933,Rajasthan,313,Rajsamand,313202,Shishvi
933,Rajasthan,313,Rajsamand,313327,Rinchhed
933,Rajasthan,313,Rajsamand,313211,Rajpura
933,Rajasthan,313,Rajsamand,313206,Morath
933,Rajasthan,313,Rajsamand,313330,Panotia
933,Rajasthan,313,Rajsamand,313207,Pachhamata
933,Rajasthan,313,Rajsamand,313328,Lapsia
933,Rajasthan,313,Rajsamand,313338,Mohi
934,Rajasthan,313,Udaipur,313601,Vallabhnagar
934,Rajasthan,313,Udaipur,313611,Tothada
934,Rajasthan,313,Udaipur,313804,Sundra
934,Rajasthan,313,Udaipur,313702,Vass
934,Rajasthan,313,Udaipur,313703,Wali
934,Rajasthan,313,Udaipur,313604,Sarangpura
934,Rajasthan,313,Udaipur,313031,Sisarma
934,Rajasthan,313,Udaipur,313701,Upreta
934,Rajasthan,313,Udaipur,313038,Sheshpur
934,Rajasthan,313,Udaipur,313602,Vana
934,Rajasthan,313,Udaipur,313026,Tokar
934,Rajasthan,313,Udaipur,313905,Veerpura
934,Rajasthan,313,Udaipur,313803,Suveri
934,Rajasthan,313,Udaipur,313705,Surajgarh
934,Rajasthan,313,Udaipur,313203,Vadiyar
934,Rajasthan,313,Udaipur,313802,Ugamna Kotra
934,Rajasthan,313,Udaipur,313027,Toda
934,Rajasthan,313,Udaipur,313902,Thana
934,Rajasthan,313,Udaipur,313603,Saleda
934,Rajasthan,313,Udaipur,313801,Tidi
934,Rajasthan,313,Udaipur,313011,Thoor
934,Rajasthan,313,Udaipur,313025,Bari Tb (s)
934,Rajasthan,313,Udaipur,313708,Teja Ka was
934,Rajasthan,313,Udaipur,313024,Zinc Smelter
934,Rajasthan,313,Udaipur,313204,Wanri
934,Rajasthan,313,Udaipur,313003,Udaipur Industrial area
934,Rajasthan,313,Udaipur,313605,Sihar
934,Rajasthan,313,Udaipur,313001,Udaipur University campus
934,Rajasthan,313,Udaipur,313201,Veerdholia
934,Rajasthan,313,Udaipur,313903,Surkhand Ka khera
934,Rajasthan,313,Udaipur,313205,Vasni Kalan
934,Rajasthan,313,Udaipur,313015,Umaramines
934,Rajasthan,313,Udaipur,313904,Chawand
934,Rajasthan,313,Udaipur,313022,Nandwel
934,Rajasthan,313,Udaipur,313901,Zawar Mines
934,Rajasthan,313,Udaipur,313206,Sanwar
934,Rajasthan,313,Udaipur,313704,Sayra
934,Rajasthan,313,Udaipur,313002,Udaipur H magri
935,Rajasthan,314,Dungarpur,314024,Padwa
935,Rajasthan,314,Dungarpur,314021,Tokwasa
935,Rajasthan,314,Dungarpur,314030,Tamboliya
935,Rajasthan,314,Dungarpur,314801,Talaiya
935,Rajasthan,314,Dungarpur,314037,Surata
935,Rajasthan,314,Dungarpur,314025,Sagwara Bazar
935,Rajasthan,314,Dungarpur,314036,Vassi
935,Rajasthan,314,Dungarpur,314035,Ubli
935,Rajasthan,314,Dungarpur,314403,Simalwara
935,Rajasthan,314,Dungarpur,314034,Thoorkipal
935,Rajasthan,314,Dungarpur,314031,Vandarved
935,Rajasthan,314,Dungarpur,314804,Thana
935,Rajasthan,314,Dungarpur,314406,Rajpur
935,Rajasthan,314,Dungarpur,314402,Vedsa
935,Rajasthan,314,Dungarpur,314011,Vagdari
935,Rajasthan,314,Dungarpur,314401,Virat
935,Rajasthan,314,Dungarpur,314038,Vasunder Chhoti
935,Rajasthan,314,Dungarpur,314029,Varda
935,Rajasthan,314,Dungarpur,314404,Vikasnagar
935,Rajasthan,314,Dungarpur,314022,Valai
935,Rajasthan,314,Dungarpur,314001,Wer
935,Rajasthan,314,Dungarpur,314027,Suraj Gaon
935,Rajasthan,314,Dungarpur,314032,Vamasa
935,Rajasthan,314,Dungarpur,314026,Silohi
935,Rajasthan,314,Dungarpur,314028,Punali
936,Rajasthan,321,Alwar,321605,Titpuri
936,Rajasthan,321,Alwar,321607,Toda
936,Rajasthan,321,Alwar,321633,Mauj Pur
936,Rajasthan,321,Alwar,321606,Sonkheri
936,Rajasthan,321,Alwar,321006,Kherli Mandi
937,Rajasthan,321,Bharatpur,321202,Tamrer
937,Rajasthan,321,Bharatpur,321411,Samogar
937,Rajasthan,321,Bharatpur,321001,Undra
937,Rajasthan,321,Bharatpur,321025,Takha
937,Rajasthan,321,Bharatpur,321303,Uncha Gaom
937,Rajasthan,321,Bharatpur,321022,Udaka
937,Rajasthan,321,Bharatpur,321614,Utarda
937,Rajasthan,321,Bharatpur,321024,Teski
937,Rajasthan,321,Bharatpur,321615,Pathena
937,Rajasthan,321,Bharatpur,321407,Salempur Khurd
937,Rajasthan,321,Bharatpur,321602,Unch
937,Rajasthan,321,Bharatpur,321302,Veerampura
937,Rajasthan,321,Bharatpur,321201,Ushrani
937,Rajasthan,321,Bharatpur,321028,Shekhpur
937,Rajasthan,321,Bharatpur,321203,Syorawali
937,Rajasthan,321,Bharatpur,321026,Murwara
937,Rajasthan,321,Bharatpur,321023,Unchera
937,Rajasthan,321,Bharatpur,321408,Weir Town
937,Rajasthan,321,Bharatpur,321409,Salempur Kalan
937,Rajasthan,321,Bharatpur,321405,Turtipura
937,Rajasthan,321,Bharatpur,321403,Sirrond
937,Rajasthan,321,Bharatpur,321021,Pipla
937,Rajasthan,321,Bharatpur,321301,Pichuna
937,Rajasthan,321,Bharatpur,321402,Rudawal
937,Rajasthan,321,Bharatpur,321406,Suhari
937,Rajasthan,321,Bharatpur,321401,Thana Tang
937,Rajasthan,321,Bharatpur,321205,Thoon
937,Rajasthan,321,Bharatpur,321204,Ubhaka
937,Rajasthan,321,Bharatpur,321642,Sarsena
937,Rajasthan,321,Bharatpur,321410,Soopa
937,Rajasthan,321,Bharatpur,321404,Rundh
937,Rajasthan,321,Bharatpur,321603,Gadauli
937,Rajasthan,321,Bharatpur,321601,Pali
937,Rajasthan,321,Bharatpur,321305,Ludhawai
938,Rajasthan,321,Dausa,321608,Vishala
938,Rajasthan,321,Dausa,321609,Reendali
938,Rajasthan,321,Dausa,321613,Unkroond
938,Rajasthan,321,Dausa,321612,Santha
939,Rajasthan,321,Karauli,321611,Todabhim
939,Rajasthan,321,Karauli,321610,Sankarwada
940,Rajasthan,322,Dausa,322240,Talchidi
941,Rajasthan,322,Karauli,322218,Vapoti
941,Rajasthan,322,Karauli,322251,Rodhai
941,Rajasthan,322,Karauli,322241,Tulsipura
941,Rajasthan,322,Karauli,322243,Toda
941,Rajasthan,322,Karauli,322216,Tesgaon
941,Rajasthan,322,Karauli,322204,Sop
941,Rajasthan,322,Karauli,322238,Urden
941,Rajasthan,322,Karauli,322249,Sasedi
941,Rajasthan,322,Karauli,322202,Nimoda R s
941,Rajasthan,322,Karauli,322230,Vajna Kalan
941,Rajasthan,322,Karauli,322215,Salavad
941,Rajasthan,322,Karauli,322255,Shaikhpura
941,Rajasthan,322,Karauli,322203,Narauli Dang
941,Rajasthan,322,Karauli,322242,Siloti
941,Rajasthan,322,Karauli,322252,Tali
941,Rajasthan,322,Karauli,322213,Timawa
941,Rajasthan,322,Karauli,322220,Shrimahaveerji
941,Rajasthan,322,Karauli,322236,Vijaypura
941,Rajasthan,322,Karauli,322212,Garhmoran
941,Rajasthan,322,Karauli,322254,Thigharia
941,Rajasthan,322,Karauli,322033,Hadoti
941,Rajasthan,322,Karauli,322234,Vajeda
941,Rajasthan,322,Karauli,322219,Saingarpura
942,Rajasthan,322,Sawai Madhopur,322701,Lorwara
942,Rajasthan,322,Sawai Madhopur,322001,Sherpur Pssk
942,Rajasthan,322,Sawai Madhopur,322201,Udaikalan
942,Rajasthan,322,Sawai Madhopur,322027,Sunari
942,Rajasthan,322,Sawai Madhopur,322025,Talwada
942,Rajasthan,322,Sawai Madhopur,322021,Sawaimadhopur Town
942,Rajasthan,322,Sawai Madhopur,322212,Sukar
942,Rajasthan,322,Sawai Madhopur,322703,Tapur
942,Rajasthan,322,Sawai Madhopur,322218,Aruda Pssk
942,Rajasthan,322,Sawai Madhopur,322034,Selu
942,Rajasthan,322,Sawai Madhopur,322702,Rajmana
942,Rajasthan,322,Sawai Madhopur,322211,Tundila
942,Rajasthan,322,Sawai Madhopur,322023,Udgaon
942,Rajasthan,322,Sawai Madhopur,322205,Piloda
942,Rajasthan,322,Sawai Madhopur,322214,Sundery
942,Rajasthan,322,Sawai Madhopur,322219,Wazirpur
942,Rajasthan,322,Sawai Madhopur,322028,Morpa
942,Rajasthan,322,Sawai Madhopur,322029,Shayampura
942,Rajasthan,322,Sawai Madhopur,322024,Shesha
942,Rajasthan,322,Sawai Madhopur,322033,Malarna R s
942,Rajasthan,322,Sawai Madhopur,322202,Toksi
942,Rajasthan,322,Sawai Madhopur,322026,Rampura Pssk
942,Rajasthan,322,Sawai Madhopur,322215,Datasuti P t
942,Rajasthan,322,Sawai Madhopur,322030,Taranpur
942,Rajasthan,322,Sawai Madhopur,322220,Rendayal Gurjar
942,Rajasthan,322,Sawai Madhopur,322704,Shiwar
942,Rajasthan,322,Sawai Madhopur,322243,Maharajpura
942,Rajasthan,322,Sawai Madhopur,322204,Mandal
942,Rajasthan,322,Sawai Madhopur,322203,Narayanpur Tatwara
942,Rajasthan,322,Sawai Madhopur,322242,Piprani Pssk
943,Rajasthan,323,Bundi,323024,Soran
943,Rajasthan,323,Bundi,323603,Utharana
943,Rajasthan,323,Bundi,323803,Talwas
943,Rajasthan,323,Bundi,323001,Thikarda
943,Rajasthan,323,Bundi,323021,Talera
943,Rajasthan,323,Bundi,323022,Namana
943,Rajasthan,323,Bundi,323604,Sumerganj Mandi
943,Rajasthan,323,Bundi,323613,Mohanpura
943,Rajasthan,323,Bundi,323301,Roteda
943,Rajasthan,323,Bundi,323801,Suwania
943,Rajasthan,323,Bundi,323802,Sahan
943,Rajasthan,323,Bundi,323025,Vijaygarh
943,Rajasthan,323,Bundi,323602,Tirath
943,Rajasthan,323,Bundi,323023,Sahaspuriya
943,Rajasthan,323,Bundi,323302,Jawharsagar Dam
943,Rajasthan,323,Bundi,323601,Kesoraipatan
943,Rajasthan,323,Bundi,323615,Lakheri Gaon
944,Rajasthan,323,Chittorgarh,323303,Anushakti
944,Rajasthan,323,Chittorgarh,323307,Mohana
944,Rajasthan,323,Chittorgarh,323304,Tambolia
944,Rajasthan,323,Chittorgarh,323306,Vikramgarh
944,Rajasthan,323,Chittorgarh,323305,Rawatbhatta  bazar
945,Rajasthan,324,Kota,324002,Wegan Repair colony kota
945,Rajasthan,324,Kota,324001,Subhash Marg kota
945,Rajasthan,324,Kota,324007,Small Ind.estate kota
945,Rajasthan,324,Kota,324010,Engineering College kota
945,Rajasthan,324,Kota,324006,Suraj Pole kota
945,Rajasthan,324,Kota,324008,Thermal Colony kota
945,Rajasthan,324,Kota,324004,Udyog Puri kota
945,Rajasthan,324,Kota,324003,Industerial Estate kota
945,Rajasthan,324,Kota,324005,Vigyan Nagar kota
946,Rajasthan,325,Baran,325218,Piplod
946,Rajasthan,325,Baran,325217,Shubhadra Colony
946,Rajasthan,325,Baran,325221,Sethkolu
946,Rajasthan,325,Baran,325202,Thikaria
946,Rajasthan,325,Baran,325209,Tam Khera
946,Rajasthan,325,Baran,325215,Ramgarh
946,Rajasthan,325,Baran,325223,Shergarh
946,Rajasthan,325,Baran,325206,Udpura
946,Rajasthan,325,Baran,325216,Sakrawada
946,Rajasthan,325,Baran,325205,Sundlak
946,Rajasthan,325,Baran,325220,Telni
946,Rajasthan,325,Baran,325222,Simli
946,Rajasthan,325,Baran,325219,Tancha
946,Rajasthan,325,Baran,325225,Harnaoda Shahji
946,Rajasthan,325,Baran,325207,Tulsan
947,Rajasthan,325,Kota,325001,Mawasa
947,Rajasthan,325,Kota,325204,Ummedpura
947,Rajasthan,325,Kota,325602,Sawan Bhadon
947,Rajasthan,325,Kota,325214,Luhawad
947,Rajasthan,325,Kota,325009,Talab
947,Rajasthan,325,Kota,325004,Shahnawda
947,Rajasthan,325,Kota,325208,Sarota
947,Rajasthan,325,Kota,325207,Moi Kalan
947,Rajasthan,325,Kota,325203,Ukalda
947,Rajasthan,325,Kota,325003,Umedpura
947,Rajasthan,325,Kota,325601,Vinod Khurd
947,Rajasthan,325,Kota,325201,Tathed
947,Rajasthan,325,Kota,325202,Mandeeta
948,Rajasthan,326,Baran,326502,Hingonia
948,Rajasthan,326,Baran,326529,Richhadia
949,Rajasthan,326,Chittorgarh,326501,Jawahar Nagar
950,Rajasthan,326,Jhalawar,326022,Thobariya Khurd
950,Rajasthan,326,Jhalawar,326035,Taraj
950,Rajasthan,326,Jhalawar,326003,Turkadia
950,Rajasthan,326,Jhalawar,326030,Sumar
950,Rajasthan,326,Jhalawar,326037,Todri Jagannath
950,Rajasthan,326,Jhalawar,326502,Stn Road bhawani mandi
950,Rajasthan,326,Jhalawar,326039,Umaria
950,Rajasthan,326,Jhalawar,326021,Ruparel
950,Rajasthan,326,Jhalawar,326512,Singhpur
950,Rajasthan,326,Jhalawar,326001,Mundla
950,Rajasthan,326,Jhalawar,326036,Sunwas
950,Rajasthan,326,Jhalawar,326515,Unhel Nagdev
950,Rajasthan,326,Jhalawar,326023,Titarwas
950,Rajasthan,326,Jhalawar,326501,Sri Chhhatar pur
950,Rajasthan,326,Jhalawar,326520,Binda Khedi
950,Rajasthan,326,Jhalawar,326513,Unhel
950,Rajasthan,326,Jhalawar,326034,Sherpur
950,Rajasthan,326,Jhalawar,326514,Tisai
950,Rajasthan,326,Jhalawar,326516,Sunari
951,Rajasthan,326,Kota,326520,Morak Gaon
951,Rajasthan,326,Kota,326510,Ruddha Kheda
951,Rajasthan,326,Kota,326519,Undwa
951,Rajasthan,326,Kota,326529,Khairabad
951,Rajasthan,326,Kota,326517,Morak
951,Rajasthan,326,Kota,326530,Suket
951,Rajasthan,326,Kota,326502,Sulia
952,Rajasthan,327,Banswara,327034,Tamtiya Rathor
952,Rajasthan,327,Banswara,327022,Umbada
952,Rajasthan,327,Banswara,327032,Vakhatpura
952,Rajasthan,327,Banswara,327605,Thikariya
952,Rajasthan,327,Banswara,327021,Mota Tanda
952,Rajasthan,327,Banswara,327023,Sanawasa
952,Rajasthan,327,Banswara,327031,Tamtiya
952,Rajasthan,327,Banswara,327602,Tandi Kalan
952,Rajasthan,327,Banswara,327025,Vajwanaia
952,Rajasthan,327,Banswara,327001,Upla Ghantala
952,Rajasthan,327,Banswara,327026,Mahidam
952,Rajasthan,327,Banswara,327801,Unkala
952,Rajasthan,327,Banswara,327601,Ummadgarhi
952,Rajasthan,327,Banswara,327608,Chhinch
952,Rajasthan,327,Banswara,327604,Surwania
952,Rajasthan,327,Banswara,327606,Suwala
952,Rajasthan,327,Banswara,327027,Sowaniya
952,Rajasthan,327,Banswara,327024,Partapur
953,Rajasthan,328,Dholpur,328041,Sohan
953,Rajasthan,328,Dholpur,328021,Umreh
953,Rajasthan,328,Dholpur,328027,Saipau
953,Rajasthan,328,Dholpur,328031,Sanora
953,Rajasthan,328,Dholpur,328022,Tajpur
953,Rajasthan,328,Dholpur,328024,Virondha
953,Rajasthan,328,Dholpur,328025,Singhawali
953,Rajasthan,328,Dholpur,328001,Udaibhan Ganj dholpur
953,Rajasthan,328,Dholpur,328029,Samor (marena)
953,Rajasthan,328,Dholpur,328023,Siyasat Nagar
953,Rajasthan,328,Dholpur,328030,Tehri
953,Rajasthan,328,Dholpur,328028,Visnoda
953,Rajasthan,328,Dholpur,328026,Sarmathura
953,Rajasthan,328,Dholpur,328035,Tasimo
954,Rajasthan,331,Bhilwara,331404,Kundgate Shahpura
955,Rajasthan,331,Bikaner,331801,Udrasar
955,Rajasthan,331,Bikaner,331803,Upni
955,Rajasthan,331,Bikaner,331811,Sudsar
956,Rajasthan,331,Churu,331802,Simsia
956,Rajasthan,331,Churu,331505,Ratnadesar
956,Rajasthan,331,Churu,331403,Udsar
956,Rajasthan,331,Churu,331504,Ranasar Bikan
956,Rajasthan,331,Churu,331304,Togawas
956,Rajasthan,331,Churu,331517,Utalad
956,Rajasthan,331,Churu,331001,Station Road churu
956,Rajasthan,331,Churu,331022,Tidiasar
956,Rajasthan,331,Churu,331507,Sujangarh Rs
956,Rajasthan,331,Churu,331518,Sarothia
956,Rajasthan,331,Churu,331303,Sulkhania
956,Rajasthan,331,Churu,331023,Thanmathoi
956,Rajasthan,331,Churu,331503,Gopalpura
956,Rajasthan,331,Churu,331506,Sitsar
956,Rajasthan,331,Churu,331411,Tolasar
956,Rajasthan,331,Churu,331301,Rampura Beri
956,Rajasthan,331,Churu,331305,Thirpali Bari
956,Rajasthan,331,Churu,331002,Somasisar
956,Rajasthan,331,Churu,331701,Sidhmukh
956,Rajasthan,331,Churu,331501,Dunkar
956,Rajasthan,331,Churu,331031,Satra
956,Rajasthan,331,Churu,331502,Dewani
956,Rajasthan,331,Churu,331021,Untawalia
956,Rajasthan,331,Churu,331402,Udasar Bidawtan
956,Rajasthan,331,Churu,331029,Sirsali
957,Rajasthan,331,Jhunjhunu,331025,Rampura
957,Rajasthan,331,Jhunjhunu,331026,Tamkore
957,Rajasthan,331,Jhunjhunu,331030,Mahansar
957,Rajasthan,331,Jhunjhunu,331027,Tain
957,Rajasthan,331,Jhunjhunu,331028,Pithusar
958,Rajasthan,331,Sikar,331024,Thedi
958,Rajasthan,331,Sikar,331033,Kayamsar
959,Rajasthan,332,Jhunjhunu,332716,Sefragunwar
959,Rajasthan,332,Jhunjhunu,332746,Shimala
960,Rajasthan,332,Sikar,332402,Sunderpura
960,Rajasthan,332,Sikar,332602,Samer
960,Rajasthan,332,Sikar,332701,Tatera
960,Rajasthan,332,Sikar,332315,Sanwloda Purohitan
960,Rajasthan,332,Sikar,332312,Sola
960,Rajasthan,332,Sikar,332303,Nabipura
960,Rajasthan,332,Sikar,332002,Pewa
960,Rajasthan,332,Sikar,332021,Puran Badi
960,Rajasthan,332,Sikar,332603,Simarla Pironka
960,Rajasthan,332,Sikar,332709,Tiwarikidhani
960,Rajasthan,332,Sikar,332401,Sankhu
960,Rajasthan,332,Sikar,332023,Sesam
960,Rajasthan,332,Sikar,332317,Roru Badi
960,Rajasthan,332,Sikar,332311,Singodra
960,Rajasthan,332,Sikar,332715,Vijaypura
960,Rajasthan,332,Sikar,332001,Sikar
960,Rajasthan,332,Sikar,332601,Rulana
960,Rajasthan,332,Sikar,332403,Trilokpura
960,Rajasthan,332,Sikar,332718,Ramsinghkidhani
960,Rajasthan,332,Sikar,332305,Sadinsar
960,Rajasthan,332,Sikar,332301,Tajsar
960,Rajasthan,332,Sikar,332411,Thikaria
960,Rajasthan,332,Sikar,332405,Ved Ki dhani
960,Rajasthan,332,Sikar,332708,Samrathpura
960,Rajasthan,332,Sikar,332316,Panlawa
960,Rajasthan,332,Sikar,332031,Yalsar
960,Rajasthan,332,Sikar,332024,Tarpura
960,Rajasthan,332,Sikar,332714,Sirohi
960,Rajasthan,332,Sikar,332742,Surera
960,Rajasthan,332,Sikar,332028,Sihot Badi
960,Rajasthan,332,Sikar,332025,Sangliya
960,Rajasthan,332,Sikar,332318,Narsas
960,Rajasthan,332,Sikar,332404,Tapiplya
960,Rajasthan,332,Sikar,332713,Puranabas
960,Rajasthan,332,Sikar,332703,Meirajanpura
960,Rajasthan,332,Sikar,332042,Tatanwa
960,Rajasthan,332,Sikar,332029,Tiroki Badi
960,Rajasthan,332,Sikar,332710,Umara
960,Rajasthan,332,Sikar,332706,Narsinghpuri
960,Rajasthan,332,Sikar,332027,Singhasan
960,Rajasthan,332,Sikar,332705,Toda
960,Rajasthan,332,Sikar,332702,Suliawas
960,Rajasthan,332,Sikar,332711,Nathakinangal
960,Rajasthan,332,Sikar,332302,Ramshisar
960,Rajasthan,332,Sikar,332406,Roopgarh
960,Rajasthan,332,Sikar,332719,Thoi
960,Rajasthan,332,Sikar,332026,Tunwa
960,Rajasthan,332,Sikar,332722,Shola
960,Rajasthan,332,Sikar,332721,Shyamgarh
960,Rajasthan,332,Sikar,332707,Surani
960,Rajasthan,332,Sikar,332304,Sekhisar
960,Rajasthan,332,Sikar,332041,Sutot
960,Rajasthan,332,Sikar,332712,Ratanpura
960,Rajasthan,332,Sikar,332030,Sujanpura
960,Rajasthan,332,Sikar,332307,Tihay
961,Rajasthan,333,Jhunjhunu,333001,Udas
961,Rajasthan,333,Jhunjhunu,333023,Pakori Dhani
961,Rajasthan,333,Jhunjhunu,333026,Swami Sehi
961,Rajasthan,333,Jhunjhunu,333029,Surajgarh Bazar
961,Rajasthan,333,Jhunjhunu,333021,Sithal
961,Rajasthan,333,Jhunjhunu,333027,Sari
961,Rajasthan,333,Jhunjhunu,333033,Ureeka
961,Rajasthan,333,Jhunjhunu,333501,Madhogarh
961,Rajasthan,333,Jhunjhunu,333503,Tyonda
961,Rajasthan,333,Jhunjhunu,333035,Narhar
961,Rajasthan,333,Jhunjhunu,333502,Sultana Ahiran
961,Rajasthan,333,Jhunjhunu,333801,Saraisurpura
961,Rajasthan,333,Jhunjhunu,333307,Udaipurwati
961,Rajasthan,333,Jhunjhunu,333704,Wahidpura
961,Rajasthan,333,Jhunjhunu,333025,Nalawa
961,Rajasthan,333,Jhunjhunu,333705,Pabana
961,Rajasthan,333,Jhunjhunu,333022,Raghunathpura
961,Rajasthan,333,Jhunjhunu,333031,V.V. pilani
961,Rajasthan,333,Jhunjhunu,333304,Jhajhar
961,Rajasthan,333,Jhunjhunu,333042,Nawalgarh Bazar
961,Rajasthan,333,Jhunjhunu,333516,Thali
961,Rajasthan,333,Jhunjhunu,333305,Niwai
961,Rajasthan,333,Jhunjhunu,333515,Sohali
961,Rajasthan,333,Jhunjhunu,333041,Siriyasar Kaklan
961,Rajasthan,333,Jhunjhunu,333024,Mohanpura
961,Rajasthan,333,Jhunjhunu,333030,Pharat
961,Rajasthan,333,Jhunjhunu,333308,Parasrampura
961,Rajasthan,333,Jhunjhunu,333032,Signore
961,Rajasthan,333,Jhunjhunu,333034,Udamandi
961,Rajasthan,333,Jhunjhunu,333053,Ponkh
961,Rajasthan,333,Jhunjhunu,333302,Mauta
961,Rajasthan,333,Jhunjhunu,333012,Titanwar
961,Rajasthan,333,Jhunjhunu,333303,Tonk Chhhilri
961,Rajasthan,333,Jhunjhunu,333701,Phooskhani
961,Rajasthan,333,Jhunjhunu,333707,Togara Khurd
961,Rajasthan,333,Jhunjhunu,333036,Tibabasai
961,Rajasthan,333,Jhunjhunu,333504,Tatija
961,Rajasthan,333,Jhunjhunu,333514,Teelawali
961,Rajasthan,333,Jhunjhunu,333011,Sonasar
961,Rajasthan,333,Jhunjhunu,333702,Dundlod
961,Rajasthan,333,Jhunjhunu,333028,Thincholi
961,Rajasthan,333,Jhunjhunu,333310,Pachlangi
961,Rajasthan,333,Jhunjhunu,333037,Papurana
962,Rajasthan,334,Bikaner,334001,Surjara
962,Rajasthan,334,Bikaner,334402,Udairamsar
962,Rajasthan,334,Bikaner,334802,Utmamdesar
962,Rajasthan,334,Bikaner,334604,Sherpura
962,Rajasthan,334,Bikaner,334202,Tejrasar
962,Rajasthan,334,Bikaner,334305,Ranjeetpura
962,Rajasthan,334,Bikaner,334601,Sodhwali
962,Rajasthan,334,Bikaner,334022,Udasar
962,Rajasthan,334,Bikaner,334803,Somalsar
962,Rajasthan,334,Bikaner,334004,Rcp Colony
962,Rajasthan,334,Bikaner,334801,Surpura
962,Rajasthan,334,Bikaner,334303,Nokhara
962,Rajasthan,334,Bikaner,334302,Sri Kolayat ji
962,Rajasthan,334,Bikaner,334603,Surnana
962,Rajasthan,334,Bikaner,334403,Bhinasar
962,Rajasthan,334,Bikaner,334006,Raj.Krishi vishwavidhyalaya
962,Rajasthan,334,Bikaner,334023,Siyasarchogan
962,Rajasthan,334,Bikaner,334021,Takhatpura
962,Rajasthan,334,Bikaner,334804,Saisar
962,Rajasthan,334,Bikaner,334201,Sowa
962,Rajasthan,334,Bikaner,334401,Gangashahar
962,Rajasthan,334,Bikaner,334602,Sahjrasar
962,Rajasthan,334,Bikaner,334003,Pawanpuri
963,Rajasthan,335,Hanumangarh,335803,Sanger
963,Rajasthan,335,Hanumangarh,335501,Utradabas
963,Rajasthan,335,Hanumangarh,335063,Vidyapeeth
963,Rajasthan,335,Hanumangarh,335513,Sherekan
963,Rajasthan,335,Hanumangarh,335802,Surewali
963,Rajasthan,335,Hanumangarh,335523,Toparia
963,Rajasthan,335,Hanumangarh,335503,Suratpura
963,Rajasthan,335,Hanumangarh,335064,Narayangarh
963,Rajasthan,335,Hanumangarh,335504,Ujjalwas
963,Rajasthan,335,Hanumangarh,335801,Karanisar Sahjipura
963,Rajasthan,335,Hanumangarh,335524,Thalarka
963,Rajasthan,335,Hanumangarh,335511,Sherpura
963,Rajasthan,335,Hanumangarh,335502,Raslana
963,Rajasthan,335,Hanumangarh,335526,Tibbi
963,Rajasthan,335,Hanumangarh,335512,Satipura
963,Rajasthan,335,Hanumangarh,335525,Talwara Jheel
964,Rajasthan,335,Sri Ganganagar,335062,Sadulshahar
964,Rajasthan,335,Sri Ganganagar,335701,Khokharanwali
964,Rajasthan,335,Sri Ganganagar,335027,Mohlan
964,Rajasthan,335,Sri Ganganagar,335804,Thukrana
964,Rajasthan,335,Sri Ganganagar,335051,Thandi
964,Rajasthan,335,Sri Ganganagar,335038,Sangetpura
964,Rajasthan,335,Sri Ganganagar,335025,Narsinghpura
964,Rajasthan,335,Sri Ganganagar,335073,Tejewala
964,Rajasthan,335,Sri Ganganagar,335704,Vilochia
964,Rajasthan,335,Sri Ganganagar,335041,Padampur
964,Rajasthan,335,Sri Ganganagar,335021,Sanwatsar
964,Rajasthan,335,Sri Ganganagar,335001,Sugar Factory
964,Rajasthan,335,Sri Ganganagar,335702,Sarupsar
964,Rajasthan,335,Sri Ganganagar,335022,Tatarsar
964,Rajasthan,335,Sri Ganganagar,335002,Udyog Vihar
964,Rajasthan,335,Sri Ganganagar,335023,Dhanoor
964,Rajasthan,335,Sri Ganganagar,335705,Sardargarh
964,Rajasthan,335,Sri Ganganagar,335039,Udsar
964,Rajasthan,335,Sri Ganganagar,335040,Srinagar
964,Rajasthan,335,Sri Ganganagar,335065,Nagrana
964,Rajasthan,335,Sri Ganganagar,335901,Sujawalpur
964,Rajasthan,335,Sri Ganganagar,335061,Ridmalsar
964,Rajasthan,335,Sri Ganganagar,335024,Zorawarpura
964,Rajasthan,335,Sri Ganganagar,335707,Rojari
964,Rajasthan,335,Sri Ganganagar,335703,Ramsinghpur
964,Rajasthan,335,Sri Ganganagar,335037,Sardpura Jiwan
964,Rajasthan,335,Sri Ganganagar,335771,Satrana
965,Rajasthan,341,Nagaur,341028,Tadas
965,Rajasthan,341,Nagaur,341305,Sagoobari
965,Rajasthan,341,Nagaur,341303,Supaka
965,Rajasthan,341,Nagaur,341510,Satlas
965,Rajasthan,341,Nagaur,341024,Nimbrichandawatan
965,Rajasthan,341,Nagaur,341506,Maulasar
965,Rajasthan,341,Nagaur,341022,Tanwara
965,Rajasthan,341,Nagaur,341513,Sensara
965,Rajasthan,341,Nagaur,341504,Sarnawara
965,Rajasthan,341,Nagaur,341508,Sabalpura
965,Rajasthan,341,Nagaur,341514,Sirasana
965,Rajasthan,341,Nagaur,341001,Unthwaliya
965,Rajasthan,341,Nagaur,341519,Shiv
965,Rajasthan,341,Nagaur,341319,Toshina
965,Rajasthan,341,Nagaur,341306,Sunari
965,Rajasthan,341,Nagaur,341302,Serani Ki dhani
965,Rajasthan,341,Nagaur,341518,Medas
965,Rajasthan,341,Nagaur,341031,Tehla
965,Rajasthan,341,Nagaur,341501,Sirsu
965,Rajasthan,341,Nagaur,341503,Tilanesh
965,Rajasthan,341,Nagaur,341316,Odit
965,Rajasthan,341,Nagaur,341304,Rodu
965,Rajasthan,341,Nagaur,341512,Taparwara
965,Rajasthan,341,Nagaur,341533,Palrinawa
965,Rajasthan,341,Nagaur,341021,Raidhanu
965,Rajasthan,341,Nagaur,341551,Sudarasan
965,Rajasthan,341,Nagaur,341301,Rajapura
965,Rajasthan,341,Nagaur,341023,Silanwad
965,Rajasthan,341,Nagaur,341505,Manglana
965,Rajasthan,341,Nagaur,341520,Nandoli Mertiyan
965,Rajasthan,341,Nagaur,341026,Thirod
965,Rajasthan,341,Nagaur,341516,Parewari
965,Rajasthan,341,Nagaur,341517,Rasidpura
965,Rajasthan,341,Nagaur,341509,Todas
965,Rajasthan,341,Nagaur,341502,Saferkallan
965,Rajasthan,341,Nagaur,341542,Morer
965,Rajasthan,341,Nagaur,341027,Surjaniyawas
965,Rajasthan,341,Nagaur,341511,Oladan
965,Rajasthan,341,Nagaur,341029,Sribalaji
965,Rajasthan,341,Nagaur,341030,Ubasi
965,Rajasthan,341,Nagaur,341507,Shyamgarh
965,Rajasthan,341,Nagaur,341317,Sinwa
965,Rajasthan,341,Nagaur,341515,Thata
965,Rajasthan,341,Nagaur,341318,Sania
966,Rajasthan,342,Jaisalmer,342310,Sanwara Gaon
967,Rajasthan,342,Jodhpur,342311,Suwap
967,Rajasthan,342,Jodhpur,342001,Surani
967,Rajasthan,342,Jodhpur,342308,Shaitan Singh nagar
967,Rajasthan,342,Jodhpur,342037,Soyla
967,Rajasthan,342,Jodhpur,342606,Um R.s.
967,Rajasthan,342,Jodhpur,342025,Somesar
967,Rajasthan,342,Jodhpur,342901,Rajlani
967,Rajasthan,342,Jodhpur,342602,Ustran
967,Rajasthan,342,Jodhpur,342605,Tilwasni
967,Rajasthan,342,Jodhpur,342306,Utamber
967,Rajasthan,342,Jodhpur,342023,Nimba Ka gaon
967,Rajasthan,342,Jodhpur,342027,Salwa Kallan
967,Rajasthan,342,Jodhpur,342307,Udat
967,Rajasthan,342,Jodhpur,342303,Thob
967,Rajasthan,342,Jodhpur,342301,Tepu
967,Rajasthan,342,Jodhpur,342309,Peelwa
967,Rajasthan,342,Jodhpur,342312,Tapoo
967,Rajasthan,342,Jodhpur,342024,Soorsagar
967,Rajasthan,342,Jodhpur,342801,Sarecha
967,Rajasthan,342,Jodhpur,342601,Siyara
967,Rajasthan,342,Jodhpur,342305,Umed Nagar
967,Rajasthan,342,Jodhpur,342022,Suwalia
967,Rajasthan,342,Jodhpur,342012,Boranada
967,Rajasthan,342,Jodhpur,342604,Sewania
967,Rajasthan,342,Jodhpur,342314,Thadia
967,Rajasthan,342,Jodhpur,342802,Sikarpura
967,Rajasthan,342,Jodhpur,342302,Samrau
967,Rajasthan,342,Jodhpur,342003,Shastri Circle
967,Rajasthan,342,Jodhpur,342005,Sangaria
967,Rajasthan,342,Jodhpur,342011,Ratanada Bazar
967,Rajasthan,342,Jodhpur,342026,Jodhpur Bsf trg centre
967,Rajasthan,342,Jodhpur,342002,Katla Bazar
967,Rajasthan,342,Jodhpur,342007,Jodhpur K.u.m. mandore road
967,Rajasthan,342,Jodhpur,342006,Jodhpur Umaid bhawan
967,Rajasthan,342,Jodhpur,342010,Jodhpur Rasala road
967,Rajasthan,342,Jodhpur,342028,Tena
967,Rajasthan,342,Jodhpur,342304,Surpura
967,Rajasthan,342,Jodhpur,342008,Nandanwan
967,Rajasthan,342,Jodhpur,342004,Pratap Nagar
968,Rajasthan,342,Nagaur,342902,Gotan
969,Rajasthan,343,Jalor,343041,Veerawa
969,Rajasthan,343,Jalor,343040,Sarnau
969,Rajasthan,343,Jalor,343029,Vandhar
969,Rajasthan,343,Jalor,343001,Veerana
969,Rajasthan,343,Jalor,343049,Silasan
969,Rajasthan,343,Jalor,343027,Surachand
969,Rajasthan,343,Jalor,343042,Tikhi
969,Rajasthan,343,Jalor,343022,Taliyana
969,Rajasthan,343,Jalor,343032,Tiloda
969,Rajasthan,343,Jalor,343025,Sarat
969,Rajasthan,343,Jalor,343028,Serna
969,Rajasthan,343,Jalor,343024,Siana
969,Rajasthan,343,Jalor,343021,Ummedabad
969,Rajasthan,343,Jalor,343048,Vadgaon
969,Rajasthan,343,Jalor,343023,Undi
969,Rajasthan,343,Jalor,343030,Vali
970,Rajasthan,344,Barmer,344502,Tamliyar
970,Rajasthan,344,Barmer,344011,Unroad
970,Rajasthan,344,Barmer,344033,Sindhari
970,Rajasthan,344,Barmer,344702,Uparla
970,Rajasthan,344,Barmer,344021,Sewali
970,Rajasthan,344,Barmer,344034,Uttarni
970,Rajasthan,344,Barmer,344012,Undkha
970,Rajasthan,344,Barmer,344704,Udasar
970,Rajasthan,344,Barmer,344031,Undari Juni
970,Rajasthan,344,Barmer,344701,Undu
970,Rajasthan,344,Barmer,344706,Sinhar
970,Rajasthan,344,Barmer,344022,Tilwara
970,Rajasthan,344,Barmer,344026,Soorpura
970,Rajasthan,344,Barmer,344001,Uttarl R.s.
970,Rajasthan,344,Barmer,344708,Sodiyar
970,Rajasthan,344,Barmer,344032,Tirsinghdi
970,Rajasthan,344,Barmer,344501,Tamlore
970,Rajasthan,344,Barmer,344035,Uttarlai Mines
970,Rajasthan,344,Barmer,344043,Sella
970,Rajasthan,344,Barmer,344801,Pau
970,Rajasthan,344,Barmer,344703,Taku Beri
970,Rajasthan,344,Barmer,344044,Thapan
970,Rajasthan,344,Barmer,344037,Swau Padamsingh
970,Rajasthan,344,Barmer,344705,Swamy Ka gaon
970,Rajasthan,344,Barmer,344024,Jasol
970,Rajasthan,344,Barmer,344027,Umarlai
970,Rajasthan,344,Barmer,344025,Mewanagar
971,Rajasthan,345,Jaisalmer,345001,Tejpala
971,Rajasthan,345,Jaisalmer,345023,Ramdeora
971,Rajasthan,345,Jaisalmer,345028,Tawriwala
971,Rajasthan,345,Jaisalmer,345021,Utwaliya
971,Rajasthan,345,Jaisalmer,345027,Tejrawa
971,Rajasthan,345,Jaisalmer,345024,Pannasar
971,Rajasthan,345,Jaisalmer,345025,Swami Ki dhani
971,Rajasthan,345,Jaisalmer,345031,Sodakore
971,Rajasthan,345,Jaisalmer,345026,Sankra
971,Rajasthan,345,Jaisalmer,345033,Mohangarh
971,Rajasthan,345,Jaisalmer,345002,Jaisalmer Bsf
971,Rajasthan,345,Jaisalmer,345022,Seuwa
972,Sikkim,737,East Sikkim,737135,Upper Martam
972,Sikkim,737,East Sikkim,737133,Upper Khamdong
972,Sikkim,737,East Sikkim,737134,Yangyang
972,Sikkim,737,East Sikkim,737106,Tshalamthang
972,Sikkim,737,East Sikkim,737103,Tashiling
972,Sikkim,737,East Sikkim,737131,South Regu
972,Sikkim,737,East Sikkim,737102,Tadong
972,Sikkim,737,East Sikkim,737107,Samdong
972,Sikkim,737,East Sikkim,737132,Upper Pendam
972,Sikkim,737,East Sikkim,737101,Sichey Gaon
972,Sikkim,737,East Sikkim,737138,Makha
973,Sikkim,737,North Sikkim,737120,Shipgyare
973,Sikkim,737,North Sikkim,737117,Kabi
973,Sikkim,737,North Sikkim,737116,Tingvong
973,Sikkim,737,North Sikkim,737118,Phensong
973,Sikkim,737,North Sikkim,737119,Phudong
974,Sikkim,737,South Sikkim,737126,Wok
974,Sikkim,737,South Sikkim,737139,Tinkitam
974,Sikkim,737,South Sikkim,737128,Turuk
974,Sikkim,737,South Sikkim,737102,Kupup
974,Sikkim,737,South Sikkim,737121,Soreng
975,Sikkim,737,West Sikkim,737111,Yangthang
975,Sikkim,737,West Sikkim,737121,Zoom
975,Sikkim,737,West Sikkim,737113,Yuksom
976,Telangana,500,Hyderabad,500030,Rajendranagar
976,Telangana,500,Hyderabad,500004,Vidhan Sabha
976,Telangana,500,Hyderabad,500045,Yousufguda
976,Telangana,500,Hyderabad,500007,Tarnaka
976,Telangana,500,Hyderabad,500012,Osmania General hospital
976,Telangana,500,Hyderabad,500015,Thumkunta
976,Telangana,500,Hyderabad,500044,Vidyanagar
976,Telangana,500,Hyderabad,500013,Zindatelismath
976,Telangana,500,Hyderabad,500040,Moulali
976,Telangana,500,Hyderabad,500020,Zamistanpur
976,Telangana,500,Hyderabad,500048,Hyderguda
976,Telangana,500,Hyderabad,500058,Kanchanbagh
976,Telangana,500,Hyderabad,500064,Tadbun
976,Telangana,500,Hyderabad,500005,Pahadishareef
976,Telangana,500,Hyderabad,500034,Banjara Hills
976,Telangana,500,Hyderabad,500027,Stn Kachiguda
976,Telangana,500,Hyderabad,500016,Rajbolaram
976,Telangana,500,Hyderabad,500003,Secunderabad
976,Telangana,500,Hyderabad,500018,Swarajyanagar
976,Telangana,500,Hyderabad,500080,Turkapalliyadaram
976,Telangana,500,Hyderabad,500039,Uppal
976,Telangana,500,Hyderabad,500022,Central Secretariat
976,Telangana,500,Hyderabad,500024,Sahifa
976,Telangana,500,Hyderabad,500081,Madhapur
976,Telangana,500,Hyderabad,500008,Toli Chowki
976,Telangana,500,Hyderabad,500028,Shantinagar
976,Telangana,500,Hyderabad,500006,Mangalhat
976,Telangana,500,Hyderabad,500060,P & t colony
976,Telangana,500,Hyderabad,500062,Napier Lines
976,Telangana,500,Hyderabad,500053,Uppuguda
976,Telangana,500,Hyderabad,500065,Sultanshahi
976,Telangana,500,Hyderabad,500029,Ramakrishna Mutt
976,Telangana,500,Hyderabad,500001,State Bank of hyderabad
976,Telangana,500,Hyderabad,500068,Mansoorabad
976,Telangana,500,Hyderabad,500052,Svpnpa
976,Telangana,500,Hyderabad,500066,High Court
976,Telangana,500,Hyderabad,500025,Padmaraonagar
976,Telangana,500,Hyderabad,500051,Hindustan Cables ltd
976,Telangana,500,Hyderabad,500035,Saroornagar
976,Telangana,500,Hyderabad,500002,Tagarikanaka
976,Telangana,500,Hyderabad,500076,Snehapuri Colony
976,Telangana,500,Hyderabad,500082,Somajiguda
976,Telangana,500,Hyderabad,500031,Ibrahim Bagh lines
976,Telangana,500,Hyderabad,500079,Vaishalinagar
976,Telangana,500,Hyderabad,500085,Jntu Kukat pally
976,Telangana,500,Hyderabad,500033,South Banjara hills
976,Telangana,500,Hyderabad,500077,Kattedan Ie
976,Telangana,500,Hyderabad,500067,Kulsumpura
976,Telangana,500,Hyderabad,500074,Rangareddy Dt courts
976,Telangana,500,Hyderabad,500063,New Mla quarters
976,Telangana,500,Hyderabad,500017,Sainagar
976,Telangana,500,Hyderabad,500036,Sripuram Colony
976,Telangana,500,Hyderabad,500026,Nehrunagar
976,Telangana,500,Hyderabad,500095,State Bank of india
976,Telangana,500,Hyderabad,500069,R.C.imarat
976,Telangana,500,Hyderabad,500071,Rail Nilayam
976,Telangana,500,Hyderabad,500041,Raj Bhawan
976,Telangana,500,Hyderabad,500023,Yakutpura
976,Telangana,500,Hyderabad,500059,Santoshnagar Colony
976,Telangana,500,Hyderabad,500038,Vengal Rao nagar
976,Telangana,500,Hyderabad,500061,Sitaphalmandi
976,Telangana,500,Hyderabad,500073,Srinagar Colony
976,Telangana,500,Hyderabad,500070,Vanastalipuram
976,Telangana,500,Hyderabad,500057,Vijay Nagar colony
977,Telangana,500,Rangareddi,500014,Pochampally
977,Telangana,500,Rangareddi,500043,Srirangavaram
977,Telangana,500,Rangareddi,500087,Jj Nagar colony
977,Telangana,500,Rangareddi,500010,Mahidpur Lines
977,Telangana,500,Rangareddi,500047,Malkajgiri
977,Telangana,500,Rangareddi,500015,Trimulgherry
977,Telangana,500,Rangareddi,500008,Appa Himayathsagar
977,Telangana,500,Rangareddi,500075,Wattinagulapalli
977,Telangana,500,Rangareddi,500037,Rangareddynagar
977,Telangana,500,Rangareddi,500011,Bowenpally
977,Telangana,500,Rangareddi,500050,Chandanagar
977,Telangana,500,Rangareddi,500021,Eme Records
977,Telangana,500,Rangareddi,500032,Gachibowli
977,Telangana,500,Rangareddi,500054,Hmt Township
977,Telangana,500,Rangareddi,500042,Hal
977,Telangana,500,Rangareddi,500055,Ida Jeedimetla
977,Telangana,500,Rangareddi,500072,Kukatpally
977,Telangana,500,Rangareddi,500084,Kothaguda
977,Telangana,500,Rangareddi,500019,Lingampalli
977,Telangana,500,Rangareddi,500009,Manovikasnagar
977,Telangana,500,Rangareddi,500049,Miyapur
977,Telangana,500,Rangareddi,500102,Mohannagar
977,Telangana,500,Rangareddi,500083,Nagaram
977,Telangana,500,Rangareddi,500056,Ramakrishna Puram
977,Telangana,500,Rangareddi,500078,Shamirpet
977,Telangana,500,Rangareddi,500094,Sainikpuri
977,Telangana,500,Rangareddi,500093,Vikasnagar
978,Telangana,501,Hyderabad,501201,Anantagiri
978,Telangana,501,Hyderabad,501301,Yadgarpalli
978,Telangana,501,Hyderabad,501101,Vikarabad
979,Telangana,501,Rangareddi,501510,Vinjapur
979,Telangana,501,Rangareddi,501142,Turmamidi
979,Telangana,501,Rangareddi,501506,Thimmapur
979,Telangana,501,Rangareddi,501144,Yalal
979,Telangana,501,Rangareddi,501502,Wootpalli
979,Telangana,501,Rangareddi,501509,Yacharam
979,Telangana,501,Rangareddi,501101,Sivareddypet
979,Telangana,501,Rangareddi,501141,Tandur
979,Telangana,501,Rangareddi,501503,Tangadpalli
979,Telangana,501,Rangareddi,501504,Venkatapur
979,Telangana,501,Rangareddi,501202,Velchal
979,Telangana,501,Rangareddi,501512,Ramoji Film city
979,Telangana,501,Rangareddi,501201,Jaidupalli
979,Telangana,501,Rangareddi,501508,Tadlapalliguda
979,Telangana,501,Rangareddi,501505,Taramatipeta
979,Telangana,501,Rangareddi,501106,Yennaram
979,Telangana,501,Rangareddi,501143,Yakmai
979,Telangana,501,Rangareddi,501203,Yelvawthy
979,Telangana,501,Rangareddi,501158,Sangamkalan
979,Telangana,501,Rangareddi,501111,Pulmamidi
979,Telangana,501,Rangareddi,501501,Syedpalli
979,Telangana,501,Rangareddi,501218,Shamshabad
979,Telangana,501,Rangareddi,501359,Tummalur
979,Telangana,501,Rangareddi,501121,Tarigopula
979,Telangana,501,Rangareddi,501323,Gaganpahad
979,Telangana,501,Rangareddi,501511,Torrur
979,Telangana,501,Rangareddi,501401,Pudur
980,Telangana,502,Medak,502032,Tellapur
980,Telangana,502,Medak,502286,Yenkemuri
980,Telangana,502,Medak,502278,Venkataraopet
980,Telangana,502,Medak,502325,Aie Bollaram
980,Telangana,502,Medak,502314,Sommakkapet
980,Telangana,502,Medak,502108,Yenagurthy
980,Telangana,502,Medak,502115,Thonigandla
980,Telangana,502,Medak,502311,Teegul
980,Telangana,502,Medak,502280,Nangnoor
980,Telangana,502,Medak,502270,Ramsanpalli
980,Telangana,502,Medak,502318,Ranjhole
980,Telangana,502,Medak,502281,Varadarajapuram
980,Telangana,502,Medak,502269,Raipally
980,Telangana,502,Medak,502273,Vendikole
980,Telangana,502,Medak,502247,Surampally
980,Telangana,502,Medak,502109,Ryalamagudu
980,Telangana,502,Medak,502345,Tatpalli
980,Telangana,502,Medak,502306,Togarpalli
980,Telangana,502,Medak,502220,Zaheerabad
980,Telangana,502,Medak,502277,Velikatta
980,Telangana,502,Medak,502313,Rustumpet
980,Telangana,502,Medak,502287,Tadkal
980,Telangana,502,Medak,502114,Tadakapally
980,Telangana,502,Medak,502302,Yelapgonda
980,Telangana,502,Medak,502291,Veltoor
980,Telangana,502,Medak,502113,Timmaipally
980,Telangana,502,Medak,502371,Nizampet
980,Telangana,502,Medak,502375,Velkatur
980,Telangana,502,Medak,502117,Settipally Kalan
980,Telangana,502,Medak,502334,Waddepally
980,Telangana,502,Medak,502293,Singoor Project
980,Telangana,502,Medak,502305,Bhanur
980,Telangana,502,Medak,502279,Wargal
980,Telangana,502,Medak,502102,Pothireddipet
980,Telangana,502,Medak,502210,Sajjapur
980,Telangana,502,Medak,502296,Waddepalli
980,Telangana,502,Medak,502290,Regode
980,Telangana,502,Medak,502228,Madhunagar
980,Telangana,502,Medak,502381,Yenagandla
980,Telangana,502,Medak,502267,Sikindlapur
980,Telangana,502,Medak,502256,Nyalkal
980,Telangana,502,Medak,502255,Yeldurthy
980,Telangana,502,Medak,502276,Ramancha
980,Telangana,502,Medak,502221,Satwar
980,Telangana,502,Medak,502301,Vemulagattu
980,Telangana,502,Medak,502271,Uthloor
980,Telangana,502,Medak,502285,Yeddumailaram
980,Telangana,502,Medak,502319,Vailal
980,Telangana,502,Medak,502321,Yedakulapalli
980,Telangana,502,Medak,502107,Raorukala
980,Telangana,502,Medak,502307,Pashamailaram
980,Telangana,502,Medak,502310,Vittalapur
980,Telangana,502,Medak,502251,Waddi
980,Telangana,502,Medak,502300,Pati Ghanpur
980,Telangana,502,Medak,502130,Sardana
980,Telangana,502,Medak,502294,Tadlapally
980,Telangana,502,Medak,502248,Zapthi Shivnoor
980,Telangana,502,Medak,502295,Terpole
980,Telangana,502,Medak,502335,Nagulapally
980,Telangana,502,Medak,502246,Zarasangam
980,Telangana,502,Medak,502257,Singtham
980,Telangana,502,Medak,502324,Icrisat
980,Telangana,502,Medak,502329,Rudraram
980,Telangana,502,Medak,502336,Veloor
980,Telangana,502,Medak,502249,Yelgoi
980,Telangana,502,Medak,502316,Yelmakanna
980,Telangana,502,Medak,502312,Watipally
980,Telangana,502,Medak,502372,Zapti Nacharam
980,Telangana,502,Medak,502331,Yousufpet
980,Telangana,502,Medak,502304,Kothapally
980,Telangana,502,Medak,502125,Yellapur
980,Telangana,502,Medak,502303,Papannapet
980,Telangana,502,Medak,502110,Medak
980,Telangana,502,Medak,502205,O.F.yeddumailaram
980,Telangana,502,Medak,502001,Sangareddy Collectorate
980,Telangana,502,Medak,502101,Ramayampet
980,Telangana,502,Medak,502103,Siddipet
981,Telangana,503,Nizamabad,503174,Apsp Camp
981,Telangana,503,Nizamabad,503245,Yamcha
981,Telangana,503,Nizamabad,503302,Vaddepalli
981,Telangana,503,Nizamabad,503122,Yellutla
981,Telangana,503,Nizamabad,503111,Yellappagonda
981,Telangana,503,Nizamabad,503246,Tungini
981,Telangana,503,Nizamabad,503311,Venkatapur
981,Telangana,503,Nizamabad,503224,Zirayathnagar
981,Telangana,503,Nizamabad,503235,Satapurfarm
981,Telangana,503,Nizamabad,503123,Sangameshwar
981,Telangana,503,Nizamabad,503180,Shakkarnagar
981,Telangana,503,Nizamabad,503003,Yellammagutta
981,Telangana,503,Nizamabad,503188,Teglaipalli
981,Telangana,503,Nizamabad,503186,Sarangapur
981,Telangana,503,Nizamabad,503213,Yelmal
981,Telangana,503,Nizamabad,503301,Namli
981,Telangana,503,Nizamabad,503144,Uppalwai
981,Telangana,503,Nizamabad,503310,Thimmanagar
981,Telangana,503,Nizamabad,503164,Sudlam
981,Telangana,503,Nizamabad,503102,Talmadla
981,Telangana,503,Nizamabad,503110,Yellareddypalli
981,Telangana,503,Nizamabad,503307,Sikandrapur
981,Telangana,503,Nizamabad,503212,Vannel-k
981,Telangana,503,Nizamabad,503230,Sirpur
981,Telangana,503,Nizamabad,503217,Vennel-b
981,Telangana,503,Nizamabad,503187,Wajidnagar
981,Telangana,503,Nizamabad,503321,Thimmapuram
981,Telangana,503,Nizamabad,503225,Waddiyat
981,Telangana,503,Nizamabad,503305,Wajrakhandi
981,Telangana,503,Nizamabad,503101,Thippapur
981,Telangana,503,Nizamabad,503145,Utnoor
981,Telangana,503,Nizamabad,503125,Yadaram
981,Telangana,503,Nizamabad,503306,Pulkal
981,Telangana,503,Nizamabad,503185,Sangam
981,Telangana,503,Nizamabad,503218,Vencherial
981,Telangana,503,Nizamabad,503175,Yanampalli
981,Telangana,503,Nizamabad,503165,Valgodkalan
981,Telangana,503,Nizamabad,503206,Mosra
981,Telangana,503,Nizamabad,503108,Tandur
981,Telangana,503,Nizamabad,503308,Yergatla
981,Telangana,503,Nizamabad,503120,Yerrapahad
981,Telangana,503,Nizamabad,503207,Yethonda
981,Telangana,503,Nizamabad,503309,Tadgur
981,Telangana,503,Nizamabad,503219,Velgatur
981,Telangana,503,Nizamabad,503202,Thanakalan
981,Telangana,503,Nizamabad,503001,Shivajinagar
981,Telangana,503,Nizamabad,503114,Pothangalkalan
981,Telangana,503,Nizamabad,503201,Varni
981,Telangana,503,Nizamabad,503002,Subhashnagar
981,Telangana,503,Nizamabad,503124,Pothiapalli
982,Telangana,504,Adilabad,504273,Rechini
982,Telangana,504,Adilabad,504293,Yellaram
982,Telangana,504,Adilabad,504307,Tembi
982,Telangana,504,Adilabad,504001,Yapalguda
982,Telangana,504,Adilabad,504251,Wegaon
982,Telangana,504,Adilabad,504309,Sirsanna
982,Telangana,504,Adilabad,504201,Somanpally
982,Telangana,504,Adilabad,504110,Vengwapet
982,Telangana,504,Adilabad,504202,Revojipet
982,Telangana,504,Adilabad,504296,Vempalli
982,Telangana,504,Adilabad,504231,Mandamarri R.s.
982,Telangana,504,Adilabad,504109,Thammapur
982,Telangana,504,Adilabad,504299,Talodi
982,Telangana,504,Adilabad,504204,Suddal
982,Telangana,504,Adilabad,504312,Tamsi
982,Telangana,504,Adilabad,504313,Ushegaon
982,Telangana,504,Adilabad,504101,Yellawath
982,Telangana,504,Adilabad,504205,Udumpur
982,Telangana,504,Adilabad,504203,Surjapur
982,Telangana,504,Adilabad,504295,Wankidi
982,Telangana,504,Adilabad,504106,Waddial
982,Telangana,504,Adilabad,504306,Sirgapur
982,Telangana,504,Adilabad,504304,Sonala
982,Telangana,504,Adilabad,504103,Sonari
982,Telangana,504,Adilabad,504308,Waghapur
982,Telangana,504,Adilabad,504311,Tadihadapnur
982,Telangana,504,Adilabad,504272,Tandur (a)
982,Telangana,504,Adilabad,504323,Waddur
982,Telangana,504,Adilabad,504215,Venkatraopet
982,Telangana,504,Adilabad,504346,Yenda
982,Telangana,504,Adilabad,504310,Tandra
982,Telangana,504,Adilabad,504294,Ullipittadorli
982,Telangana,504,Adilabad,504302,Singapur
982,Telangana,504,Adilabad,504206,Tapalpur
982,Telangana,504,Adilabad,504102,Yedbid
982,Telangana,504,Adilabad,504218,Devapur Cement works
982,Telangana,504,Adilabad,504207,Raipally
982,Telangana,504,Adilabad,504209,Thimmapur
982,Telangana,504,Adilabad,504104,Raipur Kandli
982,Telangana,504,Adilabad,504292,Rebbena
982,Telangana,504,Adilabad,504219,Nennel
982,Telangana,504,Adilabad,504208,Mancherial Bazar
982,Telangana,504,Adilabad,504216,Wellal
982,Telangana,504,Adilabad,504214,Vemanpally
982,Telangana,504,Adilabad,504105,Yelmal
982,Telangana,504,Adilabad,504301,Ramakrishnapur
982,Telangana,504,Adilabad,504220,Madaram Township
982,Telangana,504,Adilabad,504303,Srirampur Colony
983,Telangana,505,Karim Nagar,505215,Jyothinagar
983,Telangana,505,Karim Nagar,505208,Ramagundam
983,Telangana,505,Karim Nagar,505445,Venkataipalli
983,Telangana,505,Karim Nagar,505184,Tadicherla
983,Telangana,505,Karim Nagar,505212,Rathnapur
983,Telangana,505,Karim Nagar,505305,Veerlapalli
983,Telangana,505,Karim Nagar,505532,Venugumatla
983,Telangana,505,Karim Nagar,505330,Yousufnagar
983,Telangana,505,Karim Nagar,505531,Thirumalapur
983,Telangana,505,Karim Nagar,505466,Thotapalli
983,Telangana,505,Karim Nagar,505472,Ullampalli
983,Telangana,505,Karim Nagar,505527,Lower Manair dam colony
983,Telangana,505,Karim Nagar,505460,Thatlavai
983,Telangana,505,Karim Nagar,505102,Vangapalli
983,Telangana,505,Karim Nagar,505474,Yeradapalli
983,Telangana,505,Karim Nagar,505306,Tandrial
983,Telangana,505,Karim Nagar,505504,Palimela
983,Telangana,505,Karim Nagar,505450,Yamapur
983,Telangana,505,Karim Nagar,505480,Vangara
983,Telangana,505,Karim Nagar,505470,Rajapur
983,Telangana,505,Karim Nagar,505402,Voblapur
983,Telangana,505,Karim Nagar,505524,Vilasagar
983,Telangana,505,Karim Nagar,505469,Veldi
983,Telangana,505,Karim Nagar,505302,Vemulawada
983,Telangana,505,Karim Nagar,505514,Potiyal
983,Telangana,505,Karim Nagar,505455,Pochampad Project colony
983,Telangana,505,Karim Nagar,505172,T Maddikunta
983,Telangana,505,Karim Nagar,505001,Ramnagar
983,Telangana,505,Karim Nagar,505452,Thakkallapalli
983,Telangana,505,Karim Nagar,505415,Yellapur
983,Telangana,505,Karim Nagar,505529,Thippannapet
983,Telangana,505,Karim Nagar,505401,Pothur
983,Telangana,505,Karim Nagar,505325,Venkatropet
983,Telangana,505,Karim Nagar,505405,Tangallapalli
983,Telangana,505,Karim Nagar,505403,Yengal
983,Telangana,505,Karim Nagar,505303,Padira
983,Telangana,505,Karim Nagar,505404,Terlamaddi
983,Telangana,505,Karim Nagar,505187,Ragineedu
983,Telangana,505,Karim Nagar,505473,Thangallapalli
983,Telangana,505,Karim Nagar,505101,Uppal
983,Telangana,505,Karim Nagar,505503,Yedlapalli
983,Telangana,505,Karim Nagar,505129,Pothireddy Palli
983,Telangana,505,Karim Nagar,505454,Velgonda
983,Telangana,505,Karim Nagar,505528,Vinjapalli
983,Telangana,505,Karim Nagar,505497,Rathnagiri
983,Telangana,505,Karim Nagar,505453,Vallampalli
983,Telangana,505,Karim Nagar,505462,Takkallapalli
983,Telangana,505,Karim Nagar,505475,Vavilala
983,Telangana,505,Karim Nagar,505174,Rampalli
983,Telangana,505,Karim Nagar,505416,Pathipaka
983,Telangana,505,Karim Nagar,505301,Venkatrapur
983,Telangana,505,Karim Nagar,505186,Mukdumpur
983,Telangana,505,Karim Nagar,505505,Vegurupalli
983,Telangana,505,Karim Nagar,505122,Yellanthakunta
983,Telangana,505,Karim Nagar,505501,Tirumalapur
983,Telangana,505,Karim Nagar,505467,Sunderagiri
983,Telangana,505,Karim Nagar,505331,Vempet
983,Telangana,505,Karim Nagar,505476,Yelkathurthi
983,Telangana,505,Karim Nagar,505304,Srigadha
983,Telangana,505,Karim Nagar,505502,Yelbaka
983,Telangana,505,Karim Nagar,505451,Velchal
983,Telangana,505,Karim Nagar,505425,Sirkonda
983,Telangana,505,Karim Nagar,505525,Wadakapur
983,Telangana,505,Karim Nagar,505490,Vennampalli
983,Telangana,505,Karim Nagar,505468,Thummanapalli
983,Telangana,505,Karim Nagar,505188,Rompikunta
983,Telangana,505,Karim Nagar,505526,Velgatur
983,Telangana,505,Karim Nagar,505210,Fertilizercity
983,Telangana,505,Karim Nagar,505530,Varkole
983,Telangana,505,Karim Nagar,505185,Togarrai
983,Telangana,505,Karim Nagar,505209,Sundilla
983,Telangana,505,Karim Nagar,505152,Shanagonda
983,Telangana,505,Karim Nagar,505211,Gv8incline
983,Telangana,505,Karim Nagar,505481,Ramancha
983,Telangana,505,Karim Nagar,505327,New Abadi jagtial
983,Telangana,505,Karim Nagar,505498,Penchiklapet
983,Telangana,505,Karim Nagar,505307,Sangula
983,Telangana,505,Karim Nagar,505153,Tharupalli
983,Telangana,505,Karim Nagar,505471,Yerraballi
983,Telangana,505,Karim Nagar,505326,Koratla Bazar
983,Telangana,505,Karim Nagar,505162,Regadi Maddikunta
983,Telangana,505,Karim Nagar,505214,Vittalanagar
984,Telangana,506,Warangal,506310,Wadlakonda
984,Telangana,506,Warangal,506144,Rajavaram
984,Telangana,506,Warangal,506315,Yerjerla
984,Telangana,506,Warangal,506343,Narsapur
984,Telangana,506,Warangal,506145,Venkeswaraswamygutta
984,Telangana,506,Warangal,506169,Jhengaid
984,Telangana,506,Warangal,506324,Vanthadapala
984,Telangana,506,Warangal,506007,M.G.m hospital
984,Telangana,506,Warangal,506355,Tadur Bo'
984,Telangana,506,Warangal,506366,Vemulapalli
984,Telangana,506,Warangal,506172,Vodagudem
984,Telangana,506,Warangal,506342,Pulukurthy
984,Telangana,506,Warangal,506224,Veerannapet
984,Telangana,506,Warangal,506223,Veecharani
984,Telangana,506,Warangal,506101,Vemnoor
984,Telangana,506,Warangal,506112,Teegalavenii
984,Telangana,506,Warangal,506221,Veldanda
984,Telangana,506,Warangal,506122,Topanapalli
984,Telangana,506,Warangal,506381,Vuyyalawada
984,Telangana,506,Warangal,506163,Yelkatte
984,Telangana,506,Warangal,506371,Yellapur
984,Telangana,506,Warangal,506353,Sarvapur
984,Telangana,506,Warangal,506367,Vallampatla
984,Telangana,506,Warangal,506314,Thirumalaipalli
984,Telangana,506,Warangal,506303,Wanaparthy
984,Telangana,506,Warangal,506006,Vangapahad
984,Telangana,506,Warangal,506005,Timmapur
984,Telangana,506,Warangal,506132,Narsampet
984,Telangana,506,Warangal,506244,Veldi
984,Telangana,506,Warangal,506317,Vavila
984,Telangana,506,Warangal,506134,Seethanagar
984,Telangana,506,Warangal,506105,Upparguda
984,Telangana,506,Warangal,506313,Yellanda
984,Telangana,506,Warangal,506003,Venkatapur
984,Telangana,506,Warangal,506002,Warangal
984,Telangana,506,Warangal,506344,Tadvai
984,Telangana,506,Warangal,506345,Thimmapur
984,Telangana,506,Warangal,506135,Velbelli
984,Telangana,506,Warangal,506015,Pegadapalli
984,Telangana,506,Warangal,506347,Rangapur Project nagar
984,Telangana,506,Warangal,506349,Shanigaram
984,Telangana,506,Warangal,506318,Waddekothapally
984,Telangana,506,Warangal,506252,Samudrala
984,Telangana,506,Warangal,506369,Saireddipalli
984,Telangana,506,Warangal,506165,Tupakulagudem
984,Telangana,506,Warangal,506301,Tatikonda
984,Telangana,506,Warangal,506356,Venkataraopalli
984,Telangana,506,Warangal,506168,Peddapur
984,Telangana,506,Warangal,506104,Parvathagiri
984,Telangana,506,Warangal,506164,Vellampalli
984,Telangana,506,Warangal,506332,Yellaigudem
984,Telangana,506,Warangal,506222,Walmidi
984,Telangana,506,Warangal,506391,Varikol
984,Telangana,506,Warangal,506330,Venkatapur Haveli
984,Telangana,506,Warangal,506167,Yeswantapur
984,Telangana,506,Warangal,506011,Reddicolony
984,Telangana,506,Warangal,506316,Zaffargadh
984,Telangana,506,Warangal,506370,Waddepalli
984,Telangana,506,Warangal,506302,Torrur
984,Telangana,506,Warangal,506142,Yelkurthy
984,Telangana,506,Warangal,506331,Venkatapuram
984,Telangana,506,Warangal,506004,R E college
984,Telangana,506,Warangal,506008,Fort Warangal
984,Telangana,506,Warangal,506348,Vadthal
984,Telangana,506,Warangal,506143,Viswanathapur
984,Telangana,506,Warangal,506319,Taharapur
984,Telangana,506,Warangal,506201,Yellamula
984,Telangana,506,Warangal,506001,Subedari
984,Telangana,506,Warangal,506151,Tatikayala
984,Telangana,506,Warangal,506013,Pragathi Industrial estate
984,Telangana,506,Warangal,506368,Yerrabelligudem
984,Telangana,506,Warangal,506166,Mamnoor (v)
984,Telangana,506,Warangal,506009,Vidyaranyapuri
985,Telangana,507,Khammam,507316,Yatalakunta
985,Telangana,507,Khammam,507121,Velairpahad
985,Telangana,507,Khammam,507160,Tirumalapuram
985,Telangana,507,Khammam,507204,Ravinoothala
985,Telangana,507,Khammam,507101,Sca Bldg
985,Telangana,507,Khammam,507203,Vangaveedu
985,Telangana,507,Khammam,507318,Vepakuntla
985,Telangana,507,Khammam,507133,Veerabhadravaram
985,Telangana,507,Khammam,507114,Vinjaram
985,Telangana,507,Khammam,507116,Mittagudem
985,Telangana,507,Khammam,507305,Tummalapalli
985,Telangana,507,Khammam,507158,Vallapuram
985,Telangana,507,Khammam,507301,Vinayakapuram
985,Telangana,507,Khammam,507117,Uppaka
985,Telangana,507,Khammam,507208,Tootikuntla
985,Telangana,507,Khammam,507306,Patwarigudem
985,Telangana,507,Khammam,507167,Tallada
985,Telangana,507,Khammam,507169,Vallabhi
985,Telangana,507,Khammam,507164,Vemsur
985,Telangana,507,Khammam,507163,Tirumalayapalem
985,Telangana,507,Khammam,507168,Timmaraopeta
985,Telangana,507,Khammam,507137,Sunnambatti
985,Telangana,507,Khammam,507304,Siripuram
985,Telangana,507,Khammam,507202,Pedagopavaram
985,Telangana,507,Khammam,507123,Yellandu
985,Telangana,507,Khammam,507111,Yatapaka
985,Telangana,507,Khammam,507161,Subled
985,Telangana,507,Khammam,507211,Uppalapahad
985,Telangana,507,Khammam,507002,Y.C. roads
985,Telangana,507,Khammam,507209,Yerraboinapalli
985,Telangana,507,Khammam,507303,Tumburu
985,Telangana,507,Khammam,507302,Yerugatla
985,Telangana,507,Khammam,507157,Rajupeta
985,Telangana,507,Khammam,507210,Rampuram
985,Telangana,507,Khammam,507182,Mucherla
985,Telangana,507,Khammam,507001,Khammam
985,Telangana,507,Khammam,507122,Vootukuru
985,Telangana,507,Khammam,507136,Wazeedu Nagaram
985,Telangana,507,Khammam,507129,Vegithota
985,Telangana,507,Khammam,507170,Teldarupalli
985,Telangana,507,Khammam,507135,Vaddigudem
985,Telangana,507,Khammam,507126,Chintur
985,Telangana,507,Khammam,507166,Ravikampadu
985,Telangana,507,Khammam,507003,Venkatayapalem
985,Telangana,507,Khammam,507183,Tippareddiguem
985,Telangana,507,Khammam,507115,Yanamboil
985,Telangana,507,Khammam,507201,Yerrupalem
985,Telangana,507,Khammam,507165,Wyra
985,Telangana,507,Khammam,507134,Thotapalli
985,Telangana,507,Khammam,507120,Tippanapalli
985,Telangana,507,Khammam,507118,Ramavaram
985,Telangana,507,Khammam,507159,Turakagudem
985,Telangana,507,Khammam,507140,Tegada
985,Telangana,507,Khammam,507138,Gouthampur
985,Telangana,507,Khammam,507124,Yellandu Colls
985,Telangana,507,Khammam,507128,Sarapaka
985,Telangana,507,Khammam,507113,Pulluru Phc
985,Telangana,507,Khammam,507125,P.V.township
985,Telangana,507,Khammam,507103,Venkateshkhani
985,Telangana,507,Khammam,507119,Rudrampur
985,Telangana,507,Khammam,507154,Siil Campus
986,Telangana,508,Nalgonda,508207,Yadgarpally
986,Telangana,508,Nalgonda,508277,Veldevi
986,Telangana,508,Nalgonda,508210,Wangamarthy
986,Telangana,508,Nalgonda,508374,Salkanoor
986,Telangana,508,Nalgonda,508221,Yerrapahad
986,Telangana,508,Nalgonda,508205,Shapally
986,Telangana,508,Nalgonda,508254,Yellareddyguda
986,Telangana,508,Nalgonda,508233,Tellaballi
986,Telangana,508,Nalgonda,508101,Velamjala
986,Telangana,508,Nalgonda,508202,Tirumalagiri
986,Telangana,508,Nalgonda,508204,Yepalasingaram
986,Telangana,508,Nalgonda,508206,"X Roads, kodad"
986,Telangana,508,Nalgonda,508285,Tekula Somaram
986,Telangana,508,Nalgonda,508213,Vijaya Raghavapuram
986,Telangana,508,Nalgonda,508116,Wadaparthy
986,Telangana,508,Nalgonda,508255,Vattikode
986,Telangana,508,Nalgonda,508280,Vempati
986,Telangana,508,Nalgonda,508212,Vibhalapuram
986,Telangana,508,Nalgonda,508245,Yeragandlapally
986,Telangana,508,Nalgonda,508001,Ramagiri
986,Telangana,508,Nalgonda,508112,Vemulakonda
986,Telangana,508,Nalgonda,508222,Venkepally
986,Telangana,508,Nalgonda,508111,Theriala
986,Telangana,508,Nalgonda,508243,Vaddipatla
986,Telangana,508,Nalgonda,508376,Yerkaram
986,Telangana,508,Nalgonda,508223,Velicharla
986,Telangana,508,Nalgonda,508211,Thungathurthy
986,Telangana,508,Nalgonda,508105,Somaram
986,Telangana,508,Nalgonda,508126,Ramalingampally
986,Telangana,508,Nalgonda,508218,Somavaram
986,Telangana,508,Nalgonda,508244,Talla Vellemla
986,Telangana,508,Nalgonda,508113,Yennaram
986,Telangana,508,Nalgonda,508258,Yerraram
986,Telangana,508,Nalgonda,508278,Yerrabally
986,Telangana,508,Nalgonda,508355,Wadapally
986,Telangana,508,Nalgonda,508114,Yelikatta
986,Telangana,508,Nalgonda,508266,Yacharam
986,Telangana,508,Nalgonda,508253,Velmakanne
986,Telangana,508,Nalgonda,508004,Slbc
986,Telangana,508,Nalgonda,508247,Thipparthi
986,Telangana,508,Nalgonda,508257,Sultanpur
986,Telangana,508,Nalgonda,508252,Tangedapally
986,Telangana,508,Nalgonda,508286,Wangapalli
986,Telangana,508,Nalgonda,508246,Vellatoor
986,Telangana,508,Nalgonda,508203,Vijayapuri North
986,Telangana,508,Nalgonda,508250,Takkallapally
986,Telangana,508,Nalgonda,508248,Tooruppally
986,Telangana,508,Nalgonda,508279,Wardhamankota
986,Telangana,508,Nalgonda,508201,Velidanda
986,Telangana,508,Nalgonda,508238,Yerravaram
986,Telangana,508,Nalgonda,508115,Yadgarpalli
986,Telangana,508,Nalgonda,508373,Venkampeta
986,Telangana,508,Nalgonda,508284,Vankamamidi
986,Telangana,508,Nalgonda,508234,Venugopalapuram
986,Telangana,508,Nalgonda,508217,Vemulapally
987,Telangana,509,Mahabubnagar,509125,Ryalam Pahad
987,Telangana,509,Mahabubnagar,509210,Tirumalapur
987,Telangana,509,Mahabubnagar,509375,Thummanpet
987,Telangana,509,Mahabubnagar,509382,Veltur
987,Telangana,509,Mahabubnagar,509001,Yenugonda
987,Telangana,509,Mahabubnagar,509207,Yelkicherla
987,Telangana,509,Mahabubnagar,509209,Yendabetla
987,Telangana,509,Mahabubnagar,509360,Veldanda
987,Telangana,509,Mahabubnagar,509110,Maddur
987,Telangana,509,Mahabubnagar,509321,Vittaipally
987,Telangana,509,Mahabubnagar,509352,Tangadgi
987,Telangana,509,Mahabubnagar,509152,Singwar
987,Telangana,509,Mahabubnagar,509412,Vattipally
987,Telangana,509,Mahabubnagar,509132,Yelkur
987,Telangana,509,Mahabubnagar,509408,Vemulanarva
987,Telangana,509,Mahabubnagar,509381,Sankireddypally
987,Telangana,509,Mahabubnagar,509401,Yapatla
987,Telangana,509,Mahabubnagar,509325,Veerlapally
987,Telangana,509,Mahabubnagar,509130,Yamki
987,Telangana,509,Mahabubnagar,509340,Yanmangandla
987,Telangana,509,Mahabubnagar,509104,Yaparla
987,Telangana,509,Mahabubnagar,509201,Vankeswaram
987,Telangana,509,Mahabubnagar,509336,Vithalapuram
987,Telangana,509,Mahabubnagar,509371,Vinjamur
987,Telangana,509,Mahabubnagar,509202,Yemmajipur
987,Telangana,509,Mahabubnagar,509407,Wathugundla
987,Telangana,509,Mahabubnagar,509357,Yelyal
987,Telangana,509,Mahabubnagar,509208,Warkur
987,Telangana,509,Mahabubnagar,509406,Yedurepally
987,Telangana,509,Mahabubnagar,509327,Nagilla
987,Telangana,509,Mahabubnagar,509131,Thipdampally
987,Telangana,509,Mahabubnagar,509301,Vallur
987,Telangana,509,Mahabubnagar,509105,Venkatampally
987,Telangana,509,Mahabubnagar,509338,Yenkipalli
987,Telangana,509,Mahabubnagar,509215,Vaddeman
987,Telangana,509,Mahabubnagar,509409,Waddeman
987,Telangana,509,Mahabubnagar,509204,Pusalpahad
987,Telangana,509,Mahabubnagar,509339,Vennached
987,Telangana,509,Mahabubnagar,509411,Renwatla
987,Telangana,509,Mahabubnagar,509203,Vattem
987,Telangana,509,Mahabubnagar,509205,Nidgurthy
987,Telangana,509,Mahabubnagar,509127,Vitalapur
987,Telangana,509,Mahabubnagar,509128,Udandapur
987,Telangana,509,Mahabubnagar,509129,Tottinon Doddi
987,Telangana,509,Mahabubnagar,509206,Yedutla
987,Telangana,509,Mahabubnagar,509120,Srirangapur
987,Telangana,509,Mahabubnagar,509126,Waddepalli
987,Telangana,509,Mahabubnagar,509324,Yellikal
987,Telangana,509,Mahabubnagar,509216,Velgerla
987,Telangana,509,Mahabubnagar,509335,Tirmalapur
987,Telangana,509,Mahabubnagar,509410,Yelikatta
987,Telangana,509,Mahabubnagar,509136,Yapadinne
987,Telangana,509,Mahabubnagar,509334,Tankara
987,Telangana,509,Mahabubnagar,509311,Utkur
987,Telangana,509,Mahabubnagar,509350,Neetur
987,Telangana,509,Mahabubnagar,509309,Vangoor
987,Telangana,509,Mahabubnagar,509358,Mucharla
987,Telangana,509,Mahabubnagar,509351,Theelair
987,Telangana,509,Mahabubnagar,509385,Upparapally
987,Telangana,509,Mahabubnagar,509103,Wanaparthy
987,Telangana,509,Mahabubnagar,509337,Venkatreddypally
987,Telangana,509,Mahabubnagar,509320,Vepur
987,Telangana,509,Mahabubnagar,509219,Varne
987,Telangana,509,Mahabubnagar,509235,Vennacherla
987,Telangana,509,Mahabubnagar,509217,Shahabad
987,Telangana,509,Mahabubnagar,509228,Siddapur
987,Telangana,509,Mahabubnagar,509153,Undavelly
987,Telangana,509,Mahabubnagar,509353,Undekode
987,Telangana,509,Mahabubnagar,509102,Yettam
987,Telangana,509,Mahabubnagar,509376,Veltoor
987,Telangana,509,Mahabubnagar,509380,Veeraipally
987,Telangana,509,Mahabubnagar,509144,Shanti Nagar
987,Telangana,509,Mahabubnagar,509326,Vatvarlapally
988,Telangana,530,Adilabad,530048,Madhurawada
989,Tripura,799,Dhalai,799286,Katalutma
989,Tripura,799,Dhalai,799289,Sikaribari
989,Tripura,799,Dhalai,799285,Singibill
989,Tripura,799,Dhalai,799204,Nalicherra
989,Tripura,799,Dhalai,799284,Sarma
989,Tripura,799,Dhalai,799273,Natinmanu
989,Tripura,799,Dhalai,799275,Sindhukumarpara
989,Tripura,799,Dhalai,799278,Salema
989,Tripura,799,Dhalai,799287,Srirampur Lambucherra
990,Tripura,799,North Tripura,799260,West Panisagar
990,Tripura,799,North Tripura,799253,Zaithang
990,Tripura,799,North Tripura,799261,Tarakpur
990,Tripura,799,North Tripura,799271,Tuichama
990,Tripura,799,North Tripura,799263,Ugalcherra
990,Tripura,799,North Tripura,799281,Tripura Tillabazar
990,Tripura,799,North Tripura,799254,Rajnagar Laxmipur
990,Tripura,799,North Tripura,799251,Thana Road
990,Tripura,799,North Tripura,799280,Sonamukhi
990,Tripura,799,North Tripura,799262,Sanicherra
990,Tripura,799,North Tripura,799269,Tlangsang
990,Tripura,799,North Tripura,799264,West Nalkata
990,Tripura,799,North Tripura,799277,Tapaspalli
990,Tripura,799,North Tripura,799279,Zarultali
990,Tripura,799,North Tripura,799273,Durgacherra
990,Tripura,799,North Tripura,799288,Ujan Dodhpur
990,Tripura,799,North Tripura,799250,Dharmanagar
990,Tripura,799,North Tripura,799290,Uttar Radhanagar
990,Tripura,799,North Tripura,799270,Suknacherra
990,Tripura,799,North Tripura,799256,Tripura Damcherra
990,Tripura,799,North Tripura,799265,Machmara
991,Tripura,799,South Tripura,799101,Amarpur
991,Tripura,799,South Tripura,799108,Ampinagar
991,Tripura,799,South Tripura,799157,Anandapur
991,Tripura,799,South Tripura,799179,Bagma
991,Tripura,799,South Tripura,799155,Beloniya
991,Tripura,799,South Tripura,799114,Gakulpur
991,Tripura,799,South Tripura,799125,Garjee
991,Tripura,799,South Tripura,799104,Gomti Project
991,Tripura,799,South Tripura,799156,Hrishyamukh
991,Tripura,799,South Tripura,799141,Jolaibari
991,Tripura,799,South Tripura,799105,Kakraban
991,Tripura,799,South Tripura,799143,Manubazar
991,Tripura,799,South Tripura,799159,Matai
991,Tripura,799,South Tripura,799142,Muhuripur
991,Tripura,799,South Tripura,799120,Radhakishorepur
991,Tripura,799,South Tripura,799153,Radhanagar
991,Tripura,799,South Tripura,799150,Rajnagar
991,Tripura,799,South Tripura,799145,Sabroom
991,Tripura,799,South Tripura,799144,Santirbazar
991,Tripura,799,South Tripura,799149,Satchand
991,Tripura,799,South Tripura,799013,Tripureswari Colony
991,Tripura,799,South Tripura,799116,Udaipur Court
992,Tripura,799,West Tripura,799005,Abhoynagar
992,Tripura,799,West Tripura,799201,Subashpark
992,Tripura,799,West Tripura,799001,Agartala
992,Tripura,799,West Tripura,799009,Agartala Aerodrome
992,Tripura,799,West Tripura,799004,Agartala College
992,Tripura,799,West Tripura,799014,Agartala Ongc
992,Tripura,799,West Tripura,799003,Arundhutinagar
992,Tripura,799,West Tripura,799205,Uttar Gakulnagar
992,Tripura,799,West Tripura,799207,Uttarchebri
992,Tripura,799,West Tripura,799203,Uttat Pulinpur
992,Tripura,799,West Tripura,799015,Bimangarh
992,Tripura,799,West Tripura,799045,Birendranagar
992,Tripura,799,West Tripura,799102,Bishalgarh
992,Tripura,799,West Tripura,799103,Bishramganj
992,Tripura,799,West Tripura,799106,Boxonagar
992,Tripura,799,West Tripura,799007,Dhaleswar
992,Tripura,799,West Tripura,799100,Harishnagar Camp
992,Tripura,799,West Tripura,799010,Jogendranagar
992,Tripura,799,West Tripura,799210,Kamalghat
992,Tripura,799,West Tripura,799132,Kathalia
992,Tripura,799,West Tripura,799008,Khayerpur
992,Tripura,799,West Tripura,799202,Khowai Court
992,Tripura,799,West Tripura,799006,Kunjaban
992,Tripura,799,West Tripura,799115,Melaghar
992,Tripura,799,West Tripura,799211,Mohanpur
992,Tripura,799,West Tripura,799002,Ramnagar
992,Tripura,799,West Tripura,799035,Ranirbazar
992,Tripura,799,West Tripura,799012,Salbagan
992,Tripura,799,West Tripura,799130,Sekerkote
992,Tripura,799,West Tripura,799212,Sidhai
992,Tripura,799,West Tripura,799213,Simna
992,Tripura,799,West Tripura,799181,Sonamura
992,Tripura,799,West Tripura,799055,Tripura Engineering college
993,Uttarakhand,244,Almora,244718,Bhairongkhal
994,Uttarakhand,244,Nainital,244715,Tukura
995,Uttarakhand,244,Udham Singh nagar,244712,Raipur
995,Uttarakhand,244,Udham Singh nagar,244713,Spinning Mill kashipur
995,Uttarakhand,244,Udham Singh nagar,244711,Peerumadra
995,Uttarakhand,244,Udham Singh nagar,244714,S.M. kashipur
995,Uttarakhand,244,Udham Singh nagar,244717,S.M. nadehi
996,Uttarakhand,246,Chamoli,246440,Ujjwal Pur
996,Uttarakhand,246,Chamoli,246446,Siwai
996,Uttarakhand,246,Chamoli,246428,Sarkot
996,Uttarakhand,246,Chamoli,246455,Paithani
996,Uttarakhand,246,Chamoli,246424,Sonla Baunli
996,Uttarakhand,246,Chamoli,246486,Tentura
996,Uttarakhand,246,Chamoli,246422,Mana
996,Uttarakhand,246,Chamoli,246449,Trisula
996,Uttarakhand,246,Chamoli,246444,Umatta Chatti
996,Uttarakhand,246,Chamoli,246487,Nauti
996,Uttarakhand,246,Chamoli,246401,Tangsa
996,Uttarakhand,246,Chamoli,246427,Ulangra
996,Uttarakhand,246,Chamoli,246423,Niti
996,Uttarakhand,246,Chamoli,246435,Ustoli
996,Uttarakhand,246,Chamoli,246443,Vishnupuram
996,Uttarakhand,246,Chamoli,246488,Nainisain
996,Uttarakhand,246,Chamoli,246429,Sidoli
996,Uttarakhand,246,Chamoli,246431,Mehalchauri
996,Uttarakhand,246,Chamoli,246473,Udamanda
996,Uttarakhand,246,Chamoli,246472,Tangani
996,Uttarakhand,246,Chamoli,246454,Bhatoli
996,Uttarakhand,246,Chamoli,246482,Tungeshwar
996,Uttarakhand,246,Chamoli,246481,Tharali
996,Uttarakhand,246,Chamoli,246426,Maikot
996,Uttarakhand,246,Chamoli,246441,Gwaldam
996,Uttarakhand,246,Chamoli,246489,Chopta
996,Uttarakhand,246,Chamoli,246474,Simali
996,Uttarakhand,246,Chamoli,246453,Nalgaun
996,Uttarakhand,246,Chamoli,246451,Jakh
996,Uttarakhand,246,Chamoli,246456,Kedarukhal
996,Uttarakhand,246,Chamoli,246458,Maithana
996,Uttarakhand,246,Chamoli,246447,Malari Seasonal
996,Uttarakhand,246,Chamoli,246452,Nauli
996,Uttarakhand,246,Chamoli,246483,Tapoban
996,Uttarakhand,246,Chamoli,246450,Sonla
997,Uttarakhand,246,Pauri Garhwal,246188,Adhariyakhal
997,Uttarakhand,246,Pauri Garhwal,246277,Toliyun
997,Uttarakhand,246,Pauri Garhwal,246146,Tairi
997,Uttarakhand,246,Pauri Garhwal,246176,Toli
997,Uttarakhand,246,Pauri Garhwal,246285,Thalisain
997,Uttarakhand,246,Pauri Garhwal,246173,Utinda
997,Uttarakhand,246,Pauri Garhwal,246167,Satpali
997,Uttarakhand,246,Pauri Garhwal,246149,Shivrajpur
997,Uttarakhand,246,Pauri Garhwal,246155,Sandhikhal
997,Uttarakhand,246,Pauri Garhwal,246131,Simar
997,Uttarakhand,246,Pauri Garhwal,246170,Timalsain
997,Uttarakhand,246,Pauri Garhwal,246121,Timlibari
997,Uttarakhand,246,Pauri Garhwal,246130,Nauri
997,Uttarakhand,246,Pauri Garhwal,246169,Srikotkhal
997,Uttarakhand,246,Pauri Garhwal,246275,Ufaraikhal
997,Uttarakhand,246,Pauri Garhwal,246161,Taria
997,Uttarakhand,246,Pauri Garhwal,246123,Tella
997,Uttarakhand,246,Pauri Garhwal,246144,Syalna
997,Uttarakhand,246,Pauri Garhwal,246128,Simlya
997,Uttarakhand,246,Pauri Garhwal,246162,Pipali
997,Uttarakhand,246,Pauri Garhwal,246129,Kandai
997,Uttarakhand,246,Pauri Garhwal,246159,Lwali
997,Uttarakhand,246,Pauri Garhwal,246278,Syunsinagar
997,Uttarakhand,246,Pauri Garhwal,246172,Tilkholi
997,Uttarakhand,246,Pauri Garhwal,246276,Talai Khatli
997,Uttarakhand,246,Pauri Garhwal,246175,Thapla
997,Uttarakhand,246,Pauri Garhwal,246113,Thair
997,Uttarakhand,246,Pauri Garhwal,246001,Uziyari
997,Uttarakhand,246,Pauri Garhwal,246166,Parsundakhal
997,Uttarakhand,246,Pauri Garhwal,246164,Tal
997,Uttarakhand,246,Pauri Garhwal,246185,Bughani
997,Uttarakhand,246,Pauri Garhwal,246148,Masangaon
997,Uttarakhand,246,Pauri Garhwal,246147,Thandhar
997,Uttarakhand,246,Pauri Garhwal,246122,Chelusain
997,Uttarakhand,246,Pauri Garhwal,246177,Vedikhal
997,Uttarakhand,246,Pauri Garhwal,246189,Dabri
997,Uttarakhand,246,Pauri Garhwal,246124,Rajbat
997,Uttarakhand,246,Pauri Garhwal,246125,Rampur Chatti
997,Uttarakhand,246,Pauri Garhwal,246127,Hanumanti
997,Uttarakhand,246,Pauri Garhwal,246135,Devrajkhal
997,Uttarakhand,246,Pauri Garhwal,246280,Digolikhal
997,Uttarakhand,246,Pauri Garhwal,246279,Sankarpur
997,Uttarakhand,246,Pauri Garhwal,246174,Ufalda
997,Uttarakhand,246,Pauri Garhwal,246163,Tharapdhar
997,Uttarakhand,246,Pauri Garhwal,246193,Mandoli Malli
997,Uttarakhand,246,Pauri Garhwal,246142,Ramganga Project
997,Uttarakhand,246,Pauri Garhwal,246192,Kalalghati
997,Uttarakhand,246,Pauri Garhwal,246165,Uragi
997,Uttarakhand,246,Pauri Garhwal,246191,Padampur
997,Uttarakhand,246,Pauri Garhwal,246168,Paukhal
997,Uttarakhand,246,Pauri Garhwal,246132,Rithakhal
997,Uttarakhand,246,Pauri Garhwal,246281,Yamkeshwar
998,Uttarakhand,246,Rudraprayag,246442,Pokhata
998,Uttarakhand,246,Rudraprayag,246439,Uniyana
998,Uttarakhand,246,Rudraprayag,246425,Vinobapuri
998,Uttarakhand,246,Rudraprayag,246421,Uttarsu
998,Uttarakhand,246,Rudraprayag,246471,Trijuginarain
998,Uttarakhand,246,Rudraprayag,246419,Uchhola
998,Uttarakhand,246,Rudraprayag,246141,Sirwari
998,Uttarakhand,246,Rudraprayag,246171,Sumerpur
998,Uttarakhand,246,Rudraprayag,246429,Ladoli
998,Uttarakhand,246,Rudraprayag,246475,Tuneta
998,Uttarakhand,246,Rudraprayag,246495,Kurjhan
998,Uttarakhand,246,Rudraprayag,246469,Thatigadgu
998,Uttarakhand,246,Rudraprayag,246476,Gaurikund
998,Uttarakhand,246,Rudraprayag,246438,Gholtir
998,Uttarakhand,246,Rudraprayag,246445,Kedarnath Seasional
998,Uttarakhand,246,Rudraprayag,246448,Maikoti
998,Uttarakhand,246,Rudraprayag,246437,Vidhyapeeth
999,Uttarakhand,246,Tehri Garhwal,246186,Deoprayag Bazar
1000,Uttarakhand,247,Dehradun,247670,Narsan Kalan
1001,Uttarakhand,247,Haridwar,247663,Sultanpur
1001,Uttarakhand,247,Haridwar,247667,Training Battalian
1001,Uttarakhand,247,Haridwar,247661,Srichandi
1001,Uttarakhand,247,Haridwar,247671,Raisi
1001,Uttarakhand,247,Haridwar,247666,Milap Nagar
1001,Uttarakhand,247,Haridwar,247670,Tikola Kalan
1001,Uttarakhand,247,Haridwar,247665,Sherpur Ehelmau
1001,Uttarakhand,247,Haridwar,247664,Toda Kalyanpur
1001,Uttarakhand,247,Haridwar,247656,Toda Banhera
1002,Uttarakhand,248,Dehradun,248121,Ajabpur
1002,Uttarakhand,248,Dehradun,248125,Madrasu
1002,Uttarakhand,248,Dehradun,248007,Umedpur
1002,Uttarakhand,248,Dehradun,248003,Telbhawan
1002,Uttarakhand,248,Dehradun,248199,Tuini
1002,Uttarakhand,248,Dehradun,248001,Shamshergarh
1002,Uttarakhand,248,Dehradun,248252,Thaina
1002,Uttarakhand,248,Dehradun,248143,Thano
1002,Uttarakhand,248,Dehradun,248140,Resham Majri
1002,Uttarakhand,248,Dehradun,248005,Tunwala
1002,Uttarakhand,248,Dehradun,248196,Samalta
1002,Uttarakhand,248,Dehradun,248161,Bhaniawala
1002,Uttarakhand,248,Dehradun,248008,Tapovan
1002,Uttarakhand,248,Dehradun,248122,Barlowganj
1002,Uttarakhand,248,Dehradun,248124,Nada
1002,Uttarakhand,248,Dehradun,248197,Tilwari
1002,Uttarakhand,248,Dehradun,248009,Shahanshahi Ashram
1002,Uttarakhand,248,Dehradun,248123,Tungra
1002,Uttarakhand,248,Dehradun,248141,Ghangora
1002,Uttarakhand,248,Dehradun,248164,Chhibroo
1002,Uttarakhand,248,Dehradun,248002,Turner Road
1002,Uttarakhand,248,Dehradun,248145,Rani Pokhari
1002,Uttarakhand,248,Dehradun,248165,Ubhreau
1002,Uttarakhand,248,Dehradun,248167,Dhakrani
1002,Uttarakhand,248,Dehradun,248142,Wht-ii
1002,Uttarakhand,248,Dehradun,248159,Khadar
1002,Uttarakhand,248,Dehradun,248160,Harrawala
1002,Uttarakhand,248,Dehradun,248179,Savoy Hotel
1002,Uttarakhand,248,Dehradun,248006,Newforest
1002,Uttarakhand,248,Dehradun,248195,I.P.e.
1002,Uttarakhand,248,Dehradun,248152,Jharipani
1002,Uttarakhand,248,Dehradun,248202,K.P.kshetra
1002,Uttarakhand,248,Dehradun,248119,Korwa
1002,Uttarakhand,248,Dehradun,248148,Kulhal
1002,Uttarakhand,248,Dehradun,248171,Mehuwala
1002,Uttarakhand,248,Dehradun,248110,Mohbewala
1002,Uttarakhand,248,Dehradun,248115,Mothrowala
1002,Uttarakhand,248,Dehradun,248010,Nehrugram
1002,Uttarakhand,248,Dehradun,248198,Wht-i
1002,Uttarakhand,248,Dehradun,248126,Ranjhawala
1002,Uttarakhand,248,Dehradun,248102,Sahstradhara
1002,Uttarakhand,248,Dehradun,248146,Seemadwar
1003,Uttarakhand,248,Tehri Garhwal,248179,Kempty
1003,Uttarakhand,248,Tehri Garhwal,248008,Kumalda
1003,Uttarakhand,248,Tehri Garhwal,248252,Yamunapul
1004,Uttarakhand,249,Dehradun,249201,Subhash Bankhandi
1004,Uttarakhand,249,Dehradun,249204,S.N. temple
1004,Uttarakhand,249,Dehradun,249205,Raiwala
1004,Uttarakhand,249,Dehradun,249203,Pashulok
1004,Uttarakhand,249,Dehradun,249202,Virbhadra
1005,Uttarakhand,249,Haridwar,249403,Shivalik Nagar
1005,Uttarakhand,249,Haridwar,249404,Sarai
1005,Uttarakhand,249,Haridwar,249407,Jwalapur Town
1005,Uttarakhand,249,Haridwar,249402,Salempur Mehdood
1005,Uttarakhand,249,Haridwar,249401,Rishikul Vidhyapeeth
1005,Uttarakhand,249,Haridwar,249408,Shyampur
1005,Uttarakhand,249,Haridwar,249410,Saptsarovar
1005,Uttarakhand,249,Haridwar,249411,Shantikunj
1006,Uttarakhand,249,Pauri Garhwal,249306,Ganga Bhogpur
1006,Uttarakhand,249,Pauri Garhwal,249301,Sirala
1006,Uttarakhand,249,Pauri Garhwal,249304,Swargashram
1006,Uttarakhand,249,Pauri Garhwal,249302,Laxmanjhula (b)
1007,Uttarakhand,249,Tehri Garhwal,249175,Odada
1007,Uttarakhand,249,Tehri Garhwal,249155,Tisriyara
1007,Uttarakhand,249,Tehri Garhwal,249131,Thouldhar
1007,Uttarakhand,249,Tehri Garhwal,249122,Tyuna
1007,Uttarakhand,249,Tehri Garhwal,249146,Shantipur Sondi
1007,Uttarakhand,249,Tehri Garhwal,249145,Uniyalgaon
1007,Uttarakhand,249,Tehri Garhwal,249121,Toli
1007,Uttarakhand,249,Tehri Garhwal,249192,Timli
1007,Uttarakhand,249,Tehri Garhwal,249162,Badiyargarh
1007,Uttarakhand,249,Tehri Garhwal,249161,Thati Dagar
1007,Uttarakhand,249,Tehri Garhwal,249199,Tungoli
1007,Uttarakhand,249,Tehri Garhwal,249132,Sarot
1007,Uttarakhand,249,Tehri Garhwal,249180,Thatyur
1007,Uttarakhand,249,Tehri Garhwal,249181,Sunargaon
1007,Uttarakhand,249,Tehri Garhwal,249001,Tehri
1007,Uttarakhand,249,Tehri Garhwal,249126,Souru
1007,Uttarakhand,249,Tehri Garhwal,249165,Thapla
1007,Uttarakhand,249,Tehri Garhwal,249106,Chaka
1007,Uttarakhand,249,Tehri Garhwal,249123,Tipri
1007,Uttarakhand,249,Tehri Garhwal,249130,V.K.puram
1007,Uttarakhand,249,Tehri Garhwal,249142,Fakot
1007,Uttarakhand,249,Tehri Garhwal,249196,Nagrajadhar
1007,Uttarakhand,249,Tehri Garhwal,249103,Gulardogi
1007,Uttarakhand,249,Tehri Garhwal,249147,Jajal
1007,Uttarakhand,249,Tehri Garhwal,249186,Tikri
1007,Uttarakhand,249,Tehri Garhwal,249137,Munikireti
1007,Uttarakhand,249,Tehri Garhwal,249156,Pratap Nagar
1008,Uttarakhand,249,Uttarkashi,249185,Tikochi
1008,Uttarakhand,249,Uttarkashi,249196,Rounthal
1008,Uttarakhand,249,Uttarkashi,249171,Sarigadkhamundi
1008,Uttarakhand,249,Uttarkashi,249152,Tarakot
1008,Uttarakhand,249,Uttarkashi,249135,Rainthal
1008,Uttarakhand,249,Uttarkashi,249193,Uttaron
1008,Uttarakhand,249,Uttarkashi,249141,Sarnol
1008,Uttarakhand,249,Uttarkashi,249151,Tipri
1008,Uttarakhand,249,Uttarkashi,249131,Siyansu
1008,Uttarakhand,249,Uttarkashi,249134,Dharashu
1008,Uttarakhand,249,Uttarkashi,249194,Soura
1008,Uttarakhand,249,Uttarkashi,249195,Mahidanda
1008,Uttarakhand,249,Uttarkashi,249191,Rajgarhi
1008,Uttarakhand,249,Uttarkashi,249165,Udri
1009,Uttarakhand,254,Udham Singh nagar,254716,Thari
1010,Uttarakhand,262,Champawat,262525,Mau
1010,Uttarakhand,262,Champawat,262524,Thanta
1010,Uttarakhand,262,Champawat,262310,Chandani
1010,Uttarakhand,262,Champawat,262527,Sungarkhal
1010,Uttarakhand,262,Champawat,262528,Machiyar
1010,Uttarakhand,262,Champawat,262523,Tamli
1010,Uttarakhand,262,Champawat,262580,Timla
1011,Uttarakhand,262,Nainital,262580,Dholigaon
1011,Uttarakhand,262,Nainital,262404,Haldu Chaur
1011,Uttarakhand,262,Nainital,262402,Lalkua
1012,Uttarakhand,262,Pithoragarh,262551,Sinichama
1012,Uttarakhand,262,Pithoragarh,262534,Ram Mandir
1012,Uttarakhand,262,Pithoragarh,262530,Tharkote
1012,Uttarakhand,262,Pithoragarh,262543,Titari
1012,Uttarakhand,262,Pithoragarh,262542,Urai
1012,Uttarakhand,262,Pithoragarh,262521,Wadda
1012,Uttarakhand,262,Pithoragarh,262544,Tham
1012,Uttarakhand,262,Pithoragarh,262552,Thal
1012,Uttarakhand,262,Pithoragarh,262545,Teejam
1012,Uttarakhand,262,Pithoragarh,262576,Payyanpauri
1012,Uttarakhand,262,Pithoragarh,262541,Pipali
1012,Uttarakhand,262,Pithoragarh,262532,Saliya
1012,Uttarakhand,262,Pithoragarh,262501,Totanaula
1012,Uttarakhand,262,Pithoragarh,262555,Sera
1012,Uttarakhand,262,Pithoragarh,262574,Barabey
1012,Uttarakhand,262,Pithoragarh,262554,Walthi
1012,Uttarakhand,262,Pithoragarh,262531,Udiyari
1012,Uttarakhand,262,Pithoragarh,262520,Simalkote
1012,Uttarakhand,262,Pithoragarh,262529,Toli
1012,Uttarakhand,262,Pithoragarh,262553,Tejam
1012,Uttarakhand,262,Pithoragarh,262522,Timta
1012,Uttarakhand,262,Pithoragarh,262502,Paun
1012,Uttarakhand,262,Pithoragarh,262547,Sosa
1012,Uttarakhand,262,Pithoragarh,262533,Pankhu
1012,Uttarakhand,262,Pithoragarh,262573,Dashaithal
1012,Uttarakhand,262,Pithoragarh,262571,Dharamghar
1012,Uttarakhand,262,Pithoragarh,262546,Gunji
1012,Uttarakhand,262,Pithoragarh,262526,Jhulaghat
1012,Uttarakhand,262,Pithoragarh,262572,Mawani
1012,Uttarakhand,262,Pithoragarh,262550,Narayan Nagar
1012,Uttarakhand,262,Pithoragarh,262519,Munakote
1012,Uttarakhand,262,Pithoragarh,262561,Nakote
1012,Uttarakhand,262,Pithoragarh,262575,Quiti
1013,Uttarakhand,262,Udham Singh nagar,262401,S.F. bazpur
1013,Uttarakhand,262,Udham Singh nagar,262405,Sittarganj
1013,Uttarakhand,262,Udham Singh nagar,262308,Sripur Bichwa
1013,Uttarakhand,262,Udham Singh nagar,262312,Chakarpur
1013,Uttarakhand,262,Udham Singh nagar,262311,Sarasaria
1013,Uttarakhand,262,Udham Singh nagar,262403,S.A.i. camp
1013,Uttarakhand,262,Udham Singh nagar,262123,Sultanpur
1014,Uttarakhand,263,Almora,263652,Ratgal
1014,Uttarakhand,263,Almora,263665,Nail Chaukote
1014,Uttarakhand,263,Almora,263646,Totam
1014,Uttarakhand,263,Almora,263645,Sinora
1014,Uttarakhand,263,Almora,263601,Zoor
1014,Uttarakhand,263,Almora,263676,Pipna
1014,Uttarakhand,263,Almora,263623,Thikalna
1014,Uttarakhand,263,Almora,263625,Syunai
1014,Uttarakhand,263,Almora,263654,Asgoli
1014,Uttarakhand,263,Almora,263622,Thali
1014,Uttarakhand,263,Almora,263626,Rajyura
1014,Uttarakhand,263,Almora,263621,Naulakote
1014,Uttarakhand,263,Almora,263655,Rikhe
1014,Uttarakhand,263,Almora,263627,Someshwar
1014,Uttarakhand,263,Almora,263659,Uprari Chaukote
1014,Uttarakhand,263,Almora,263624,Salla Bhatkote
1014,Uttarakhand,263,Almora,263636,Thapania
1014,Uttarakhand,263,Almora,263661,Udepur
1014,Uttarakhand,263,Almora,263653,Sure
1014,Uttarakhand,263,Almora,263680,Ugalia
1014,Uttarakhand,263,Almora,263663,Tarikhet
1014,Uttarakhand,263,Almora,263678,Suri
1014,Uttarakhand,263,Almora,263656,Taragtal
1014,Uttarakhand,263,Almora,263689,Bhagtola
1014,Uttarakhand,263,Almora,263684,Bhainsori
1014,Uttarakhand,263,Almora,263687,Bhanoli
1014,Uttarakhand,263,Almora,263667,Ujrar
1014,Uttarakhand,263,Almora,263664,Sagneti
1014,Uttarakhand,263,Almora,263629,Lweshal
1014,Uttarakhand,263,Almora,263651,Chaubattia
1014,Uttarakhand,263,Almora,263643,Kosi
1014,Uttarakhand,263,Almora,263660,Timtha
1014,Uttarakhand,263,Almora,263683,Dhauladevi
1014,Uttarakhand,263,Almora,263681,Dhaulchhina
1014,Uttarakhand,263,Almora,263658,Turachaura
1014,Uttarakhand,263,Almora,263677,Ganiadeoli
1014,Uttarakhand,263,Almora,263662,Jalali
1014,Uttarakhand,263,Almora,263675,Kafara
1014,Uttarakhand,263,Almora,263639,Naughar Estate
1014,Uttarakhand,263,Almora,263620,Kausani Estate
1014,Uttarakhand,263,Almora,263638,Ranban
1014,Uttarakhand,263,Almora,263671,Pilkholi
1014,Uttarakhand,263,Almora,263628,Takula
1014,Uttarakhand,263,Almora,263686,Uprari
1015,Uttarakhand,263,Bageshwar,263642,Udera
1015,Uttarakhand,263,Bageshwar,263641,Tilsari
1015,Uttarakhand,263,Bageshwar,263628,Simyari
1015,Uttarakhand,263,Bageshwar,263632,Utraura
1015,Uttarakhand,263,Bageshwar,263634,Sangarh
1015,Uttarakhand,263,Bageshwar,263640,Vijaipur
1015,Uttarakhand,263,Bageshwar,263610,Tachhani
1015,Uttarakhand,263,Bageshwar,263633,Shama
1015,Uttarakhand,263,Bageshwar,263679,Supi
1015,Uttarakhand,263,Bageshwar,263635,Wajyula
1015,Uttarakhand,263,Bageshwar,263630,Janoti Palari
1015,Uttarakhand,263,Bageshwar,263631,Uprara
1015,Uttarakhand,263,Bageshwar,263688,Gagarigole
1016,Uttarakhand,263,Champawat,263301,Lohia Head
1016,Uttarakhand,263,Champawat,263309,Tanakpur
1017,Uttarakhand,263,Nainital,263157,Tushrar
1017,Uttarakhand,263,Nainital,263159,Syat
1017,Uttarakhand,263,Nainital,263126,Rnibagh
1017,Uttarakhand,263,Nainital,263139,Painth Parao
1017,Uttarakhand,263,Nainital,263143,Arjunpur
1017,Uttarakhand,263,Nainital,263136,Pokhari
1017,Uttarakhand,263,Nainital,263163,Bail Parao
1017,Uttarakhand,263,Nainital,263140,Pawalgarh
1017,Uttarakhand,263,Nainital,263128,Patwadanger
1017,Uttarakhand,263,Nainital,263134,Unchakote
1017,Uttarakhand,263,Nainital,263132,Supi
1017,Uttarakhand,263,Nainital,263141,Kunwarpur
1017,Uttarakhand,263,Nainital,263131,Bhumiadhar
1017,Uttarakhand,263,Nainital,263127,Jeolikote
1017,Uttarakhand,263,Nainital,263164,Chhoi
1017,Uttarakhand,263,Nainital,263158,Nathuwakhan
1017,Uttarakhand,263,Nainital,263135,Talla Bardho
1017,Uttarakhand,263,Nainital,263138,Unura
1017,Uttarakhand,263,Nainital,263156,Ghorakhal
1017,Uttarakhand,263,Nainital,263408,Gularbhoj
1017,Uttarakhand,263,Nainital,263002,Tallital
1017,Uttarakhand,263,Nainital,263162,Kamola
1017,Uttarakhand,263,Nainital,263001,Pangoot
1017,Uttarakhand,263,Nainital,263129,Manorapeak
1017,Uttarakhand,263,Nainital,263144,Mota Haldu
1017,Uttarakhand,263,Nainital,263137,Ramgarh
1017,Uttarakhand,263,Nainital,263155,Sattal (seasonal )
1018,Uttarakhand,263,Udham Singh nagar,263150,31st Bn pac rudarpur
1018,Uttarakhand,263,Udham Singh nagar,263152,Subashnagar
1018,Uttarakhand,263,Udham Singh nagar,263148,Uttarsia
1018,Uttarakhand,263,Udham Singh nagar,263153,Rudarpur
1018,Uttarakhand,263,Udham Singh nagar,263149,D.F. nagla
1018,Uttarakhand,263,Udham Singh nagar,263160,Majra Anand singh
1018,Uttarakhand,263,Udham Singh nagar,263145,Patharchatta
1018,Uttarakhand,263,Udham Singh nagar,263154,T.C. rudarpur
1019,West Bengal,700,Bankura,700005,Hatkhola
1019,West Bengal,700,Bankura,700035,Deshbandhu Road
1019,West Bengal,700,Bankura,700003,Girish Avenue
1019,West Bengal,700,Bankura,700007,Vaishya Sabha
1019,West Bengal,700,Bankura,700108,Isi Po
1019,West Bengal,700,Bankura,700036,Kuthighat Road
1019,West Bengal,700,Bankura,700006,Simla
1019,West Bengal,700,Bankura,700077,Bediapara
1019,West Bengal,700,Bankura,700037,Northern Avenue
1019,West Bengal,700,Bankura,700002,Tala
1019,West Bengal,700,Bankura,700028,Rajabagan
1019,West Bengal,700,Bankura,700074,Motijheel
1019,West Bengal,700,Bankura,700065,Subhas Nagar
1019,West Bengal,700,Bankura,700030,Sethbagan
1019,West Bengal,700,Bankura,700080,Mall Road
1019,West Bengal,700,Bankura,700052,Kolkata Airport  po
1019,West Bengal,700,Bankura,700067,Ultadanga Main road
1019,West Bengal,700,Bankura,700090,Noapara
1019,West Bengal,700,Bankura,700004,Ultadanga
1019,West Bengal,700,Bankura,700050,South Sinhee
1020,West Bengal,700,Kolkata,700020,L.R.sarani
1020,West Bengal,700,Kolkata,700046,Gobinda Khatick road
1020,West Bengal,700,Kolkata,700027,Natioinal Library
1020,West Bengal,700,Kolkata,700014,Taltala
1020,West Bengal,700,Kolkata,700044,Rajabagan Dock yard
1020,West Bengal,700,Kolkata,700086,Baghajatin
1020,West Bengal,700,Kolkata,700022,Hastings
1020,West Bengal,700,Kolkata,700019,Golpark
1020,West Bengal,700,Kolkata,700007,Strand Road
1020,West Bengal,700,Kolkata,700008,Barisha
1020,West Bengal,700,Kolkata,700018,Rabindra Nagar
1020,West Bengal,700,Kolkata,700034,Senhati
1020,West Bengal,700,Kolkata,700010,Subhash Sarabor
1020,West Bengal,700,Kolkata,700054,Ram Krishna samadhi road
1020,West Bengal,700,Kolkata,700025,Ramkrishna Park
1020,West Bengal,700,Kolkata,700066,Bidhangarh
1020,West Bengal,700,Kolkata,700032,Pgh Shah road
1020,West Bengal,700,Kolkata,700042,Kasba
1020,West Bengal,700,Kolkata,700012,Yogayog Bhawan
1020,West Bengal,700,Kolkata,700088,Telecom Factory
1020,West Bengal,700,Kolkata,700073,Tiretta Bazar
1020,West Bengal,700,Kolkata,700017,Shakespeare Sarani
1020,West Bengal,700,Kolkata,700001,Writer's Building
1020,West Bengal,700,Kolkata,700141,Memanpur Chandannagar
1020,West Bengal,700,Kolkata,700031,K.P.roy lane
1020,West Bengal,700,Kolkata,700013,Mott Lane
1020,West Bengal,700,Kolkata,700029,Sarat Bose road
1020,West Bengal,700,Kolkata,700107,E.K.t
1020,West Bengal,700,Kolkata,700016,Park Street
1020,West Bengal,700,Kolkata,700069,Income Tax building
1020,West Bengal,700,Kolkata,700021,Fort William
1020,West Bengal,700,Kolkata,700047,Raipur Jorabagan road
1020,West Bengal,700,Kolkata,700024,T.G.road
1020,West Bengal,700,Kolkata,700075,Viveknagar
1020,West Bengal,700,Kolkata,700095,Golf Green
1020,West Bengal,700,Kolkata,700078,Jadavgarh
1020,West Bengal,700,Kolkata,700082,K.P.bazar
1020,West Bengal,700,Kolkata,700072,Sooterkin Street
1020,West Bengal,700,Kolkata,700033,Tollygunge
1020,West Bengal,700,Kolkata,700061,Sarsoona
1020,West Bengal,700,Kolkata,700068,Jodhpur Park
1020,West Bengal,700,Kolkata,700085,K.G bose sarani
1020,West Bengal,700,Kolkata,700053,New Alipore
1020,West Bengal,700,Kolkata,700063,Thakurpukur
1020,West Bengal,700,Kolkata,700026,Southern Market
1020,West Bengal,700,Kolkata,700099,Mukundapur
1020,West Bengal,700,Kolkata,700089,Kalindi Housing estate
1020,West Bengal,700,Kolkata,700023,Watgunge
1020,West Bengal,700,Kolkata,700045,Lake Gardens
1020,West Bengal,700,Kolkata,700071,Russel Street
1020,West Bengal,700,Kolkata,700060,Parnasree Pally
1020,West Bengal,700,Kolkata,700011,Narkeldanga
1020,West Bengal,700,Kolkata,700040,Russa
1020,West Bengal,700,Kolkata,700087,New Market
1020,West Bengal,700,Kolkata,700094,S.R.f.t.i.
1020,West Bengal,700,Kolkata,700009,Raja Ram mohan sarani
1020,West Bengal,700,Kolkata,700041,Sirity
1020,West Bengal,700,Kolkata,700092,Regent Estate
1020,West Bengal,700,Kolkata,700038,Sahapur
1020,West Bengal,700,Kolkata,700015,Tangra
1020,West Bengal,700,Kolkata,700043,South Eastern railway
1020,West Bengal,700,Kolkata,700062,W.B.governors camp.
1021,West Bengal,700,North 24 parganas,700155,Abdalpur
1021,West Bengal,700,North 24 parganas,700135,Uttar Kashipur
1021,West Bengal,700,North 24 parganas,700122,Nonachandanpukur
1021,West Bengal,700,North 24 parganas,700059,Mahishbathan
1021,West Bengal,700,North 24 parganas,700128,Mudiahat
1021,West Bengal,700,North 24 parganas,700055,Shyam Nagar dum dum
1021,West Bengal,700,North 24 parganas,700124,Sethpukur
1021,West Bengal,700,North 24 parganas,700120,Vivekananda Math
1021,West Bengal,700,North 24 parganas,700123,Talpukur
1021,West Bengal,700,North 24 parganas,700048,Sreebhumi
1021,West Bengal,700,North 24 parganas,700056,Belgharia
1021,West Bengal,700,North 24 parganas,700121,Suryapur
1021,West Bengal,700,North 24 parganas,700064,Labony Estate
1021,West Bengal,700,North 24 parganas,700091,Sech Bhawan
1021,West Bengal,700,North 24 parganas,700106,Bidhan Nagar ib market
1021,West Bengal,700,North 24 parganas,700098,Bidhan Nagar sai complex
1021,West Bengal,700,North 24 parganas,700119,Titagarh
1021,West Bengal,700,North 24 parganas,700126,Nabapally
1021,West Bengal,700,North 24 parganas,700105,Nowbhanga
1021,West Bengal,700,North 24 parganas,700129,Udayrajpur
1021,West Bengal,700,North 24 parganas,700132,Ganti
1021,West Bengal,700,North 24 parganas,700157,Hatiara
1021,West Bengal,700,North 24 parganas,700127,Hridaypur
1021,West Bengal,700,North 24 parganas,700110,Sodepur
1021,West Bengal,700,North 24 parganas,700125,Noapara Madhavpur
1021,West Bengal,700,North 24 parganas,700113,Natagarh
1021,West Bengal,700,North 24 parganas,700130,Madhyamgram Bazar
1021,West Bengal,700,North 24 parganas,700102,Krishnapur
1021,West Bengal,700,North 24 parganas,700089,Lake Town
1021,West Bengal,700,North 24 parganas,700133,Michealnagar
1021,West Bengal,700,North 24 parganas,700136,Rajarhat Gopalpur
1021,West Bengal,700,North 24 parganas,700156,New Town
1021,West Bengal,700,North 24 parganas,700131,Newbarackpur
1021,West Bengal,700,North 24 parganas,700101,Prafulla Kanan
1021,West Bengal,700,North 24 parganas,700097,Purbachal
1022,West Bengal,700,South 24 parganas,700138,Purba Nischintapur
1022,West Bengal,700,South 24 parganas,700140,Paschim Rameswarpur
1022,West Bengal,700,South 24 parganas,700104,Rasapunja
1022,West Bengal,700,South 24 parganas,700141,Vivekanandapur
1022,West Bengal,700,South 24 parganas,700145,Mallickpore
1022,West Bengal,700,South 24 parganas,700070,Kalibari Temple
1022,West Bengal,700,South 24 parganas,700152,Panchpota
1022,West Bengal,700,South 24 parganas,700144,Baruipur Bazar
1022,West Bengal,700,South 24 parganas,700137,Shyampur
1022,West Bengal,700,South 24 parganas,700039,Topsia
1022,West Bengal,700,South 24 parganas,700103,Nepalganj
1022,West Bengal,700,South 24 parganas,700154,Boral
1022,West Bengal,700,South 24 parganas,700096,Brahmapur
1022,West Bengal,700,South 24 parganas,700016,Nowbhanga
1022,West Bengal,700,South 24 parganas,700149,Rajpur Bazar
1022,West Bengal,700,South 24 parganas,700151,Dingelpota
1022,West Bengal,700,South 24 parganas,700139,Vivekananda Pally
1022,West Bengal,700,South 24 parganas,700084,Kamda Hari
1022,West Bengal,700,South 24 parganas,700150,Uchhepota
1022,West Bengal,700,South 24 parganas,700148,Harinavi
1022,West Bengal,700,South 24 parganas,700146,Kodalia
1022,West Bengal,700,South 24 parganas,700153,Laskar Pur
1022,West Bengal,700,South 24 parganas,700105,Metropolitan Co-op housing
1022,West Bengal,700,South 24 parganas,700093,Purba Putiary
1022,West Bengal,700,South 24 parganas,700142,Santosh Pur (maheshtala)so
1022,West Bengal,700,South 24 parganas,700143,Sarkarpool
1022,West Bengal,700,South 24 parganas,700147,Subhas Gram
1022,West Bengal,700,South 24 parganas,700100,Vip Nagar
1023,West Bengal,711,Howrah,711204,Shibtala Liluah
1023,West Bengal,711,Howrah,711106,Salkia
1023,West Bengal,711,Howrah,711205,Samabaypalli
1023,West Bengal,711,Howrah,711303,Sumda
1023,West Bengal,711,Howrah,711312,Uttar Durgapur
1023,West Bengal,711,Howrah,711315,Uluberia
1023,West Bengal,711,Howrah,711401,Udang
1023,West Bengal,711,Howrah,711227,Sapuipara
1023,West Bengal,711,Howrah,711301,Radhapur
1023,West Bengal,711,Howrah,711302,Unsani
1023,West Bengal,711,Howrah,711103,Shalimar
1023,West Bengal,711,Howrah,711316,Uluberia R.s
1023,West Bengal,711,Howrah,711226,Udaynarayanpur
1023,West Bengal,711,Howrah,711102,T.M.g lane
1023,West Bengal,711,Howrah,711110,Baksara
1023,West Bengal,711,Howrah,711109,Podra
1023,West Bengal,711,Howrah,711113,Balitikuri
1023,West Bengal,711,Howrah,711201,M.B.road
1023,West Bengal,711,Howrah,711405,Uttar Jharpardah
1023,West Bengal,711,Howrah,711322,Tehatta
1023,West Bengal,711,Howrah,711304,Banipur
1023,West Bengal,711,Howrah,711403,Munshidanga
1023,West Bengal,711,Howrah,711404,Nijbalia
1023,West Bengal,711,Howrah,711305,Bauria
1023,West Bengal,711,Howrah,711411,Wadipur
1023,West Bengal,711,Howrah,711101,Ross Road
1023,West Bengal,711,Howrah,711202,Belur Math
1023,West Bengal,711,Howrah,711313,Sankrail Dakshinpara
1023,West Bengal,711,Howrah,711203,Bhattanagar
1023,West Bengal,711,Howrah,711310,Ula
1023,West Bengal,711,Howrah,711307,Khalisani
1023,West Bengal,711,Howrah,711104,Sarat Chatterjee rd.
1023,West Bengal,711,Howrah,711114,Lakshmanpur
1023,West Bengal,711,Howrah,711308,Chengail
1023,West Bengal,711,Howrah,711412,Uttar Manasri
1023,West Bengal,711,Howrah,711314,Shyampur
1023,West Bengal,711,Howrah,711105,Dasnagar
1023,West Bengal,711,Howrah,711410,Sibnarayanchak
1023,West Bengal,711,Howrah,711309,Sarenga
1023,West Bengal,711,Howrah,711413,Tajpur
1023,West Bengal,711,Howrah,711107,Howrah Vic.cot.mill
1023,West Bengal,711,Howrah,711112,Old Jagacha
1023,West Bengal,711,Howrah,711414,Siddheswar
1023,West Bengal,711,Howrah,711328,J.P.hat
1023,West Bengal,711,Howrah,711111,Jagacha
1023,West Bengal,711,Howrah,711408,Mato
1023,West Bengal,711,Howrah,711306,Kulgachia
1023,West Bengal,711,Howrah,711409,Tentulkuli
1023,West Bengal,711,Howrah,711416,Manikura
1023,West Bengal,711,Howrah,711108,Netajigarh
1023,West Bengal,711,Howrah,711225,Pacharul
1023,West Bengal,711,Howrah,711325,Panitras
1023,West Bengal,711,Howrah,711415,Patihal
1023,West Bengal,711,Howrah,711317,Radhadasi
1023,West Bengal,711,Howrah,711327,Ramchandrapur
1023,West Bengal,711,Howrah,711324,Samta
1023,West Bengal,711,Howrah,711326,Sasati
1024,West Bengal,712,Hooghly,712121,Addconagar
1024,West Bengal,712,Hooghly,712512,Purba Satgachia
1024,West Bengal,712,Hooghly,712401,Ramnarayanpur
1024,West Bengal,712,Hooghly,712148,Talandu
1024,West Bengal,712,Hooghly,712701,Nawabpur
1024,West Bengal,712,Hooghly,712414,Nimdangi
1024,West Bengal,712,Hooghly,712305,Sinhet
1024,West Bengal,712,Hooghly,712301,New Chandpur
1024,West Bengal,712,Hooghly,712410,Teghari
1024,West Bengal,712,Hooghly,712149,Tinna
1024,West Bengal,712,Hooghly,712409,Singur
1024,West Bengal,712,Hooghly,712221,Angus
1024,West Bengal,712,Hooghly,712706,Seakhala
1024,West Bengal,712,Hooghly,712223,Sheoraphuli
1024,West Bengal,712,Hooghly,712424,Antpur
1024,West Bengal,712,Hooghly,712601,Netaji Mahavidyalaya
1024,West Bengal,712,Hooghly,712413,Parabagnan
1024,West Bengal,712,Hooghly,712146,Pindira
1024,West Bengal,712,Hooghly,712616,Saora
1024,West Bengal,712,Hooghly,712611,Senai
1024,West Bengal,712,Hooghly,712122,Tilari
1024,West Bengal,712,Hooghly,712404,Satghara
1024,West Bengal,712,Hooghly,712405,Paniseola
1024,West Bengal,712,Hooghly,712203,Simla
1024,West Bengal,712,Hooghly,712222,Kumarpara
1024,West Bengal,712,Hooghly,712407,Nalikul
1024,West Bengal,712,Hooghly,712602,Tirol
1024,West Bengal,712,Hooghly,712304,Monirampur
1024,West Bengal,712,Hooghly,712501,Patuligram
1024,West Bengal,712,Hooghly,712416,Ranjitbati
1024,West Bengal,712,Hooghly,712303,Sankarpur
1024,West Bengal,712,Hooghly,712134,Talbona
1024,West Bengal,712,Hooghly,712135,Boinchigram
1024,West Bengal,712,Hooghly,712250,Nutangram
1024,West Bengal,712,Hooghly,712123,Somra
1024,West Bengal,712,Hooghly,712515,Khamargachi
1024,West Bengal,712,Hooghly,712248,Rishra
1024,West Bengal,712,Hooghly,712502,Shibpur Bansberia
1024,West Bengal,712,Hooghly,712246,Nabagram
1024,West Bengal,712,Hooghly,712617,Mayalbandipur
1024,West Bengal,712,Hooghly,712412,Tantisal
1024,West Bengal,712,Hooghly,712306,Panchgharabazar
1024,West Bengal,712,Hooghly,712403,Paschimgopinathpur
1024,West Bengal,712,Hooghly,712615,Karui
1024,West Bengal,712,Hooghly,712309,Belmuri
1024,West Bengal,712,Hooghly,712156,Beloon
1024,West Bengal,712,Hooghly,712613,Thakuranichak
1024,West Bengal,712,Hooghly,712232,Bhadrakali
1024,West Bengal,712,Hooghly,712124,Saradapally
1024,West Bengal,712,Hooghly,712415,Saidpur
1024,West Bengal,712,Hooghly,712103,Tamlipara
1024,West Bengal,712,Hooghly,712417,Sabalsingpur
1024,West Bengal,712,Hooghly,712136,Palpara
1024,West Bengal,712,Hooghly,712302,Rudrani
1024,West Bengal,712,Hooghly,712503,Tribeni
1024,West Bengal,712,Hooghly,712105,Kanakshally
1024,West Bengal,712,Hooghly,712310,Dankuni Coal complex
1024,West Bengal,712,Hooghly,712702,Naity
1024,West Bengal,712,Hooghly,712504,Chandrahati
1024,West Bengal,712,Hooghly,712147,Radhanagar
1024,West Bengal,712,Hooghly,712204,Chatra
1024,West Bengal,712,Hooghly,712402,Sahabazar
1024,West Bengal,712,Hooghly,712101,Sandeswartala J.c.
1024,West Bengal,712,Hooghly,712102,Sogandha
1024,West Bengal,712,Hooghly,712308,Siptai
1024,West Bengal,712,Hooghly,712235,Konnagar
1024,West Bengal,712,Hooghly,712311,Mrigala
1024,West Bengal,712,Hooghly,712614,Sunia
1024,West Bengal,712,Hooghly,712708,Garalgacha
1024,West Bengal,712,Hooghly,712137,Gondalpara
1024,West Bengal,712,Hooghly,712513,Nayasarai
1024,West Bengal,712,Hooghly,712423,Gopinagar
1024,West Bengal,712,Hooghly,712408,Rashidpur
1024,West Bengal,712,Hooghly,712233,Hindmotor
1024,West Bengal,712,Hooghly,712406,Udaypur
1024,West Bengal,712,Hooghly,712707,Illahipur
1024,West Bengal,712,Hooghly,712419,Jangalapara
1024,West Bengal,712,Hooghly,712138,Noapara
1024,West Bengal,712,Hooghly,712201,Serampore Court
1024,West Bengal,712,Hooghly,712612,Tarahat
1024,West Bengal,712,Hooghly,712234,Kanaipur
1024,West Bengal,712,Hooghly,712104,Sahaganj
1024,West Bengal,712,Hooghly,712428,Keshabpur
1024,West Bengal,712,Hooghly,712157,Khanyan
1024,West Bengal,712,Hooghly,712705,Kristarampur
1024,West Bengal,712,Hooghly,712704,Kumirmorah
1024,West Bengal,712,Hooghly,712202,Mahesh -1
1024,West Bengal,712,Hooghly,712245,Makhla
1024,West Bengal,712,Hooghly,712139,Mankundu Govt.colony
1024,West Bengal,712,Hooghly,712420,Moloypur
1024,West Bengal,712,Hooghly,712418,Pargopalnagar
1024,West Bengal,712,Hooghly,712154,Polba
1024,West Bengal,712,Hooghly,712249,Prabasnagar
1024,West Bengal,712,Hooghly,712426,Prasadpur
1024,West Bengal,712,Hooghly,712422,Pratapnagar
1024,West Bengal,712,Hooghly,712150,Rabindranagar
1024,West Bengal,712,Hooghly,712247,Raghunathpur
1024,West Bengal,712,Hooghly,712125,Telinipara
1024,West Bengal,712,Hooghly,712258,Uttarpara Bazar
1024,West Bengal,712,Hooghly,712152,Rameswarpur
1024,West Bengal,712,Hooghly,712411,Ramnagar
1024,West Bengal,712,Hooghly,712429,Routh Khana
1024,West Bengal,712,Hooghly,712158,Simlagarh
1024,West Bengal,712,Hooghly,712514,Sripur Bazar
1025,West Bengal,712,Howrah,712408,Dihibhursut
1026,West Bengal,713,Bankura,713150,Srikhanda
1026,West Bengal,713,Bankura,713513,Sutra
1026,West Bengal,713,Bankura,713519,Samudragarh
1026,West Bengal,713,Bankura,713512,Ukhra Sarangpur
1026,West Bengal,713,Bankura,713514,Sribati
1026,West Bengal,713,Bankura,713425,Simlon
1026,West Bengal,713,Bankura,713517,Sudpur
1027,West Bengal,713,Bardhaman,713144,Samantapara
1027,West Bengal,713,Bardhaman,713166,Reora Gopalpur
1027,West Bengal,713,Bardhaman,713335,Seakulberia
1027,West Bengal,713,Bardhaman,713428,Serorai
1027,West Bengal,713,Bardhaman,713148,Sonai
1027,West Bengal,713,Bardhaman,713123,Pachundi
1027,West Bengal,713,Bardhaman,713502,Masthuli
1027,West Bengal,713,Bardhaman,713101,Sudhanpur
1027,West Bengal,713,Bardhaman,713401,Sanchra
1027,West Bengal,713,Bardhaman,713157,Akalpoush
1027,West Bengal,713,Bardhaman,713359,Sitarampur
1027,West Bengal,713,Bardhaman,713154,Amadpur
1027,West Bengal,713,Bardhaman,713141,Talit
1027,West Bengal,713,Bardhaman,713155,Amaragarh
1027,West Bengal,713,Bardhaman,713125,Sunur
1027,West Bengal,713,Bardhaman,713381,Nutandanga
1027,West Bengal,713,Bardhaman,713129,Srigram
1027,West Bengal,713,Bardhaman,713423,Torkona
1027,West Bengal,713,Bardhaman,713331,Simjuri
1027,West Bengal,713,Bardhaman,713212,Shibpur
1027,West Bengal,713,Bardhaman,713214,Durgapur Crpf camp
1027,West Bengal,713,Bardhaman,713203,Durgapur Steel project
1027,West Bengal,713,Bardhaman,713358,Searsole Rajbari
1027,West Bengal,713,Bardhaman,713514,Amul
1027,West Bengal,713,Bardhaman,713321,Srirampur
1027,West Bengal,713,Bardhaman,713347,Raniganj
1027,West Bengal,713,Bardhaman,713215,Durgapur Chemicals
1027,West Bengal,713,Bardhaman,713408,Surekanla
1027,West Bengal,713,Bardhaman,713122,Tehatta
1027,West Bengal,713,Bardhaman,713121,Sanchalida
1027,West Bengal,713,Bardhaman,713402,Arjunpur
1027,West Bengal,713,Bardhaman,713360,Sunderchak
1027,West Bengal,713,Bardhaman,713145,Tarasusunia
1027,West Bengal,713,Bardhaman,713301,S.B.gorai road
1027,West Bengal,713,Bardhaman,713304,U C danga
1027,West Bengal,713,Bardhaman,713405,Sahajpur
1027,West Bengal,713,Bardhaman,713147,Purbo Noaapara
1027,West Bengal,713,Bardhaman,713130,Sitahati
1027,West Bengal,713,Bardhaman,713143,Thangapara
1027,West Bengal,713,Bardhaman,713156,Ausgram
1027,West Bengal,713,Bardhaman,713146,Sultanpur
1027,West Bengal,713,Bardhaman,713501,Bagnapara
1027,West Bengal,713,Bardhaman,713406,Uchhagram
1027,West Bengal,713,Bardhaman,713322,Siduli
1027,West Bengal,713,Bardhaman,713427,Uchalan
1027,West Bengal,713,Bardhaman,713407,Sukur
1027,West Bengal,713,Bardhaman,713363,Ukhra Puratanhattala
1027,West Bengal,713,Bardhaman,713323,Nupur
1027,West Bengal,713,Bardhaman,713324,Ramnagar
1027,West Bengal,713,Bardhaman,713152,Uttarramnagar
1027,West Bengal,713,Bardhaman,713421,Saknara
1027,West Bengal,713,Bardhaman,713158,Barabelun
1027,West Bengal,713,Bardhaman,713334,Kelejora
1027,West Bengal,713,Bardhaman,713367,Baradhemo
1027,West Bengal,713,Bardhaman,713409,Kalna Court
1027,West Bengal,713,Bardhaman,713429,Barapalashan
1027,West Bengal,713,Bardhaman,713124,Natumohanpur
1027,West Bengal,713,Bardhaman,713422,Sotla
1027,West Bengal,713,Bardhaman,713512,Patuli
1027,West Bengal,713,Bardhaman,713102,Rajganj Asthal
1027,West Bengal,713,Bardhaman,713213,Bhiringi
1027,West Bengal,713,Bardhaman,713204,Kamalpur
1027,West Bengal,713,Bardhaman,713375,Benali
1027,West Bengal,713,Bardhaman,713126,Saha Basantapur
1027,West Bengal,713,Bardhaman,713149,Saktigarh
1027,West Bengal,713,Bardhaman,713426,Untia
1027,West Bengal,713,Bardhaman,713153,Parisha
1027,West Bengal,713,Bardhaman,713378,Sonepur
1027,West Bengal,713,Bardhaman,713337,Jemahari
1027,West Bengal,713,Bardhaman,713371,Patmohana
1027,West Bengal,713,Bardhaman,713404,Sonargaria
1027,West Bengal,713,Bardhaman,713332,Devchandnagar
1027,West Bengal,713,Bardhaman,713430,Bohar
1027,West Bengal,713,Bardhaman,713127,Narayanpur
1027,West Bengal,713,Bardhaman,713403,Ramgopalpur
1027,West Bengal,713,Bardhaman,713104,Sarbamangala Bari
1027,West Bengal,713,Bardhaman,713325,Santinagar
1027,West Bengal,713,Bardhaman,713151,Rasulpur
1027,West Bengal,713,Bardhaman,713142,Ukhrid
1027,West Bengal,713,Bardhaman,713330,Shivpur
1027,West Bengal,713,Bardhaman,713339,Rotibati
1027,West Bengal,713,Bardhaman,713365,Chittaranjan Ts
1027,West Bengal,713,Bardhaman,713326,Chotodighari
1027,West Bengal,713,Bardhaman,713103,Sundarghat
1027,West Bengal,713,Bardhaman,713368,Churulia
1027,West Bengal,713,Bardhaman,713216,City Centre
1027,West Bengal,713,Bardhaman,713302,Railpar
1027,West Bengal,713,Bardhaman,713128,Somaipur
1027,West Bengal,713,Bardhaman,713205,Durgapur Steel town east
1027,West Bengal,713,Bardhaman,713376,Dhandadihi
1027,West Bengal,713,Bardhaman,713515,Nowapara
1027,West Bengal,713,Bardhaman,713333,Sitalpur
1027,West Bengal,713,Bardhaman,713201,Durgapur Rs
1027,West Bengal,713,Bardhaman,713208,Durgapur Brick field
1027,West Bengal,713,Bardhaman,713206,Jemua
1027,West Bengal,713,Bardhaman,713308,Durgapur Alloy steel probject
1027,West Bengal,713,Bardhaman,713202,Durgapur Project b zone
1027,West Bengal,713,Bardhaman,713210,V.K.nagar
1027,West Bengal,713,Bardhaman,713209,Durgapur Re college
1027,West Bengal,713,Bardhaman,713211,Durgapur Sagarbhanga colony
1027,West Bengal,713,Bardhaman,713207,Durgapur Thermal power station
1027,West Bengal,713,Bardhaman,713424,Telua
1027,West Bengal,713,Bardhaman,713160,Gonpur
1027,West Bengal,713,Bardhaman,713219,Gopinathpur
1027,West Bengal,713,Bardhaman,713377,Gourbazar
1027,West Bengal,713,Bardhaman,713162,Hatkirtinagar
1027,West Bengal,713,Bardhaman,713362,Toposi
1027,West Bengal,713,Bardhaman,713315,Roshna
1027,West Bengal,713,Bardhaman,713336,Taltore
1027,West Bengal,713,Bardhaman,713338,Parascole
1027,West Bengal,713,Bardhaman,713310,Kalla Central hospital
1027,West Bengal,713,Bardhaman,713369,Kalyaneshwari
1027,West Bengal,713,Bardhaman,713373,Sripur Bazar
1027,West Bengal,713,Bardhaman,713341,Nuni
1027,West Bengal,713,Bardhaman,713131,Kasenagar
1027,West Bengal,713,Bardhaman,713342,Kenda
1027,West Bengal,713,Bardhaman,713380,Kendra
1027,West Bengal,713,Bardhaman,713343,Lalbazar
1027,West Bengal,713,Bardhaman,713140,Roundi Srirampur
1027,West Bengal,713,Bardhaman,713518,Khajurdihi
1027,West Bengal,713,Bardhaman,713383,Satgram
1027,West Bengal,713,Bardhaman,713303,Ushagram
1027,West Bengal,713,Bardhaman,713419,Muraripur
1027,West Bengal,713,Bardhaman,713344,Nandi
1027,West Bengal,713,Bardhaman,713165,Nasigram
1027,West Bengal,713,Bardhaman,713218,Naudiha
1027,West Bengal,713,Bardhaman,713434,Nibhuji Bazar
1027,West Bengal,713,Bardhaman,713370,Ningha
1027,West Bengal,713,Bardhaman,713167,Orgram
1027,West Bengal,713,Bardhaman,713217,Oyaria
1027,West Bengal,713,Bardhaman,713168,Paharhati
1027,West Bengal,713,Bardhaman,713420,Rondia
1027,West Bengal,713,Bardhaman,713346,Semallya
1027,West Bengal,713,Bardhaman,713516,Panuhat
1027,West Bengal,713,Bardhaman,713384,Parasea
1027,West Bengal,713,Bardhaman,713372,Radhanagar Rly colony
1027,West Bengal,713,Bardhaman,713364,Rupnarayanpur Bazar
1027,West Bengal,713,Bardhaman,713357,Salanpur
1027,West Bengal,713,Bardhaman,713169,Shilampur
1027,West Bengal,713,Bardhaman,713170,Singerkone
1027,West Bengal,713,Bardhaman,713171,Suata
1027,West Bengal,713,Bardhaman,713361,Suryanagar
1027,West Bengal,713,Bardhaman,713172,Trilokchandpur
1027,West Bengal,713,Bardhaman,713173,Uniatatarpur
1027,West Bengal,713,Bardhaman,713433,Ura
1028,West Bengal,713,Murshidabad,713123,Shimulia
1029,West Bengal,721,East Medinipur,721636,Tamluk
1029,West Bengal,721,East Medinipur,721635,Tajnagar
1029,West Bengal,721,East Medinipur,721401,Tengunia
1029,West Bengal,721,East Medinipur,721430,Uttar Kalamdan
1029,West Bengal,721,East Medinipur,721650,Shibrampur
1029,West Bengal,721,East Medinipur,721439,Satbahini
1029,West Bengal,721,East Medinipur,721420,Jerthan
1029,West Bengal,721,East Medinipur,721441,Ramnagar
1029,West Bengal,721,East Medinipur,721137,Mechada
1029,West Bengal,721,East Medinipur,721454,Selmabad
1029,West Bengal,721,East Medinipur,721134,Paikpari
1029,West Bengal,721,East Medinipur,721631,Sarberia
1029,West Bengal,721,East Medinipur,721656,Terapakhia
1029,West Bengal,721,East Medinipur,721628,Rangibasan
1029,West Bengal,721,East Medinipur,721427,Uttar Amtalia
1029,West Bengal,721,East Medinipur,721444,Sarpai
1029,West Bengal,721,East Medinipur,721426,Angua
1029,West Bengal,721,East Medinipur,721642,Paschimnaichanpur
1029,West Bengal,721,East Medinipur,721456,Sukhakhola
1029,West Bengal,721,East Medinipur,721139,Uttarmechogram
1029,West Bengal,721,East Medinipur,721626,Uttarkotebarh
1029,West Bengal,721,East Medinipur,721659,Sultanpurbazar
1029,West Bengal,721,East Medinipur,721422,Uttar-tajpur
1029,West Bengal,721,East Medinipur,721446,Sahara
1029,West Bengal,721,East Medinipur,721633,Pairachali
1029,West Bengal,721,East Medinipur,721432,Takapura
1029,West Bengal,721,East Medinipur,721151,Uttarjianda
1029,West Bengal,721,East Medinipur,721627,Teghorijoteviram
1029,West Bengal,721,East Medinipur,721442,Uttarharaschak
1029,West Bengal,721,East Medinipur,721649,Simulia
1029,West Bengal,721,East Medinipur,721158,Sulani
1029,West Bengal,721,East Medinipur,721423,Shyampur
1029,West Bengal,721,East Medinipur,721440,Srirampur
1029,West Bengal,721,East Medinipur,721645,Raghurampur
1029,West Bengal,721,East Medinipur,721449,Marisda
1029,West Bengal,721,East Medinipur,721458,Ururi
1029,West Bengal,721,East Medinipur,721152,Upalda
1029,West Bengal,721,East Medinipur,721450,Paschim Bamunia
1029,West Bengal,721,East Medinipur,721443,Uttar Asda
1029,West Bengal,721,East Medinipur,721652,Motilalchak
1029,West Bengal,721,East Medinipur,721448,Shipur
1029,West Bengal,721,East Medinipur,721648,Uttarsonamui
1029,West Bengal,721,East Medinipur,721647,Ramchandrapur
1029,West Bengal,721,East Medinipur,721429,Susunia
1029,West Bengal,721,East Medinipur,721431,Sillyaberia
1029,West Bengal,721,East Medinipur,721657,Pitambarchak
1029,West Bengal,721,East Medinipur,721651,Sulochanarambhadrapur
1029,West Bengal,721,East Medinipur,721434,Taghari
1029,West Bengal,721,East Medinipur,721658,Kukrahati
1029,West Bengal,721,East Medinipur,721654,Lakshya
1029,West Bengal,721,East Medinipur,721452,Uttar Badalpur
1029,West Bengal,721,East Medinipur,721602,Khanjanchak
1029,West Bengal,721,East Medinipur,721433,Tagaria
1029,West Bengal,721,East Medinipur,721424,Belda
1029,West Bengal,721,East Medinipur,721601,Srikantapur
1029,West Bengal,721,East Medinipur,721455,Pichabani
1029,West Bengal,721,East Medinipur,721425,Udbadal
1029,West Bengal,721,East Medinipur,721462,Brajaballavpur
1029,West Bengal,721,East Medinipur,721666,Chakdwipa
1029,West Bengal,721,East Medinipur,721438,Panchetgarh
1029,West Bengal,721,East Medinipur,721629,Tilkhoja
1029,West Bengal,721,East Medinipur,721644,Sudampur
1029,West Bengal,721,East Medinipur,721653,Salikagarchak
1029,West Bengal,721,East Medinipur,721154,Sitapur
1029,West Bengal,721,East Medinipur,721435,Koria
1029,West Bengal,721,East Medinipur,721638,Sundarnagar
1029,West Bengal,721,East Medinipur,721632,Sitalpur
1029,West Bengal,721,East Medinipur,721464,Dakshin Dauki
1029,West Bengal,721,East Medinipur,721467,Dalpara
1029,West Bengal,721,East Medinipur,721668,Demarihat
1029,West Bengal,721,East Medinipur,721453,Uttar Kanpur
1029,West Bengal,721,East Medinipur,721670,Deulpota
1029,West Bengal,721,East Medinipur,721643,Khanchi
1029,West Bengal,721,East Medinipur,721428,Saripur
1029,West Bengal,721,East Medinipur,721463,Digha New township
1029,West Bengal,721,East Medinipur,721603,Rajaniganj
1029,West Bengal,721,East Medinipur,721253,Ghoshkira
1029,West Bengal,721,East Medinipur,721646,Tekhalibazar
1029,West Bengal,721,East Medinipur,721130,Saluka
1029,West Bengal,721,East Medinipur,721606,Haldia O.r
1029,West Bengal,721,East Medinipur,721604,Haldia
1029,West Bengal,721,East Medinipur,721605,Haldia Port
1029,West Bengal,721,East Medinipur,721607,Haldia T.s
1029,West Bengal,721,East Medinipur,721625,Nandapur
1029,West Bengal,721,East Medinipur,721641,Jiakhali
1029,West Bengal,721,East Medinipur,721461,Kalindi
1029,West Bengal,721,East Medinipur,721665,Tiorkhali
1029,West Bengal,721,East Medinipur,721447,Telami
1029,West Bengal,721,East Medinipur,721171,Ktpp T.s
1029,West Bengal,721,East Medinipur,721153,Kultikri-ghatal
1029,West Bengal,721,East Medinipur,721630,Naikuri
1029,West Bengal,721,East Medinipur,721669,Narghat L.s
1029,West Bengal,721,East Medinipur,721172,Nonakuribazar
1029,West Bengal,721,East Medinipur,721465,Paushi
1029,West Bengal,721,East Medinipur,721667,Raichak
1029,West Bengal,721,East Medinipur,721142,Ramtarak Hat
1029,West Bengal,721,East Medinipur,721169,Shyamsundarpatna
1029,West Bengal,721,East Medinipur,721168,Siddha
1029,West Bengal,721,East Medinipur,721437,Tentulmuri
1029,West Bengal,721,East Medinipur,721664,Uttar Sautanchak
1030,West Bengal,721,West Medinipur,721102,Vidyasagar University
1030,West Bengal,721,West Medinipur,721222,Sultanpur
1030,West Bengal,721,West Medinipur,721121,Sijua
1030,West Bengal,721,West Medinipur,721501,Thakurnpahari
1030,West Bengal,721,West Medinipur,721507,Tilaboni
1030,West Bengal,721,West Medinipur,721150,Sarisakhola
1030,West Bengal,721,West Medinipur,721156,Talbandhi
1030,West Bengal,721,West Medinipur,721424,Uparjagatpur
1030,West Bengal,721,West Medinipur,721253,Satbankura
1030,West Bengal,721,West Medinipur,721140,Uttarbarh
1030,West Bengal,721,West Medinipur,721457,Sautia
1030,West Bengal,721,West Medinipur,721506,Swargachira
1030,West Bengal,721,West Medinipur,721232,Prasadchak
1030,West Bengal,721,West Medinipur,721436,Tanua
1030,West Bengal,721,West Medinipur,721517,Tapsia
1030,West Bengal,721,West Medinipur,721133,Uttar Dumurkhola
1030,West Bengal,721,West Medinipur,721131,Saharda
1030,West Bengal,721,West Medinipur,721260,Uriasai
1030,West Bengal,721,West Medinipur,721513,Rajabasa
1030,West Bengal,721,West Medinipur,721157,Salgeria
1030,West Bengal,721,West Medinipur,721505,Parihati
1030,West Bengal,721,West Medinipur,721201,Tenpur
1030,West Bengal,721,West Medinipur,721122,Sahaspur
1030,West Bengal,721,West Medinipur,721148,Rohini
1030,West Bengal,721,West Medinipur,721228,Pingboni
1030,West Bengal,721,West Medinipur,721144,Uttar Eral
1030,West Bengal,721,West Medinipur,721124,Pasang
1030,West Bengal,721,West Medinipur,721158,Panchgechhia
1030,West Bengal,721,West Medinipur,721126,Pakuria
1030,West Bengal,721,West Medinipur,721445,Turkagarh
1030,West Bengal,721,West Medinipur,721515,Silda
1030,West Bengal,721,West Medinipur,721149,Tentulmuriuttar
1030,West Bengal,721,West Medinipur,721166,Uchitpur
1030,West Bengal,721,West Medinipur,721155,Tilantapara
1030,West Bengal,721,West Medinipur,721123,Bagri Krishnanagar
1030,West Bengal,721,West Medinipur,721437,Tentuliabhumjan
1030,West Bengal,721,West Medinipur,721503,Tulibarh
1030,West Bengal,721,West Medinipur,721130,Tilaboni Mahisamunda
1030,West Bengal,721,West Medinipur,721451,Uchudiha
1030,West Bengal,721,West Medinipur,721641,Sahapur
1030,West Bengal,721,West Medinipur,721301,Shyamchak
1030,West Bengal,721,West Medinipur,721212,Ratneswar Bati
1030,West Bengal,721,West Medinipur,721125,Satpautia
1030,West Bengal,721,West Medinipur,721516,Satpati
1030,West Bengal,721,West Medinipur,721426,Uttar Ranibarh
1030,West Bengal,721,West Medinipur,721443,Renjura
1030,West Bengal,721,West Medinipur,721160,Turia
1030,West Bengal,721,West Medinipur,721467,Sarta
1030,West Bengal,721,West Medinipur,721136,Shanrpur
1030,West Bengal,721,West Medinipur,721211,Uttardhankhal
1030,West Bengal,721,West Medinipur,721425,Dumandari
1030,West Bengal,721,West Medinipur,721129,Kashijora
1030,West Bengal,721,West Medinipur,721147,Shyamchandpur
1030,West Bengal,721,West Medinipur,721101,Natunbazar
1030,West Bengal,721,West Medinipur,721502,Binpur
1030,West Bengal,721,West Medinipur,721256,Birsingha
1030,West Bengal,721,West Medinipur,721127,Uttarbil
1030,West Bengal,721,West Medinipur,721146,Sekendari
1030,West Bengal,721,West Medinipur,721504,Ranarani
1030,West Bengal,721,West Medinipur,721145,Salua
1030,West Bengal,721,West Medinipur,721242,Tatarpur
1030,West Bengal,721,West Medinipur,721304,Nimpura
1030,West Bengal,721,West Medinipur,721663,Dudhkumrahat
1030,West Bengal,721,West Medinipur,721518,Garh Salboni
1030,West Bengal,721,West Medinipur,721258,Guiadaha
1030,West Bengal,721,West Medinipur,721305,Ramnagar Gopinathpur
1030,West Bengal,721,West Medinipur,721306,Talbagicha
1030,West Bengal,721,West Medinipur,721460,Jamirapalgarh
1030,West Bengal,721,West Medinipur,721435,Talda Ratanchak
1030,West Bengal,721,West Medinipur,721254,Jhakra
1030,West Bengal,721,West Medinipur,721159,Tufuria Kamalpur
1030,West Bengal,721,West Medinipur,721153,Shyamganj
1030,West Bengal,721,West Medinipur,721303,Kalaikunda A f
1030,West Bengal,721,West Medinipur,721302,Kharagpur Technology
1030,West Bengal,721,West Medinipur,721165,Kharkusma
1030,West Bengal,721,West Medinipur,721161,Mohar
1030,West Bengal,721,West Medinipur,721257,Nayabasat
1030,West Bengal,721,West Medinipur,721143,Nayagram
1030,West Bengal,721,West Medinipur,721627,Nilkunthia
1030,West Bengal,721,West Medinipur,721141,Ramgarh
1030,West Bengal,721,West Medinipur,721132,Reserve Bank nm ltd.
1030,West Bengal,721,West Medinipur,721252,Sanatorium Digri
1030,West Bengal,721,West Medinipur,721466,Sauri
1030,West Bengal,721,West Medinipur,721514,Sevayatan
1030,West Bengal,721,West Medinipur,721170,Sonakhali
1030,West Bengal,721,West Medinipur,721459,Sonakonia
1031,West Bengal,721,West Midnapore,721467,Adasimla
1032,West Bengal,722,Bankura,722144,Teleberia
1032,West Bengal,722,Bankura,722173,Sonardanga
1032,West Bengal,722,Bankura,722163,Gholkunda
1032,West Bengal,722,Bankura,722206,Salna
1032,West Bengal,722,Bankura,722134,Tapta-damdi
1032,West Bengal,722,Bankura,722148,Tungcharar
1032,West Bengal,722,Bankura,722201,Trisalan
1032,West Bengal,722,Bankura,722137,Silpajambedia
1032,West Bengal,722,Bankura,722133,Ukhradihi
1032,West Bengal,722,Bankura,722135,Rudra
1032,West Bengal,722,Bankura,722141,Sihas
1032,West Bengal,722,Bankura,722122,Uliara
1032,West Bengal,722,Bankura,722207,Sonamukhi Rath tala
1032,West Bengal,722,Bankura,722102,Kenduadihi
1032,West Bengal,722,Bankura,722146,Rajagram
1032,West Bengal,722,Bankura,722121,Rampur
1032,West Bengal,722,Bankura,722143,Thakurbari Ramchandrapur
1032,West Bengal,722,Bankura,722154,Karakberia Sadhuadal
1032,West Bengal,722,Bankura,722178,Shyamnagar
1032,West Bengal,722,Bankura,722136,Sunri-chitra
1032,West Bengal,722,Bankura,722139,Satyayatan
1032,West Bengal,722,Bankura,722101,Supur
1032,West Bengal,722,Bankura,722165,Baliara
1032,West Bengal,722,Bankura,722153,Tiluri
1032,West Bengal,722,Bankura,722166,Banasuria
1032,West Bengal,722,Bankura,722151,Simlapal
1032,West Bengal,722,Bankura,722142,Metali
1032,West Bengal,722,Bankura,722160,Tilabani
1032,West Bengal,722,Bankura,722150,Sukhadali
1032,West Bengal,722,Bankura,722203,Salbedia
1032,West Bengal,722,Bankura,722162,Moulasole
1032,West Bengal,722,Bankura,722202,Unara Jambedia
1032,West Bengal,722,Bankura,722155,Sirsara
1032,West Bengal,722,Bankura,722107,Bhadul
1032,West Bengal,722,Bankura,722157,Panchal
1032,West Bengal,722,Bankura,722140,Tiring
1032,West Bengal,722,Bankura,722156,Panchmura
1032,West Bengal,722,Bankura,722158,Shyampur
1032,West Bengal,722,Bankura,722209,Bonbirsingha
1032,West Bengal,722,Bankura,722132,Papurdih
1032,West Bengal,722,Bankura,722152,Taldangra
1032,West Bengal,722,Bankura,722149,Satmouli
1032,West Bengal,722,Bankura,722110,Dhansimla
1032,West Bengal,722,Bankura,722111,Dipara
1032,West Bengal,722,Bankura,722168,Ghutgoria
1032,West Bengal,722,Bankura,722169,Gobindadham
1032,West Bengal,722,Bankura,722161,Tajpurgram
1032,West Bengal,722,Bankura,722112,Hadal Narayanpur
1032,West Bengal,722,Bankura,722204,Hatasuria
1032,West Bengal,722,Bankura,722170,Helna Susunia
1032,West Bengal,722,Bankura,722171,Hirbandh
1032,West Bengal,722,Bankura,722205,Indas
1032,West Bengal,722,Bankura,722172,Jagadalla
1032,West Bengal,722,Bankura,722174,Lodna
1032,West Bengal,722,Bankura,722175,Mankanali
1032,West Bengal,722,Bankura,722183,Mejia Th power station
1032,West Bengal,722,Bankura,722176,Narrah
1032,West Bengal,722,Bankura,722177,Nityanandapur
1032,West Bengal,722,Bankura,722208,Tajpur Purakona
1032,West Bengal,722,Bankura,722147,Ramsagar
1032,West Bengal,722,Bankura,722145,Peardoba
1032,West Bengal,722,Bankura,722179,Ratanpur
1032,West Bengal,722,Bankura,722180,Sanbandha
1032,West Bengal,722,Bankura,722182,Susunia
1032,West Bengal,722,Bankura,722181,West-sanabandh
1033,West Bengal,722,Hooghly,722161,Anur
1034,West Bengal,722,Purulia,722153,Pachhandapur
1035,West Bengal,723,Purulia,723145,Santaldih
1035,West Bengal,723,Purulia,723121,Sutabai
1035,West Bengal,723,Purulia,723133,Upansankra
1035,West Bengal,723,Purulia,723129,Sagasupurari
1035,West Bengal,723,Purulia,723130,Tanginayada
1035,West Bengal,723,Purulia,723154,Thumba Jhalda
1035,West Bengal,723,Purulia,723152,Uttamdih
1035,West Bengal,723,Purulia,723101,Ralibera
1035,West Bengal,723,Purulia,723127,Sukurhutu
1035,West Bengal,723,Purulia,723148,Sindurpur
1035,West Bengal,723,Purulia,723126,Tentulda
1035,West Bengal,723,Purulia,723216,Arsha
1035,West Bengal,723,Purulia,723212,Tunturi
1035,West Bengal,723,Purulia,723151,Tatari
1035,West Bengal,723,Purulia,723147,Vivekananda Nagar
1035,West Bengal,723,Purulia,723202,Rigid
1035,West Bengal,723,Purulia,723215,Pundag
1035,West Bengal,723,Purulia,723146,Santaldih T.p.
1035,West Bengal,723,Purulia,723128,Simultard
1035,West Bengal,723,Purulia,723213,Timangda
1035,West Bengal,723,Purulia,723132,Tara
1035,West Bengal,723,Purulia,723153,Suklara
1035,West Bengal,723,Purulia,723201,Uparkahan
1035,West Bengal,723,Purulia,723103,Shibdih
1035,West Bengal,723,Purulia,723131,Taldabra
1035,West Bengal,723,Purulia,723214,Begunkodar
1035,West Bengal,723,Purulia,723102,Simulia
1035,West Bengal,723,Purulia,723149,Sihali
1035,West Bengal,723,Purulia,723143,Tentlow
1035,West Bengal,723,Purulia,723155,Udaipur
1035,West Bengal,723,Purulia,723158,Chelyama
1035,West Bengal,723,Purulia,723163,Chharrah
1035,West Bengal,723,Purulia,723162,Dubra
1035,West Bengal,723,Purulia,723164,Kalapathar
1035,West Bengal,723,Purulia,723168,Manihara
1035,West Bengal,723,Purulia,723156,Talberia
1035,West Bengal,723,Purulia,723142,Ramchandrapur Ashram
1035,West Bengal,723,Purulia,723160,Ramkanali
1035,West Bengal,723,Purulia,723104,Sainik School
1035,West Bengal,723,Purulia,723157,Santuri
1036,West Bengal,731,Birbhum,731303,Thiba
1036,West Bengal,731,Birbhum,731121,Talibpur
1036,West Bengal,731,Birbhum,731204,Supur
1036,West Bengal,731,Birbhum,731201,Uttarkhayerbuni
1036,West Bengal,731,Birbhum,731130,Ranigram
1036,West Bengal,731,Birbhum,731302,Patnil
1036,West Bengal,731,Birbhum,731222,Srirampur
1036,West Bengal,731,Birbhum,731219,Ruprampur
1036,West Bengal,731,Birbhum,731127,Seherakuri
1036,West Bengal,731,Birbhum,731242,Sardha
1036,West Bengal,731,Birbhum,731233,Tarapur
1036,West Bengal,731,Birbhum,731243,Sonarkundu
1036,West Bengal,731,Birbhum,731101,Suricollege
1036,West Bengal,731,Birbhum,731125,Sagarbhanga
1036,West Bengal,731,Birbhum,731253,Bagdola
1036,West Bengal,731,Birbhum,731240,Singhee
1036,West Bengal,731,Birbhum,731123,Rupaspur
1036,West Bengal,731,Birbhum,731215,Thupsara
1036,West Bengal,731,Birbhum,731237,Ujirpur
1036,West Bengal,731,Birbhum,731221,Tirogram
1036,West Bengal,731,Birbhum,731103,Narasinghapur
1036,West Bengal,731,Birbhum,731224,Swadhinpur
1036,West Bengal,731,Birbhum,731223,R K sikshapith
1036,West Bengal,731,Birbhum,731234,Uttarbonogram
1036,West Bengal,731,Birbhum,731301,Ukrandi
1036,West Bengal,731,Birbhum,731122,Barhra
1036,West Bengal,731,Birbhum,731220,Tejhati
1036,West Bengal,731,Birbhum,731202,Laha
1036,West Bengal,731,Birbhum,731147,Batikar
1036,West Bengal,731,Birbhum,731251,Bautia
1036,West Bengal,731,Birbhum,731245,Turigram
1036,West Bengal,731,Birbhum,731236,Sriniketan
1036,West Bengal,731,Birbhum,731126,Tabadumra
1036,West Bengal,731,Birbhum,731238,Sultanpur
1036,West Bengal,731,Birbhum,731203,Bhadrapur
1036,West Bengal,731,Birbhum,731216,Tarachua
1036,West Bengal,731,Birbhum,731102,Panuria
1036,West Bengal,731,Birbhum,731244,Tentulia
1036,West Bengal,731,Birbhum,731104,Tapaspur
1036,West Bengal,731,Birbhum,731213,Parulia
1036,West Bengal,731,Birbhum,731241,Nonadanga
1036,West Bengal,731,Birbhum,731247,Chowhatta
1036,West Bengal,731,Birbhum,731214,Ushardihi
1036,West Bengal,731,Birbhum,731131,Tantipara
1036,West Bengal,731,Birbhum,731129,Purundarpur
1036,West Bengal,731,Birbhum,731124,Sirsha
1036,West Bengal,731,Birbhum,731132,Puranagram
1036,West Bengal,731,Birbhum,731254,Kotasur
1036,West Bengal,731,Birbhum,731246,Kundala
1036,West Bengal,731,Birbhum,731217,Margram
1036,West Bengal,731,Birbhum,731239,Narayanpur
1036,West Bengal,731,Birbhum,731128,Niramoy Sanetorium giridangaed
1036,West Bengal,731,Birbhum,731255,Panchsowa
1036,West Bengal,731,Birbhum,731235,Santiniketan
1036,West Bengal,731,Birbhum,731139,Patadanga
1037,West Bengal,732,Malda,732128,Old Malda
1037,West Bengal,732,Malda,732122,Singabad
1037,West Bengal,732,Malda,732138,Sapmari
1037,West Bengal,732,Malda,732124,Taherpur
1037,West Bengal,732,Malda,732121,Sirshi
1037,West Bengal,732,Malda,732216,Uttar Mahadipur
1037,West Bengal,732,Malda,732201,Uttar Dariapur
1037,West Bengal,732,Malda,732139,Sripur
1037,West Bengal,732,Malda,732208,Sattari
1037,West Bengal,732,Malda,732214,Araidanga
1037,West Bengal,732,Malda,732143,Arapur
1037,West Bengal,732,Malda,732123,Singhia
1037,West Bengal,732,Malda,732142,Sahapur
1037,West Bengal,732,Malda,732125,Talsur
1037,West Bengal,732,Malda,732205,Ratua
1037,West Bengal,732,Malda,732102,Sambalpur Tal
1037,West Bengal,732,Malda,732210,Nandalalpur
1037,West Bengal,732,Malda,732203,Uttar Chandipur
1037,West Bengal,732,Malda,732206,Sujapur
1037,West Bengal,732,Malda,732101,Sarbamangalapally
1037,West Bengal,732,Malda,732147,Bamangola
1037,West Bengal,732,Malda,732207,Uttar Lakshmipur
1037,West Bengal,732,Malda,732140,Tulsihatta
1037,West Bengal,732,Malda,732209,Sovanagar
1037,West Bengal,732,Malda,732126,Santoshpur
1037,West Bengal,732,Malda,732204,Paranpur
1037,West Bengal,732,Malda,732127,Palgachhi
1037,West Bengal,732,Malda,732202,Rahimpur
1037,West Bengal,732,Malda,732103,Rajbati Ramnagar
1037,West Bengal,732,Malda,732212,Jadupur
1037,West Bengal,732,Malda,732141,Popra
1037,West Bengal,732,Malda,732150,Kharba
1037,West Bengal,732,Malda,732144,Kotwali
1037,West Bengal,732,Malda,732211,Milki
1037,West Bengal,732,Malda,732215,Pubarun
1037,West Bengal,732,Malda,732213,Pukhuria
1038,West Bengal,733,Malda,733124,Nalagola
1039,West Bengal,733,North Dinajpur uttar,733129,Tarangapur
1039,West Bengal,733,North Dinajpur uttar,733215,Tungidighi
1039,West Bengal,733,North Dinajpur uttar,733208,Thakurbari
1039,West Bengal,733,North Dinajpur uttar,733202,State Farm colony
1039,West Bengal,733,North Dinajpur uttar,733201,Sripur
1039,West Bengal,733,North Dinajpur uttar,733207,Sujali
1039,West Bengal,733,North Dinajpur uttar,733209,Surjapur
1039,West Bengal,733,North Dinajpur uttar,733210,Sholpara
1039,West Bengal,733,North Dinajpur uttar,733134,Taherpur
1039,West Bengal,733,North Dinajpur uttar,733157,Bahin
1039,West Bengal,733,North Dinajpur uttar,733128,Tilna
1039,West Bengal,733,North Dinajpur uttar,733125,Balihara
1039,West Bengal,733,North Dinajpur uttar,733156,Panchbhaya
1039,West Bengal,733,North Dinajpur uttar,733143,Sonapur
1039,West Bengal,733,North Dinajpur uttar,733123,Tenohari
1039,West Bengal,733,North Dinajpur uttar,733211,Chakulia Hat
1039,West Bengal,733,North Dinajpur uttar,733216,Chopra
1039,West Bengal,733,North Dinajpur uttar,733213,Dhantola
1039,West Bengal,733,North Dinajpur uttar,733130,Mirual
1039,West Bengal,733,North Dinajpur uttar,733144,Hemtabad
1039,West Bengal,733,North Dinajpur uttar,733252,Kunor
1039,West Bengal,733,North Dinajpur uttar,733212,Rashokhowahat
1039,West Bengal,733,North Dinajpur uttar,733214,Sonapur Hat
1040,West Bengal,733,South Dinajpur dakshin,733127,Tilon
1040,West Bengal,733,South Dinajpur dakshin,733132,Uttar Para
1040,West Bengal,733,South Dinajpur dakshin,733103,Sarangram
1040,West Bengal,733,South Dinajpur dakshin,733141,Samjhia
1040,West Bengal,733,South Dinajpur dakshin,733158,Baul
1040,West Bengal,733,South Dinajpur dakshin,733121,Sudarshannagar
1040,West Bengal,733,South Dinajpur dakshin,733125,Singadaha
1040,West Bengal,733,South Dinajpur dakshin,733101,School Para
1040,West Bengal,733,South Dinajpur dakshin,733140,Rampur
1040,West Bengal,733,South Dinajpur dakshin,733147,Banshihari
1040,West Bengal,733,South Dinajpur dakshin,733102,Rajua
1040,West Bengal,733,South Dinajpur dakshin,733142,Nayabazar
1040,West Bengal,733,South Dinajpur dakshin,733133,Sayedpur
1040,West Bengal,733,South Dinajpur dakshin,733124,Sukdebpur
1040,West Bengal,733,South Dinajpur dakshin,733154,Majhihar
1040,West Bengal,733,South Dinajpur dakshin,733148,Champatali
1040,West Bengal,733,South Dinajpur dakshin,733145,Teor
1040,West Bengal,733,South Dinajpur dakshin,733246,Daulatpur
1040,West Bengal,733,South Dinajpur dakshin,733126,Hili Aftair
1040,West Bengal,733,South Dinajpur dakshin,733153,Kamarpara
1040,West Bengal,733,South Dinajpur dakshin,733149,Kardah
1040,West Bengal,733,South Dinajpur dakshin,733131,Kumarganj
1040,West Bengal,733,South Dinajpur dakshin,733151,Thakurpurahat
1040,West Bengal,733,South Dinajpur dakshin,733155,Trimohini
1041,West Bengal,734,Darjeeling,734301,Yangmakum Pambu
1041,West Bengal,734,Darjeeling,734427,Tharjhorabagan
1041,West Bengal,734,Darjeeling,734314,Tendrabong
1041,West Bengal,734,Darjeeling,734203,Mahanadi
1041,West Bengal,734,Darjeeling,734105,Mineral Spring
1041,West Bengal,734,Darjeeling,734429,Naksalbari
1041,West Bengal,734,Darjeeling,734014,Tarbandha
1041,West Bengal,734,Darjeeling,734421,Bagdogra Air port
1041,West Bengal,734,Darjeeling,734224,Tung
1041,West Bengal,734,Darjeeling,734008,Sitong
1041,West Bengal,734,Darjeeling,734209,Tamsing Dhura
1041,West Bengal,734,Darjeeling,734104,Udaigram
1041,West Bengal,734,Darjeeling,734201,Rimbick
1041,West Bengal,734,Darjeeling,734312,Tista Bridge
1041,West Bengal,734,Darjeeling,734221,Sukhiapokhari
1041,West Bengal,734,Darjeeling,734423,Putung
1041,West Bengal,734,Darjeeling,734424,Bendubi
1041,West Bengal,734,Darjeeling,734007,East Bhaktinagar
1041,West Bengal,734,Darjeeling,734101,Rose Bank
1041,West Bengal,734,Darjeeling,734102,Tamsang
1041,West Bengal,734,Darjeeling,734426,Rangali
1041,West Bengal,734,Darjeeling,734003,Pradhan Nagar
1041,West Bengal,734,Darjeeling,734436,Chathat
1041,West Bengal,734,Darjeeling,734223,Tindharia
1041,West Bengal,734,Darjeeling,734004,Siliguri Town
1041,West Bengal,734,Darjeeling,734220,St.Mary's hill
1041,West Bengal,734,Darjeeling,734001,Vivekanandapally
1041,West Bengal,734,Darjeeling,734215,Nagrispur
1041,West Bengal,734,Darjeeling,734121,Dooteriah
1041,West Bengal,734,Darjeeling,734214,Thurbo
1041,West Bengal,734,Darjeeling,734317,Echhey
1041,West Bengal,734,Darjeeling,734015,Satellite Township
1041,West Bengal,734,Darjeeling,734502,Gairibas
1041,West Bengal,734,Darjeeling,734226,Teesta Valley
1041,West Bengal,734,Darjeeling,734006,Rabindra Sarani
1041,West Bengal,734,Darjeeling,734009,Sukna
1041,West Bengal,734,Darjeeling,734434,Rangapani
1041,West Bengal,734,Darjeeling,734103,Rajbari
1041,West Bengal,734,Darjeeling,734217,Pankhabari
1041,West Bengal,734,Darjeeling,734005,Siliguri Bazar
1041,West Bengal,734,Darjeeling,734011,Kadamtala
1041,West Bengal,734,Darjeeling,734311,Sakyong
1041,West Bengal,734,Darjeeling,734320,Kalijhora
1041,West Bengal,734,Darjeeling,734401,Lake Town
1041,West Bengal,734,Darjeeling,734213,Singritam
1041,West Bengal,734,Darjeeling,734319,Lava
1041,West Bengal,734,Darjeeling,734316,Upper Dalapchand
1041,West Bengal,734,Darjeeling,734218,Singbulli
1041,West Bengal,734,Darjeeling,734010,Nemai
1041,West Bengal,734,Darjeeling,734313,School Dhura
1041,West Bengal,734,Darjeeling,734315,Munsong
1041,West Bengal,734,Darjeeling,734013,North Bengal university
1041,West Bengal,734,Darjeeling,734216,Selimbong
1041,West Bengal,734,Darjeeling,734122,Pulbazar
1041,West Bengal,734,Darjeeling,734123,Rangbull
1041,West Bengal,734,Darjeeling,734012,Sushrut Nagar
1041,West Bengal,734,Darjeeling,734321,Reang
1041,West Bengal,734,Darjeeling,734431,Sahabad
1041,West Bengal,734,Darjeeling,734227,Soureni Bazar
1041,West Bengal,734,Darjeeling,734222,Tinchuley
1041,West Bengal,734,Darjeeling,734124,Tukvar
1042,West Bengal,734,Jalpaiguri,734503,Todaygaon
1042,West Bengal,734,Jalpaiguri,734101,Jpg Hindustan ins.
1043,West Bengal,735,Cooch Behar,735224,Amguri Bazar
1043,West Bengal,735,Cooch Behar,735303,Uchalpukuri
1043,West Bengal,735,Cooch Behar,735304,Upen Chowki kuchlibari
1043,West Bengal,735,Cooch Behar,735122,Uttar Daribash
1043,West Bengal,735,Cooch Behar,735301,Doradabri
1043,West Bengal,735,Cooch Behar,735211,Lotapata
1044,West Bengal,735,Darjeeling,735231,Ambeok
1044,West Bengal,735,Darjeeling,735202,Bagrakote
1044,West Bengal,735,Darjeeling,735206,Kumai
1045,West Bengal,735,Jalpaiguri,735101,West Congress para
1045,West Bengal,735,Jalpaiguri,735216,Promodnagar
1045,West Bengal,735,Jalpaiguri,735210,Vidyashram
1045,West Bengal,735,Jalpaiguri,735201,Ambari Bagan
1045,West Bengal,735,Jalpaiguri,735218,Rajadanga
1045,West Bengal,735,Jalpaiguri,735251,Sulkapara
1045,West Bengal,735,Jalpaiguri,735217,Rajabhat Tea estate
1045,West Bengal,735,Jalpaiguri,735211,Talukertari
1045,West Bengal,735,Jalpaiguri,735220,Totopara
1045,West Bengal,735,Jalpaiguri,735302,Singimari
1045,West Bengal,735,Jalpaiguri,735122,Paschim Hemkumari
1045,West Bengal,735,Jalpaiguri,735121,Vivekananda Pally
1045,West Bengal,735,Jalpaiguri,735305,Putimari
1045,West Bengal,735,Jalpaiguri,735227,Rajabhatkhawa
1045,West Bengal,735,Jalpaiguri,735135,Sahudangirhat
1045,West Bengal,735,Jalpaiguri,735233,Purbaduramari
1045,West Bengal,735,Jalpaiguri,735224,Uttar Saptibari
1045,West Bengal,735,Jalpaiguri,735230,Neora
1045,West Bengal,735,Jalpaiguri,735206,Rango
1045,West Bengal,735,Jalpaiguri,735221,Mal
1045,West Bengal,735,Jalpaiguri,735133,Tahsildarbari
1045,West Bengal,735,Jalpaiguri,735137,Berubari
1045,West Bengal,735,Jalpaiguri,735203,Binnaguri
1045,West Bengal,735,Jalpaiguri,735232,Binnaguri Cantt
1045,West Bengal,735,Jalpaiguri,735204,Tukra Jateswar
1045,West Bengal,735,Jalpaiguri,735304,Mekhliganj
1045,West Bengal,735,Jalpaiguri,735132,Uttar Dhantala
1045,West Bengal,735,Jalpaiguri,735205,Sadhupur Chengmari
1045,West Bengal,735,Jalpaiguri,735219,Ramsaihat
1045,West Bengal,735,Jalpaiguri,735207,Chamurchi
1045,West Bengal,735,Jalpaiguri,735202,Chanda Company
1045,West Bengal,735,Jalpaiguri,735301,Kamat Changrabandha
1045,West Bengal,735,Jalpaiguri,735138,Chaulhati
1045,West Bengal,735,Jalpaiguri,735214,Uttar Mendabari
1045,West Bengal,735,Jalpaiguri,735208,Dalshingpara
1045,West Bengal,735,Jalpaiguri,735209,Damdim
1045,West Bengal,735,Jalpaiguri,735102,Mohitnagar
1045,West Bengal,735,Jalpaiguri,735213,Rangalibazna
1045,West Bengal,735,Jalpaiguri,735307,Dharampur
1045,West Bengal,735,Jalpaiguri,735225,Ramjhora
1045,West Bengal,735,Jalpaiguri,735231,Fagu
1045,West Bengal,735,Jalpaiguri,735134,Sawdavita
1045,West Bengal,735,Jalpaiguri,735212,Sakoajhora
1045,West Bengal,735,Jalpaiguri,735234,Gajaldoba
1045,West Bengal,735,Jalpaiguri,735140,Garalbari
1045,West Bengal,735,Jalpaiguri,735303,Joresimuli
1045,West Bengal,735,Jalpaiguri,735215,Madhubagan
1045,West Bengal,735,Jalpaiguri,735306,Helapakri
1045,West Bengal,735,Jalpaiguri,735222,Samsing
1045,West Bengal,735,Jalpaiguri,735235,Jalpesh Mandir
1045,West Bengal,735,Jalpaiguri,735136,Kharija Berubari
1045,West Bengal,735,Jalpaiguri,735223,Patharjhora
1045,West Bengal,735,Jalpaiguri,735139,Mandalghat
1045,West Bengal,735,Jalpaiguri,735226,Panabasti
1045,West Bengal,735,Jalpaiguri,735236,Ranirhat
1045,West Bengal,735,Jalpaiguri,735238,Rungamuttee
1045,West Bengal,735,Jalpaiguri,735228,Sailihat
1045,West Bengal,735,Jalpaiguri,735237,Sajnapara
1046,West Bengal,736,Cooch Behar,736156,Talliguri
1046,West Bengal,736,Cooch Behar,736157,Shildanga
1046,West Bengal,736,Cooch Behar,736133,Uttar Ambari
1046,West Bengal,736,Cooch Behar,736160,Uttar Andaranfulbari
1046,West Bengal,736,Cooch Behar,736146,South Bhangamore
1046,West Bengal,736,Cooch Behar,736159,Uttar Ghogarkuthi
1046,West Bengal,736,Cooch Behar,736145,Pakhihaga
1046,West Bengal,736,Cooch Behar,736131,Uttar Falimari
1046,West Bengal,736,Cooch Behar,736132,Balairhat
1046,West Bengal,736,Cooch Behar,736173,Balakandi
1046,West Bengal,736,Cooch Behar,736168,Tharaikhana
1046,West Bengal,736,Cooch Behar,736158,Sitalkuchi
1046,West Bengal,736,Cooch Behar,736101,Patakura
1046,West Bengal,736,Cooch Behar,736135,Subachanirpath
1046,West Bengal,736,Cooch Behar,736172,Shibpur
1046,West Bengal,736,Cooch Behar,736174,Baranachina
1046,West Bengal,736,Cooch Behar,736169,Tiadaha
1046,West Bengal,736,Cooch Behar,736134,Souldhukri
1046,West Bengal,736,Cooch Behar,736167,Sitaihat
1046,West Bengal,736,Cooch Behar,736165,Sukhdhanerkuthi
1046,West Bengal,736,Cooch Behar,736206,Chepani
1046,West Bengal,736,Cooch Behar,736177,Chilakhana
1046,West Bengal,736,Cooch Behar,736166,Chowdhurihat
1046,West Bengal,736,Cooch Behar,736170,Rashidanga
1046,West Bengal,736,Cooch Behar,736171,Unishbisha
1046,West Bengal,736,Cooch Behar,736175,Gitaldaha
1046,West Bengal,736,Cooch Behar,736121,Gopaldashat
1046,West Bengal,736,Cooch Behar,736204,Sonapur
1046,West Bengal,736,Cooch Behar,736176,Sahebganj
1046,West Bengal,736,Cooch Behar,736118,Khagrabari
1046,West Bengal,736,Cooch Behar,736179,New Cooch behar
1046,West Bengal,736,Cooch Behar,736180,Takagachh
1046,West Bengal,736,Cooch Behar,736181,Tapurhat
1047,West Bengal,736,Jalpaiguri,736121,Uttarpatkapara
1047,West Bengal,736,Jalpaiguri,736122,Ghagra
1047,West Bengal,736,Jalpaiguri,736123,Majherdabri
1047,West Bengal,736,Jalpaiguri,736206,Turturi
1047,West Bengal,736,Jalpaiguri,736207,Rampur
1047,West Bengal,736,Jalpaiguri,736203,Pukurigram
1047,West Bengal,736,Jalpaiguri,736208,Uttar Shibkhata
1047,West Bengal,736,Jalpaiguri,736202,Uttar Parokata
1047,West Bengal,736,Jalpaiguri,736201,Raidak
1047,West Bengal,736,Jalpaiguri,736204,Uttar Simlabari
1047,West Bengal,736,Jalpaiguri,736182,New Market jaigaon
1047,West Bengal,736,Jalpaiguri,736205,New Lands
1048,West Bengal,741,Nadia,741402,Tarapur
1048,West Bengal,741,Nadia,741137,Senpur
1048,West Bengal,741,Nadia,741245,Saguna
1048,West Bengal,741,Nadia,741317,Joania Bhaluka
1048,West Bengal,741,Nadia,741318,Amghata
1048,West Bengal,741,Nadia,741101,Ukilpara
1048,West Bengal,741,Nadia,741165,Topla
1048,West Bengal,741,Nadia,741125,Tatla
1048,West Bengal,741,Nadia,741253,Eruli
1048,West Bengal,741,Nadia,741255,Nandighat
1048,West Bengal,741,Nadia,741122,Natna Patabuka
1048,West Bengal,741,Nadia,741501,Purbanowpara
1048,West Bengal,741,Nadia,741121,Mamjaon
1048,West Bengal,741,Nadia,741126,Uttar Bahirgachhi
1048,West Bengal,741,Nadia,741404,Sutragarh
1048,West Bengal,741,Nadia,741161,Rampur
1048,West Bengal,741,Nadia,741316,Srirampur
1048,West Bengal,741,Nadia,741123,Talukhuda
1048,West Bengal,741,Nadia,741502,Ulashi
1048,West Bengal,741,Nadia,741183,Bahadurpur
1048,West Bengal,741,Nadia,741154,Suksagar
1048,West Bengal,741,Nadia,741152,Thanarpara
1048,West Bengal,741,Nadia,741155,Shyamnagar
1048,West Bengal,741,Nadia,741156,Tungi
1048,West Bengal,741,Nadia,741223,Silinda
1048,West Bengal,741,Nadia,741187,Baliadanga
1048,West Bengal,741,Nadia,741153,Matiari
1048,West Bengal,741,Nadia,741313,Sreemayapur
1048,West Bengal,741,Nadia,741124,Teghari
1048,West Bengal,741,Nadia,741503,Raghu Nandan pur
1048,West Bengal,741,Nadia,741150,Manikdihi
1048,West Bengal,741,Nadia,741196,Barachand Ghar
1048,West Bengal,741,Nadia,741221,Barajaguli
1048,West Bengal,741,Nadia,741504,Duttapulia
1048,West Bengal,741,Nadia,741168,Barnia
1048,West Bengal,741,Nadia,741507,Putikhali
1048,West Bengal,741,Nadia,741250,Kataganj
1048,West Bengal,741,Nadia,741256,Ranaghat Baidyapur
1048,West Bengal,741,Nadia,741103,Taranipur
1048,West Bengal,741,Nadia,741163,Lalbazar
1048,West Bengal,741,Nadia,741505,Hanskhali
1048,West Bengal,741,Nadia,741224,Bhagirathisilpaashram
1048,West Bengal,741,Nadia,741514,Bhajanghat
1048,West Bengal,741,Nadia,741181,Radhakantapur
1048,West Bengal,741,Nadia,741102,Saktinagar
1048,West Bengal,741,Nadia,741167,Sakdaha
1048,West Bengal,741,Nadia,741157,Plassey Sugar mill
1048,West Bengal,741,Nadia,741235,Kalyani University
1048,West Bengal,741,Nadia,741319,Bidyanagar
1048,West Bengal,741,Nadia,741138,Tentulberia
1048,West Bengal,741,Nadia,741127,Byaspur
1048,West Bengal,741,Nadia,741225,Birohiedso
1048,West Bengal,741,Nadia,741201,Siddheswaritala
1048,West Bengal,741,Nadia,741302,Tegharipara
1048,West Bengal,741,Nadia,741222,Sanyalchar
1048,West Bengal,741,Nadia,741510,Chandandaha
1048,West Bengal,741,Nadia,741509,Shibnibas
1048,West Bengal,741,Nadia,741162,Udaychandrapur
1048,West Bengal,741,Nadia,741169,Chanderghat
1048,West Bengal,741,Nadia,741248,Simurali
1048,West Bengal,741,Nadia,741202,Nasra
1048,West Bengal,741,Nadia,741151,Itaberia
1048,West Bengal,741,Nadia,741301,Ushidpur
1048,West Bengal,741,Nadia,741170,Charatala
1048,West Bengal,741,Nadia,741251,Netajisubhas Sanatorium
1048,West Bengal,741,Nadia,741160,Tehatta
1048,West Bengal,741,Nadia,741171,Chhoto Andulia
1048,West Bengal,741,Nadia,741232,Cooper's Camp
1048,West Bengal,741,Nadia,741192,Dakshin Bahirgachhi
1048,West Bengal,741,Nadia,741140,Rupdaha
1048,West Bengal,741,Nadia,741511,Daluabari
1048,West Bengal,741,Nadia,741158,Shikarpur
1048,West Bengal,741,Nadia,741164,Tilakpur
1048,West Bengal,741,Nadia,741238,Uzirpukuria
1048,West Bengal,741,Nadia,741139,Dhubulia
1048,West Bengal,741,Nadia,741508,Nadiasumalia
1048,West Bengal,741,Nadia,741257,Nimtala Bazar
1048,West Bengal,741,Nadia,741401,Dignagar
1048,West Bengal,741,Nadia,741185,Dogachhi
1048,West Bengal,741,Nadia,741506,Tangra
1048,West Bengal,741,Nadia,741249,Subarnapur
1048,West Bengal,741,Nadia,741405,Fulia Boyra
1048,West Bengal,741,Nadia,741315,Swarupganj
1048,West Bengal,741,Nadia,741234,Gayeshpur
1048,West Bengal,741,Nadia,741512,Gobindapur
1048,West Bengal,741,Nadia,741188,Gobrapota
1048,West Bengal,741,Nadia,741403,Habibpur
1048,West Bengal,741,Nadia,741173,Hanspukuria
1048,West Bengal,741,Nadia,741246,Mohanpur
1048,West Bengal,741,Nadia,741189,Haripur Chhitka
1048,West Bengal,741,Nadia,741513,Hatbahirgachi
1048,West Bengal,741,Nadia,741203,Jm Nokari
1048,West Bengal,741,Nadia,741254,Kamgachi
1048,West Bengal,741,Nadia,741166,Seemanagar
1048,West Bengal,741,Nadia,741184,Kalirhat
1048,West Bengal,741,Nadia,741172,Kechuadanga
1048,West Bengal,741,Nadia,741252,Krishivisyavidyalaya
1048,West Bengal,741,Nadia,741258,Noapara
1048,West Bengal,741,Nadia,741247,Pritinagar
1048,West Bengal,741,Nadia,741515,Shibnarayanpur
1048,West Bengal,741,Nadia,741191,Shibpur
1048,West Bengal,741,Nadia,741159,Taherpur
1048,West Bengal,741,Nadia,741516,Taldaha
1049,West Bengal,742,Murshidabad,742122,Singheswari Gouripur
1049,West Bengal,742,Murshidabad,742227,Ramna Sekhdighi
1049,West Bengal,742,Murshidabad,742226,Suki
1049,West Bengal,742,Murshidabad,742234,Ahiran
1049,West Bengal,742,Murshidabad,742223,Sadekpur
1049,West Bengal,742,Murshidabad,742135,Shyampur Nutanpara
1049,West Bengal,742,Murshidabad,742224,Nimtita Joykrishnapur
1049,West Bengal,742,Murshidabad,742301,Talgram
1049,West Bengal,742,Murshidabad,742113,Sripat Singh college
1049,West Bengal,742,Murshidabad,742406,Shibnagar Laskarpur
1049,West Bengal,742,Murshidabad,742136,Mahurul Anantapur
1049,West Bengal,742,Murshidabad,742121,Raipur-mirpur
1049,West Bengal,742,Murshidabad,742202,Tinpukuria
1049,West Bengal,742,Murshidabad,742168,Nabadurga
1049,West Bengal,742,Murshidabad,742138,Mahadia
1049,West Bengal,742,Murshidabad,742231,Gofurpur
1049,West Bengal,742,Murshidabad,742148,Upar Fatepur
1049,West Bengal,742,Murshidabad,742157,Uttar Gopinathpur
1049,West Bengal,742,Murshidabad,742201,Puropara
1049,West Bengal,742,Murshidabad,742147,Margram
1049,West Bengal,742,Murshidabad,742302,Tentulia
1049,West Bengal,742,Murshidabad,742187,Tikiapara
1049,West Bengal,742,Murshidabad,742308,Sekhpara
1049,West Bengal,742,Murshidabad,742163,Sompara
1049,West Bengal,742,Murshidabad,742212,Tildanga
1049,West Bengal,742,Murshidabad,742165,Rajdharpara
1049,West Bengal,742,Murshidabad,742237,Pilky
1049,West Bengal,742,Murshidabad,742306,Shibnagar
1049,West Bengal,742,Murshidabad,742102,Sundipur
1049,West Bengal,742,Murshidabad,742235,Tanti Birol
1049,West Bengal,742,Murshidabad,742213,Sanmatinagar
1049,West Bengal,742,Murshidabad,742109,Barua
1049,West Bengal,742,Murshidabad,742132,Senai
1049,West Bengal,742,Murshidabad,742133,Naupukuria
1049,West Bengal,742,Murshidabad,742175,Trimohini
1049,West Bengal,742,Murshidabad,742140,Rajarampur Monoharpur
1049,West Bengal,742,Murshidabad,742101,S.S.sen road
1049,West Bengal,742,Murshidabad,742134,Sujapur
1049,West Bengal,742,Murshidabad,742149,Talgachi
1049,West Bengal,742,Murshidabad,742303,Sadi Khan diar
1049,West Bengal,742,Murshidabad,742181,Targram
1049,West Bengal,742,Murshidabad,742161,Tarapur
1049,West Bengal,742,Murshidabad,742405,Srikrishnapur
1049,West Bengal,742,Murshidabad,742307,Chhaighari
1049,West Bengal,742,Murshidabad,742182,Choa
1049,West Bengal,742,Murshidabad,742305,Udaynagar Colony
1049,West Bengal,742,Murshidabad,742104,Kiriteswari
1049,West Bengal,742,Murshidabad,742103,Saidabad
1049,West Bengal,742,Murshidabad,742174,Sarbangapur
1049,West Bengal,742,Murshidabad,742123,Rampur
1049,West Bengal,742,Murshidabad,742401,Ujunia
1049,West Bengal,742,Murshidabad,742173,Ekghoria Khanqua
1049,West Bengal,742,Murshidabad,742225,Raghunathganj Bazar
1049,West Bengal,742,Murshidabad,742166,Tartipur
1049,West Bengal,742,Murshidabad,742229,Ghorshala
1049,West Bengal,742,Murshidabad,742230,Giria
1049,West Bengal,742,Murshidabad,742188,Goaljan
1049,West Bengal,742,Murshidabad,742304,Tezsinghapur
1049,West Bengal,742,Murshidabad,742179,Habaspur
1049,West Bengal,742,Murshidabad,742177,Hareknagar
1049,West Bengal,742,Murshidabad,742131,Hazarpur Nabagram
1049,West Bengal,742,Murshidabad,742403,Kagram
1049,West Bengal,742,Murshidabad,742137,Rasorah
1049,West Bengal,742,Murshidabad,742191,Kashipur
1049,West Bengal,742,Murshidabad,742404,Tenya
1049,West Bengal,742,Murshidabad,742185,Krishnapur
1049,West Bengal,742,Murshidabad,742184,Kuli
1049,West Bengal,742,Murshidabad,742150,Kurmitola
1049,West Bengal,742,Murshidabad,742000,Siteshnagar
1049,West Bengal,742,Murshidabad,742176,Madda
1049,West Bengal,742,Murshidabad,742172,Mahadebbati
1049,West Bengal,742,Murshidabad,742232,Mahadebnagar
1049,West Bengal,742,Murshidabad,742180,Mahalandi
1049,West Bengal,742,Murshidabad,742178,Mahisasthali
1049,West Bengal,742,Murshidabad,742190,Mirzapur
1049,West Bengal,742,Murshidabad,742236,Ntpc Farakka
1049,West Bengal,742,Murshidabad,742286,Nashipur Balagachi
1049,West Bengal,742,Murshidabad,742160,Nashipur Rajbati
1049,West Bengal,742,Murshidabad,742183,Nowda
1049,West Bengal,742,Murshidabad,742162,Patikabari
1049,West Bengal,742,Murshidabad,742220,Pundi
1049,West Bengal,742,Murshidabad,742171,Purandarpur
1049,West Bengal,742,Murshidabad,742164,Roshanbagh
1049,West Bengal,742,Murshidabad,742170,Satitara
1049,West Bengal,742,Murshidabad,742402,Talibpur
1050,West Bengal,743,North 24 parganas,743456,Phulboniabad
1050,West Bengal,743,North 24 parganas,743425,Uchildah
1050,West Bengal,743,North 24 parganas,743221,Sadhanpur Uludanga
1050,West Bengal,743,North 24 parganas,743248,Duttapukur
1050,West Bengal,743,North 24 parganas,743276,Sajirhat
1050,West Bengal,743,North 24 parganas,743710,Panchberia
1050,West Bengal,743,North 24 parganas,743263,Salua Govt. colony
1050,West Bengal,743,North 24 parganas,743249,Rampur Bhatpara
1050,West Bengal,743,North 24 parganas,743435,Takimamudpur
1050,West Bengal,743,North 24 parganas,743251,Tangra Colony
1050,West Bengal,743,North 24 parganas,743445,Sodarpur-behala
1050,West Bengal,743,North 24 parganas,743273,Sutia Barasat
1050,West Bengal,743,North 24 parganas,743144,P.S.bureau
1050,West Bengal,743,North 24 parganas,743401,Taragunia
1050,West Bengal,743,North 24 parganas,743235,Subhashnagar
1050,West Bengal,743,North 24 parganas,743486,Nehalpur
1050,West Bengal,743,North 24 parganas,743222,Iswarigacha
1050,West Bengal,743,North 24 parganas,743446,Tushklali
1050,West Bengal,743,North 24 parganas,743438,Parpatna
1050,West Bengal,743,North 24 parganas,743128,Athpur
1050,West Bengal,743,North 24 parganas,743427,Sayestanagar
1050,West Bengal,743,North 24 parganas,743413,Badartala
1050,West Bengal,743,North 24 parganas,743232,Mashyampur
1050,West Bengal,743,North 24 parganas,743145,Saliadaha
1050,West Bengal,743,North 24 parganas,743423,Sohai Kumarpur
1050,West Bengal,743,North 24 parganas,743245,Tetulbaria
1050,West Bengal,743,North 24 parganas,743262,Simulia
1050,West Bengal,743,North 24 parganas,743702,Rajibpur
1050,West Bengal,743,North 24 parganas,743706,Bamangachi
1050,West Bengal,743,North 24 parganas,743442,South Sikargheri
1050,West Bengal,743,North 24 parganas,743270,Nataberia
1050,West Bengal,743,North 24 parganas,743286,Swarupnagar
1050,West Bengal,743,North 24 parganas,743233,Jesur Jeoldanga
1050,West Bengal,743,North 24 parganas,743247,Salua
1050,West Bengal,743,North 24 parganas,743426,Sulkuniabad
1050,West Bengal,743,North 24 parganas,743411,Basirhat Bazar
1050,West Bengal,743,North 24 parganas,743412,Karnolkora
1050,West Bengal,743,North 24 parganas,743414,Basirhat Rs
1050,West Bengal,743,North 24 parganas,743701,Suria
1050,West Bengal,743,North 24 parganas,743122,Bengal Enamel
1050,West Bengal,743,North 24 parganas,743422,Zirakpur
1050,West Bengal,743,North 24 parganas,743439,Uttar Malikanghumti
1050,West Bengal,743,North 24 parganas,743290,Taranipur
1050,West Bengal,743,North 24 parganas,743502,Bhangar (nf)
1050,West Bengal,743,North 24 parganas,743123,Muktarpur
1050,West Bengal,743,North 24 parganas,743234,Talsa
1050,West Bengal,743,North 24 parganas,743299,Bithari
1050,West Bengal,743,North 24 parganas,743294,Nimdaria
1050,West Bengal,743,North 24 parganas,743405,Petrapole
1050,West Bengal,743,North 24 parganas,743440,Chakla
1050,West Bengal,743,North 24 parganas,743291,Rajendrapur
1050,West Bengal,743,North 24 parganas,743424,Secondranagar
1050,West Bengal,743,North 24 parganas,743287,Thakurnagar
1050,West Bengal,743,North 24 parganas,743429,Takipur
1050,West Bengal,743,North 24 parganas,743130,Dogachia
1050,West Bengal,743,North 24 parganas,743124,Esd (m)
1050,West Bengal,743,North 24 parganas,743293,Kachua Swarupnagar
1050,West Bengal,743,North 24 parganas,743127,Purbabidyadharpur
1050,West Bengal,743,North 24 parganas,743129,Fingapara
1050,West Bengal,743,North 24 parganas,743252,Sarkarpara Kuthipara
1050,West Bengal,743,North 24 parganas,743133,Pinkal
1050,West Bengal,743,North 24 parganas,743289,Uludanga
1050,West Bengal,743,North 24 parganas,743708,Golabari Bazar
1050,West Bengal,743,North 24 parganas,743125,Jagatdal
1050,West Bengal,743,North 24 parganas,743166,Ramghat
1050,West Bengal,743,North 24 parganas,743292,Sibhati
1050,West Bengal,743,North 24 parganas,743704,Prithiba
1050,West Bengal,743,North 24 parganas,743268,Habra Prafulla nagar
1050,West Bengal,743,North 24 parganas,743443,Hadipur
1050,West Bengal,743,North 24 parganas,743134,Halishahar
1050,West Bengal,743,North 24 parganas,743223,Haripur
1050,West Bengal,743,North 24 parganas,743269,Hatthuba
1050,West Bengal,743,North 24 parganas,743135,Lalkuthi
1050,West Bengal,743,North 24 parganas,743271,Sonakenia
1050,West Bengal,743,North 24 parganas,743288,Janaphul
1050,West Bengal,743,North 24 parganas,743272,Sendanga
1050,West Bengal,743,North 24 parganas,743193,Kampa
1050,West Bengal,743,North 24 parganas,743126,Padmalavpur
1050,West Bengal,743,North 24 parganas,743194,Ramlakshi Busti lane
1050,West Bengal,743,North 24 parganas,743428,Zafarpur
1050,West Bengal,743,North 24 parganas,743274,Kumra Kashipur
1050,West Bengal,743,North 24 parganas,743244,Mathuadham Mondalpara
1050,West Bengal,743,North 24 parganas,743441,Minakhan
1050,West Bengal,743,North 24 parganas,743700,Mirhati
1050,West Bengal,743,North 24 parganas,743297,Thoara
1050,West Bengal,743,North 24 parganas,743136,Nabanagar
1050,West Bengal,743,North 24 parganas,743165,Puranandapally
1050,West Bengal,743,North 24 parganas,743744,Pifa
1050,West Bengal,743,North 24 parganas,743295,Sabdalpur
1050,West Bengal,743,North 24 parganas,743703,Tentulia
1051,West Bengal,743,South 24 parganas,743368,Sarisha
1051,West Bengal,743,South 24 parganas,743383,Uttar Kankandighi
1051,West Bengal,743,South 24 parganas,743329,Titkumar
1051,West Bengal,743,South 24 parganas,743347,Uttar Gopalnagar
1051,West Bengal,743,South 24 parganas,743355,Urel Chandpur
1051,West Bengal,743,South 24 parganas,743370,Uttardanga
1051,West Bengal,743,South 24 parganas,743337,Tilpi
1051,West Bengal,743,South 24 parganas,743378,Sumatinagar
1051,West Bengal,743,South 24 parganas,743312,Sonakhali
1051,West Bengal,743,South 24 parganas,743304,Seorahati
1051,West Bengal,743,South 24 parganas,743336,Uttar Ballavpur
1051,West Bengal,743,South 24 parganas,743503,Uttar Kasthamahal
1051,West Bengal,743,South 24 parganas,743377,Sonariania
1051,West Bengal,743,South 24 parganas,743374,Tepakhali
1051,West Bengal,743,South 24 parganas,743513,Sitalatala Rajarampur
1051,West Bengal,743,South 24 parganas,743349,Sridurganagar
1051,West Bengal,743,South 24 parganas,743357,Shirnagarabad
1051,West Bengal,743,South 24 parganas,743372,Tasarala
1051,West Bengal,743,South 24 parganas,743610,Tentulia
1051,West Bengal,743,South 24 parganas,743399,Uttar Shibrampur
1051,West Bengal,743,South 24 parganas,743318,Rania Gobindapur
1051,West Bengal,743,South 24 parganas,743354,Uttar Lakshminarayanpur
1051,West Bengal,743,South 24 parganas,743338,Thakurchak
1051,West Bengal,743,South 24 parganas,743502,Uttar Madhabpur
1051,West Bengal,743,South 24 parganas,743371,Uttarsitaram Pur
1051,West Bengal,743,South 24 parganas,743375,Uttar Kusum
1051,West Bengal,743,South 24 parganas,743363,Narayanpur
1051,West Bengal,743,South 24 parganas,743352,Uttar Rajarampur
1051,West Bengal,743,South 24 parganas,743611,Sambhunagar
1051,West Bengal,743,South 24 parganas,743384,Bawali
1051,West Bengal,743,South 24 parganas,743395,Suta Becha
1051,West Bengal,743,South 24 parganas,743389,Uttar Raipur
1051,West Bengal,743,South 24 parganas,743376,Thakuraniberia
1051,West Bengal,743,South 24 parganas,743348,Tangrachar
1051,West Bengal,743,South 24 parganas,743613,South Garia
1051,West Bengal,743,South 24 parganas,743601,Rangilabad
1051,West Bengal,743,South 24 parganas,743345,Krishnanagar
1051,West Bengal,743,South 24 parganas,743507,Bodra
1051,West Bengal,743,South 24 parganas,743330,Tarda Kapasati
1051,West Bengal,743,South 24 parganas,743331,Fakir Chand college
1051,West Bengal,743,South 24 parganas,743396,Dhosa
1051,West Bengal,743,South 24 parganas,743351,Sitarampur
1051,West Bengal,743,South 24 parganas,743339,Freser Ganj
1051,West Bengal,743,South 24 parganas,743606,Gangasagar
1051,West Bengal,743,South 24 parganas,743356,Mud Point
1051,West Bengal,743,South 24 parganas,743391,Gocharan
1051,West Bengal,743,South 24 parganas,743398,Kanya Nagar
1051,West Bengal,743,South 24 parganas,743603,Kautala
1051,West Bengal,743,South 24 parganas,743390,Mansadwip
1051,West Bengal,743,South 24 parganas,743392,Muri Ganga
1051,West Bengal,743,South 24 parganas,743385,Sarberia
